# Blender 5.1.1
# www.blender.org
mtllib shuttle.mtl
o Cube
v 1.000000 1.000000 -1.000000
v 1.000000 -1.000000 -1.000000
v 1.000000 1.000000 1.000000
v 1.000000 -1.000000 1.000000
v -1.000000 1.000000 -1.000000
v -1.000000 -1.000000 -1.000000
v -1.000000 1.000000 1.000000
v -1.000000 -1.000000 1.000000
vn -0.0000 1.0000 -0.0000
vn -0.0000 -0.0000 1.0000
vn -1.0000 -0.0000 -0.0000
vn -0.0000 -1.0000 -0.0000
vn 1.0000 -0.0000 -0.0000
vn -0.0000 -0.0000 -1.0000
vt 0.625000 0.500000
vt 0.875000 0.500000
vt 0.875000 0.750000
vt 0.625000 0.750000
vt 0.375000 0.750000
vt 0.625000 1.000000
vt 0.375000 1.000000
vt 0.375000 0.000000
vt 0.625000 0.000000
vt 0.625000 0.250000
vt 0.375000 0.250000
vt 0.125000 0.500000
vt 0.375000 0.500000
vt 0.125000 0.750000
s 0
usemtl Material
f 1/1/1 5/2/1 7/3/1 3/4/1
f 4/5/2 3/4/2 7/6/2 8/7/2
f 8/8/3 7/9/3 5/10/3 6/11/3
f 6/12/4 2/13/4 4/5/4 8/14/4
f 2/13/5 1/1/5 3/4/5 4/5/5
f 6/11/6 5/10/6 1/1/6 2/13/6
o Plane001__01_-_Default_0
v 0.825013 0.184966 4.349112
v 0.792939 -0.085648 4.684364
v 1.127109 -0.077328 4.311425
v 1.522158 -0.063667 3.636612
v 0.882485 0.609707 3.634360
v 0.853826 0.421229 3.981334
v 1.342438 -0.070241 3.993748
v 1.767720 -0.046931 2.491303
v 0.965415 1.061822 2.484589
v 0.935556 0.926989 2.944990
v 1.720517 -0.051525 2.904096
v 1.782825 -0.044419 2.055916
v 0.997741 1.141424 2.095093
v 1.783452 -0.042244 1.678792
v 1.783708 -0.040408 0.866279
v 1.081225 1.240729 0.992151
v 1.026627 1.190398 1.676005
v 1.783708 -0.040408 0.866279
v 1.783708 -0.040408 0.837830
v 1.121410 1.252861 0.963837
v 1.081225 1.240729 0.992151
v 1.783708 -0.040408 0.837830
v 1.783598 -0.039624 0.579596
v 1.120518 1.252824 0.579596
v 1.121410 1.252861 0.963837
v 1.157989 -0.138579 4.295427
v 1.342438 -0.131182 3.993748
v 1.342438 -0.070241 3.993748
v 1.127109 -0.077328 4.311425
v 0.772791 -0.085829 4.692487
v 0.002131 -0.085829 4.692487
v 0.002131 -0.148175 4.707449
v 0.817660 -0.148175 4.707450
v 0.790847 -0.095934 4.694912
v 1.521556 -0.124636 3.638116
v 1.522158 -0.063667 3.636612
v 1.767720 -0.107871 2.491303
v 1.767720 -0.046931 2.491303
v 1.720517 -0.051525 2.904096
v 1.720682 -0.112454 2.903308
v 1.782837 -0.105357 2.055305
v 1.782825 -0.044419 2.055916
v 1.783452 -0.103185 1.678792
v 1.783708 -0.101349 0.866279
v 1.783708 -0.040408 0.866279
v 1.783452 -0.042244 1.678792
v 1.783708 -0.101349 0.866279
v 1.783708 -0.101349 0.837830
v 1.783708 -0.040408 0.837830
v 1.783708 -0.040408 0.866279
v 1.783858 -0.101349 0.579596
v 1.783598 -0.039624 0.579596
v 1.783708 -0.040408 0.837830
v 1.783708 -0.101349 0.837830
v 1.786384 -0.101350 -4.669188
v 1.786377 -0.040388 -4.669188
v 1.785771 -0.040581 -4.172206
v 1.784887 -0.103334 -4.084100
v 0.996639 -0.494501 3.869705
v 1.080235 -0.754895 3.090981
v 1.342438 -0.131182 3.993748
v 1.157989 -0.138579 4.295427
v 1.123299 -0.885020 1.983890
v 1.629497 -0.118331 3.295582
v 1.521556 -0.124636 3.638116
v 1.144307 -0.945299 0.889147
v 1.767720 -0.107871 2.491303
v 1.720682 -0.112454 2.903308
v 1.154511 -0.942260 0.261597
v 1.783452 -0.103185 1.678792
v 1.782837 -0.105357 2.055305
v 1.325660 -0.145501 -4.579597
v 1.773700 -0.041735 -4.680653
v 1.322668 -0.206918 -4.580288
v 0.541711 -0.754895 3.090981
v 0.002131 -0.754895 3.090981
v 0.002131 -0.885020 1.983890
v 1.123299 -0.885020 1.983890
v 1.080235 -0.754895 3.090981
v 0.002131 -0.941117 0.965107
v 0.087528 -0.945299 0.889147
v 0.947307 -0.945299 0.889147
v 1.144307 -0.945299 0.889147
v 0.002131 -0.887962 -3.310285
v 0.002131 -0.887186 -4.453094
v 1.156412 -0.887189 -4.453095
v 1.156092 -0.887962 -3.681878
v 0.712044 -0.887962 -3.677910
v 0.567978 -0.887962 -3.319727
v 0.177148 1.362551 -4.063829
v 0.175138 1.268681 -4.149940
v 0.002131 1.270694 -4.148699
v 0.002131 1.364433 -4.062678
v 0.941210 -0.705508 -4.463829
v 1.773521 -0.101437 -4.680669
v 1.145363 -0.881306 -4.464516
v 0.002131 -0.875755 -4.464477
v 0.002131 -0.711050 -4.463869
v 1.232131 0.201324 -4.549410
v 1.591557 0.206877 -4.620894
v 1.310235 -0.208422 -4.569154
v 0.930448 -0.698959 -4.454238
v 1.303084 -0.211303 -4.568077
v 1.304730 -0.148061 -4.566763
v 1.205422 0.198828 -4.543250
v 1.220087 0.201801 -4.537912
v 1.313491 -0.145384 -4.568497
v 0.910442 1.131578 -4.402767
v 0.790847 -0.095934 4.694912
v 0.817660 -0.148175 4.707450
v 0.792939 -0.085648 4.684364
v 0.817660 -0.148175 4.707450
v 0.928225 -0.314869 4.304228
v 0.817660 -0.148175 4.707450
v 0.002131 -0.148175 4.707449
v 0.002131 -0.317351 4.298223
v 0.558099 -0.315860 4.301828
v 0.928225 -0.314869 4.304228
v 1.629497 -0.118331 3.295582
v 1.629497 -0.057390 3.295582
v 1.629497 -0.057390 3.295582
v 0.910436 0.782284 3.301661
v 0.002131 1.200457 1.675983
v 0.002131 1.153394 2.082269
v 0.978338 1.151322 2.095249
v 1.007582 1.200457 1.675983
v 0.567978 -0.887962 -3.319727
v 0.712044 -0.887962 -3.677910
v 0.712044 -0.939342 -3.677910
v 0.567978 -0.939342 -3.319727
v 0.712044 -0.887962 -3.677910
v 1.156092 -0.887962 -3.681878
v 1.156092 -0.939342 -3.681878
v 0.712044 -0.939342 -3.677910
v 0.567978 -0.887962 -3.319727
v 0.567978 -0.939342 -3.319727
v 0.002131 -0.939342 -3.310285
v 0.002131 -0.887962 -3.310285
v 1.156092 -0.939342 -3.681878
v 1.156092 -0.887962 -3.681878
v 1.156064 -0.939378 -3.615921
v 0.567978 -0.939342 -3.319727
v 0.712044 -0.939342 -3.677910
v 1.156092 -0.939342 -3.681878
v 0.956839 -0.939575 -3.196487
v 0.087528 -0.939598 -3.196425
v 0.002131 -0.939384 -3.272595
v 0.002131 -0.939342 -3.310285
v 0.972379 -0.941168 -0.719300
v 0.968562 -0.940607 -1.029782
v 1.154677 -0.941069 -0.376940
v 0.972449 -0.941033 -0.687777
v 0.974621 -0.941281 -0.402983
v 1.154677 -0.941069 -0.376940
v 0.968237 -0.941829 -0.121727
v 0.961278 -0.942476 0.219457
v 1.154511 -0.942260 0.261597
v 0.955493 -0.943851 0.510930
v 0.087528 -0.945299 0.889147
v 0.098994 -0.925725 0.872472
v 0.490945 -0.925725 0.872472
v 0.904393 -0.925725 0.872472
v 0.947307 -0.945299 0.889147
v 0.920459 -0.920558 -2.292040
v 0.961654 -0.940327 -2.292035
v 0.964083 -0.940421 -2.014281
v 0.922567 -0.920742 -2.013106
v 0.100465 -0.920079 -3.174038
v 0.087528 -0.939598 -3.196425
v 0.956839 -0.939575 -3.196487
v 0.915694 -0.920143 -3.172914
v 0.972379 -0.941168 -0.719300
v 0.928909 -0.921313 -0.719893
v 0.925674 -0.921067 -1.013962
v 0.968562 -0.940607 -1.029782
v 0.968237 -0.941829 -0.121727
v 0.925545 -0.922129 -0.121375
v 0.931844 -0.921593 -0.403428
v 0.974621 -0.941281 -0.402983
v 0.955493 -0.943851 0.510930
v 0.912181 -0.924057 0.510207
v 0.918001 -0.922810 0.218723
v 0.961278 -0.942476 0.219457
v 0.551430 -0.494501 3.869705
v 0.996639 -0.494501 3.869705
v 0.558099 -0.282668 4.293261
v 0.558099 -0.315860 4.301828
v 0.002131 -0.317351 4.298223
v 0.002131 -0.317351 4.298223
v 0.002131 -0.284159 4.289656
v 0.558099 -0.282668 4.293261
v 0.558099 -0.282668 4.293261
v 0.551430 -0.461309 3.861139
v 0.551430 -0.494501 3.869705
v 0.558099 -0.315860 4.301828
v 0.551430 -0.461309 3.861139
v 0.541711 -0.721703 3.082415
v 0.541711 -0.754895 3.090981
v 0.551430 -0.494501 3.869705
v 0.002131 -0.284159 4.289656
v 0.002131 -0.471733 3.829276
v 0.551430 -0.461309 3.861139
v 0.558099 -0.282668 4.293261
v 0.635132 0.429809 3.981117
v 0.626770 0.193043 4.350075
v 0.802989 0.192922 4.350241
v 0.832426 0.429809 3.981117
v 0.644315 0.615763 3.639623
v 0.861310 0.618307 3.634627
v 0.654884 0.791379 3.301064
v 0.889653 0.791324 3.301563
v 0.665504 0.936546 2.944806
v 0.915210 0.936321 2.945351
v 0.677500 1.071458 2.484531
v 0.945573 1.071458 2.484531
v 0.624171 0.411392 3.957692
v 0.615952 0.179120 4.319646
v 0.626770 0.193043 4.350075
v 0.626770 0.193043 4.350075
v 0.635132 0.429809 3.981117
v 0.624171 0.411392 3.957692
v 0.633198 0.593816 3.622681
v 0.624171 0.411392 3.957692
v 0.635132 0.429809 3.981117
v 0.635132 0.429809 3.981117
v 0.644315 0.615763 3.639623
v 0.633198 0.593816 3.622681
v 0.643586 0.766247 3.290828
v 0.633198 0.593816 3.622681
v 0.644315 0.615763 3.639623
v 0.644315 0.615763 3.639623
v 0.654884 0.791379 3.301064
v 0.643586 0.766247 3.290828
v 0.654024 0.908510 2.941052
v 0.643586 0.766247 3.290828
v 0.654884 0.791379 3.301064
v 0.654884 0.791379 3.301064
v 0.665504 0.936546 2.944806
v 0.654024 0.908510 2.941052
v 0.665815 1.040860 2.487966
v 0.677500 1.071458 2.484531
v 0.002131 1.071458 2.484531
v 0.002131 1.071458 2.484531
v 0.002131 1.040860 2.487966
v 0.665815 1.040860 2.487966
v 0.665815 1.040860 2.487966
v 0.654024 0.908510 2.941052
v 0.665504 0.936546 2.944806
v 0.665504 0.936546 2.944806
v 0.677500 1.071458 2.484531
v 0.665815 1.040860 2.487966
v 0.002131 0.928598 2.918187
v 0.654024 0.908510 2.941052
v 0.665815 1.040860 2.487966
v 0.002131 1.040860 2.487966
v 0.002131 0.431644 3.927242
v 0.624171 0.411392 3.957692
v 0.633198 0.593816 3.622681
v 0.002131 0.620409 3.581671
v 1.783858 -0.101349 0.579596
v 1.783708 -0.101349 0.837830
v 1.644233 -0.287539 0.579423
v 1.783708 -0.101349 0.866279
v 0.772791 -0.085829 4.692487
v 0.790847 -0.095934 4.694912
v 0.792939 -0.085648 4.684364
v 0.825013 0.184966 4.349112
v 0.802989 0.192922 4.350241
v 0.772791 -0.085829 4.692487
v 0.792939 -0.085648 4.684364
v 0.882485 0.609707 3.634360
v 0.861310 0.618307 3.634627
v 0.832426 0.429809 3.981117
v 0.853826 0.421229 3.981334
v 0.965415 1.061822 2.484589
v 0.945573 1.071458 2.484531
v 0.915210 0.936321 2.945351
v 0.935556 0.926989 2.944990
v 0.997741 1.141424 2.095093
v 0.978338 1.151322 2.095249
v 1.081225 1.240729 0.992151
v 1.062729 1.250991 0.993160
v 1.007582 1.200457 1.675983
v 1.026627 1.190398 1.676005
v 1.121410 1.252861 0.963837
v 1.103220 1.263251 0.964849
v 1.062729 1.250991 0.993160
v 1.081225 1.240729 0.992151
v 1.120518 1.252824 0.579596
v 1.102299 1.263249 0.579524
v 1.103220 1.263251 0.964849
v 1.103220 1.263251 0.964849
v 1.121410 1.252861 0.963837
v 1.120518 1.252824 0.579596
v 0.910436 0.782284 3.301661
v 0.889653 0.791324 3.301563
v 0.187637 1.373106 -1.734854
v 0.201326 1.364608 -1.715653
v 0.177148 1.362551 -4.063829
v 0.177148 1.362551 -4.063829
v 0.163855 1.371070 -4.044546
v 0.187637 1.373106 -1.734854
v 0.002131 1.262919 -1.610313
v 0.203436 1.262469 -1.610446
v 0.201699 1.270899 -1.629615
v 0.201699 1.270899 -1.629615
v 0.002131 1.271356 -1.629530
v 0.002131 1.262919 -1.610313
v 0.002131 1.365016 -1.715549
v 0.201326 1.364608 -1.715653
v 0.187637 1.373106 -1.734854
v 0.187637 1.373106 -1.734854
v 0.002131 1.373458 -1.734768
v 0.002131 1.365016 -1.715549
v 1.591557 0.206877 -4.620894
v 1.603981 0.205076 -4.612101
v 1.786377 -0.040388 -4.669188
v 1.786377 -0.040388 -4.669188
v 1.773700 -0.041735 -4.680653
v 1.591557 0.206877 -4.620894
v 1.786384 -0.101350 -4.669188
v 1.773521 -0.101437 -4.680669
v 1.773700 -0.041735 -4.680653
v 1.773700 -0.041735 -4.680653
v 1.786377 -0.040388 -4.669188
v 1.786384 -0.101350 -4.669188
v 1.773521 -0.101437 -4.680669
v 1.786384 -0.101350 -4.669188
v 1.156412 -0.887189 -4.453095
v 1.156412 -0.887189 -4.453095
v 1.145363 -0.881306 -4.464516
v 1.773521 -0.101437 -4.680669
v 1.310235 -0.208422 -4.569154
v 1.322668 -0.206918 -4.580288
v 0.941210 -0.705508 -4.463829
v 0.930448 -0.698959 -4.454238
v 1.220087 0.201801 -4.537912
v 1.232131 0.201324 -4.549410
v 1.325660 -0.145501 -4.579597
v 1.313491 -0.145384 -4.568497
v 0.258282 1.140543 -4.415336
v 0.920331 1.138920 -4.414130
v 0.910442 1.131578 -4.402767
v 0.258856 1.128750 -4.404174
v 0.002131 1.142858 -4.413946
v 0.160923 1.139408 -4.416602
v 0.160616 1.128324 -4.404386
v 0.002131 1.131413 -4.402488
v 0.910442 1.131578 -4.402767
v 0.920331 1.138920 -4.414130
v 1.232131 0.201324 -4.549410
v 1.220087 0.201801 -4.537912
v 1.446028 -0.550394 0.573675
v 1.445576 -0.550394 0.197142
v 1.642479 -0.287539 0.573915
v 1.445641 -0.550394 0.010714
v 1.782438 -0.101349 0.010925
v 1.782103 -0.101349 0.574084
v 1.781600 -0.037878 0.010925
v 1.117403 1.252829 0.010925
v 1.118763 1.252824 0.574084
v 1.781844 -0.039624 0.574084
v 1.782438 -0.101349 0.010925
v 1.781600 -0.037878 0.010925
v 1.781844 -0.039624 0.574084
v 1.782103 -0.101349 0.574084
v 1.099174 1.263247 0.011197
v 0.996825 1.263215 0.013362
v 0.993280 1.263237 0.573426
v 1.100545 1.263249 0.574014
v 1.117403 1.252829 0.010925
v 1.099174 1.263247 0.011197
v 1.100545 1.263249 0.574014
v 1.100545 1.263249 0.574014
v 1.118763 1.252824 0.574084
v 1.117403 1.252829 0.010925
v 1.676513 -0.130649 0.572805
v 1.676257 -0.069794 0.572805
v 1.783598 -0.039624 0.579596
v 1.783858 -0.101349 0.579596
v 1.676257 -0.069794 0.572805
v 1.008151 1.223571 0.572406
v 1.120518 1.252824 0.579596
v 1.120518 1.252824 0.579596
v 1.783598 -0.039624 0.579596
v 1.676257 -0.069794 0.572805
v 1.007087 1.224096 0.010328
v 1.627160 -0.026097 0.008806
v 1.783354 -0.037878 0.004768
v 1.783354 -0.037878 0.004768
v 1.119157 1.252829 0.004768
v 1.007087 1.224096 0.010328
v 1.627160 -0.026097 0.008806
v 1.627986 -0.088673 0.008806
v 1.784192 -0.101349 0.004768
v 1.783354 -0.037878 0.004768
v 1.534806 -0.317846 0.573286
v 1.676513 -0.130649 0.572805
v 1.783858 -0.101349 0.579596
v 1.783858 -0.101349 0.579596
v 1.644233 -0.287539 0.579423
v 1.534806 -0.317846 0.573286
v 1.337365 -0.579413 0.573142
v 1.534806 -0.317846 0.573286
v 1.644233 -0.287539 0.579423
v 1.644233 -0.287539 0.579423
v 1.447783 -0.550394 0.579178
v 1.337365 -0.579413 0.573142
v 1.336918 -0.579413 0.196730
v 1.337365 -0.579413 0.573142
v 1.447783 -0.550394 0.579178
v 1.447783 -0.550394 0.579178
v 1.447330 -0.550394 0.194843
v 1.336918 -0.579413 0.196730
v 1.336982 -0.579413 0.010362
v 1.336918 -0.579413 0.196730
v 1.447330 -0.550394 0.194843
v 1.447330 -0.550394 0.194843
v 1.447395 -0.550394 0.004552
v 1.336982 -0.579413 0.010362
v 1.627986 -0.088673 0.008806
v 1.336982 -0.579413 0.010362
v 1.447395 -0.550394 0.004552
v 1.447395 -0.550394 0.004552
v 1.784192 -0.101349 0.004768
v 1.627986 -0.088673 0.008806
v 0.990190 1.233849 0.572338
v 0.884583 1.233837 0.571776
v 0.995034 1.263237 0.578924
v 0.995034 1.263237 0.578924
v 1.102299 1.263249 0.579524
v 0.990190 1.233849 0.572338
v 0.884583 1.233837 0.571776
v 0.888209 1.234335 0.012659
v 0.998579 1.263215 0.007256
v 0.998579 1.263215 0.007256
v 0.995034 1.263237 0.578924
v 0.884583 1.233837 0.571776
v 0.888209 1.234335 0.012659
v 0.989115 1.234366 0.010588
v 1.100929 1.263247 0.005046
v 1.100929 1.263247 0.005046
v 0.998579 1.263215 0.007256
v 0.888209 1.234335 0.012659
v 1.008151 1.223571 0.572406
v 0.990190 1.233849 0.572338
v 1.102299 1.263249 0.579524
v 1.102299 1.263249 0.579524
v 1.120518 1.252824 0.579596
v 1.008151 1.223571 0.572406
v 0.989115 1.234366 0.010588
v 1.007087 1.224096 0.010328
v 1.119157 1.252829 0.004768
v 1.119157 1.252829 0.004768
v 1.100929 1.263247 0.005046
v 0.989115 1.234366 0.010588
v 1.337365 -0.579413 0.573142
v 1.336918 -0.579413 0.196730
v 1.445576 -0.550394 0.197142
v 1.445576 -0.550394 0.197142
v 1.446028 -0.550394 0.573675
v 1.337365 -0.579413 0.573142
v 1.534806 -0.317846 0.573286
v 1.337365 -0.579413 0.573142
v 1.446028 -0.550394 0.573675
v 1.446028 -0.550394 0.573675
v 1.642479 -0.287539 0.573915
v 1.534806 -0.317846 0.573286
v 1.676513 -0.130649 0.572805
v 1.534806 -0.317846 0.573286
v 1.642479 -0.287539 0.573915
v 1.642479 -0.287539 0.573915
v 1.782103 -0.101349 0.574084
v 1.676513 -0.130649 0.572805
v 1.336918 -0.579413 0.196730
v 1.336982 -0.579413 0.010362
v 1.445641 -0.550394 0.010714
v 1.445641 -0.550394 0.010714
v 1.445576 -0.550394 0.197142
v 1.336918 -0.579413 0.196730
v 1.336982 -0.579413 0.010362
v 1.627986 -0.088673 0.008806
v 1.782438 -0.101349 0.010925
v 1.782438 -0.101349 0.010925
v 1.445641 -0.550394 0.010714
v 1.336982 -0.579413 0.010362
v 1.008151 1.223571 0.572406
v 1.676257 -0.069794 0.572805
v 1.781844 -0.039624 0.574084
v 1.781844 -0.039624 0.574084
v 1.118763 1.252824 0.574084
v 1.008151 1.223571 0.572406
v 1.627160 -0.026097 0.008806
v 1.007087 1.224096 0.010328
v 1.117403 1.252829 0.010925
v 1.117403 1.252829 0.010925
v 1.781600 -0.037878 0.010925
v 1.627160 -0.026097 0.008806
v 1.676257 -0.069794 0.572805
v 1.676513 -0.130649 0.572805
v 1.782103 -0.101349 0.574084
v 1.781844 -0.039624 0.574084
v 1.627986 -0.088673 0.008806
v 1.627160 -0.026097 0.008806
v 1.781600 -0.037878 0.010925
v 1.782438 -0.101349 0.010925
v 0.888209 1.234335 0.012659
v 0.884583 1.233837 0.571776
v 0.993280 1.263237 0.573426
v 0.993280 1.263237 0.573426
v 0.996825 1.263215 0.013362
v 0.888209 1.234335 0.012659
v 0.884583 1.233837 0.571776
v 0.990190 1.233849 0.572338
v 1.100545 1.263249 0.574014
v 1.100545 1.263249 0.574014
v 0.993280 1.263237 0.573426
v 0.884583 1.233837 0.571776
v 0.989115 1.234366 0.010588
v 0.888209 1.234335 0.012659
v 0.996825 1.263215 0.013362
v 0.996825 1.263215 0.013362
v 1.099174 1.263247 0.011197
v 0.989115 1.234366 0.010588
v 0.990190 1.233849 0.572338
v 1.008151 1.223571 0.572406
v 1.118763 1.252824 0.574084
v 1.118763 1.252824 0.574084
v 1.100545 1.263249 0.574014
v 0.990190 1.233849 0.572338
v 1.007087 1.224096 0.010328
v 0.989115 1.234366 0.010588
v 1.099174 1.263247 0.011197
v 1.099174 1.263247 0.011197
v 1.117403 1.252829 0.010925
v 1.007087 1.224096 0.010328
v 1.322668 -0.206918 -4.580288
v 1.310235 -0.208422 -4.569154
v 1.669088 0.164853 -1.796927
v 1.674383 0.167835 -1.300088
v 1.694519 0.134177 -1.296501
v 1.669088 0.164853 -1.796928
v 0.204729 1.469520 -4.441576
v 0.204729 1.469521 -1.375667
v 1.298433 1.469520 -1.375667
v 1.299280 1.469520 -4.441576
v 0.169606 1.251194 -4.420413
v 0.191062 1.458078 -4.441576
v 0.164581 1.138114 -4.455896
v 0.160923 1.139408 -4.416602
v 1.255442 1.391240 -4.453172
v 0.263262 1.390431 -4.453169
v 0.198606 1.459757 -4.453055
v 1.303568 1.460979 -4.453053
v 0.242848 1.147328 -4.467480
v 0.178191 1.148389 -4.467383
v 0.160923 1.139408 -4.416602
v 0.164581 1.138114 -4.455896
v 0.255717 1.134621 -4.456040
v 0.258282 1.140543 -4.415336
v 1.224062 1.362920 -4.411934
v 0.278940 1.364224 -4.416101
v 0.270008 1.380668 -4.441721
v 1.244070 1.382913 -4.447446
v 1.310565 1.459880 -1.362170
v 1.095377 1.261663 -1.136144
v 1.115517 1.252042 -1.136046
v 1.371602 1.299872 -1.378104
v 1.310565 1.459880 -1.362170
v 1.115517 1.252042 -1.136046
v 1.321003 1.230919 -1.334199
v 0.191062 1.458077 -1.364204
v 0.203840 1.462301 -1.355297
v 0.204729 1.469521 -1.375667
v 0.204729 1.469520 -4.441576
v 0.198606 1.459757 -4.453055
v 0.191062 1.458078 -4.441576
v 1.299280 1.469520 -4.441576
v 1.314177 1.458199 -4.442283
v 1.303568 1.460979 -4.453053
v 0.198606 1.459757 -4.453055
v 0.204729 1.469520 -4.441576
v 1.299280 1.469520 -4.441576
v 1.303568 1.460979 -4.453053
v 0.178191 1.148389 -4.467383
v 0.164581 1.138114 -4.455896
v 0.191062 1.458078 -4.441576
v 0.198606 1.459757 -4.453055
v 0.270008 1.380668 -4.441721
v 0.263262 1.390431 -4.453169
v 1.255442 1.391240 -4.453172
v 1.244070 1.382913 -4.447446
v 0.164581 1.138114 -4.455896
v 0.178191 1.148389 -4.467383
v 0.242848 1.147328 -4.467480
v 0.255717 1.134621 -4.456040
v 0.255717 1.134621 -4.456040
v 0.242848 1.147328 -4.467480
v 0.263262 1.390431 -4.453169
v 0.270008 1.380668 -4.441721
v 0.162860 1.262074 -1.123959
v 0.178054 1.260998 -1.119308
v 1.310565 1.459880 -1.362170
v 1.371602 1.299872 -1.378104
v 1.398587 1.225035 -1.464820
v 1.398827 1.221517 -4.497512
v 1.314177 1.458199 -4.442283
v 1.643798 0.466959 -4.659606
v 1.667774 0.341730 -1.457718
v 1.652415 0.179634 -2.352591
v 1.603981 0.205076 -4.612101
v 1.644080 0.438320 -4.654858
v 1.639384 0.471611 -1.492047
v 1.636360 0.498745 -4.659716
v 1.427496 1.150897 -1.397022
v 1.658848 0.404733 -1.489316
v 1.372471 1.118861 -1.398582
v 1.587017 0.471611 -1.492047
v 1.639384 0.471611 -1.492047
v 1.427496 1.150897 -1.397022
v 1.667774 0.341730 -1.457718
v 1.633785 0.341730 -1.457718
v 1.674383 0.167835 -1.300088
v 1.613159 0.404733 -1.489316
v 1.658848 0.404733 -1.489316
v 1.271733 1.206368 -1.330569
v 1.321003 1.230919 -1.334199
v 1.115517 1.252042 -1.136046
v 1.388212 1.222957 -4.507384
v 1.346890 1.165377 -4.507501
v 1.398827 1.221517 -4.497512
v 1.388212 1.222957 -4.507384
v 1.303568 1.460979 -4.453053
v 1.314177 1.458199 -4.442283
v 1.625758 0.500046 -4.670623
v 1.576742 0.492543 -4.661718
v 1.636360 0.498745 -4.659716
v 1.625758 0.500046 -4.670623
v 1.591481 0.432766 -4.656634
v 1.634623 0.440075 -4.665186
v 1.603981 0.205076 -4.612101
v 1.634623 0.440075 -4.665186
v 1.644080 0.438320 -4.654858
v 1.603981 0.205076 -4.612101
v 1.332730 1.157265 -4.507501
v 1.244070 1.382913 -4.447446
v 1.255442 1.391240 -4.453172
v 1.346890 1.165377 -4.507501
v 1.571146 0.454528 -4.650430
v 1.576742 0.492543 -4.661718
v 1.591481 0.432766 -4.656634
v 1.603981 0.205076 -4.612101
v 1.571146 0.454528 -4.650430
v 1.329705 1.144373 -4.451765
v 1.224062 1.362920 -4.411934
v 1.244070 1.382913 -4.447446
v 1.332730 1.157265 -4.507501
v 1.564774 0.466319 -4.556664
v 1.571146 0.454528 -4.650430
v 1.652776 0.164205 -2.913627
v 1.603981 0.205076 -4.612101
v 1.652415 0.179634 -2.352591
v 1.664499 0.172227 -1.794639
v 1.652415 0.179634 -2.352591
v 1.662773 0.131023 -3.434334
v 1.695285 0.083548 -3.816976
v 1.738354 0.024802 -4.079464
v 1.785771 -0.040581 -4.172206
v 1.786377 -0.040388 -4.669188
v 1.784192 -0.101349 0.004768
v 1.783535 -0.101209 -0.624569
v 1.782709 -0.036348 -0.536278
v 1.783354 -0.037878 0.004768
v 1.981122 0.020181 -4.074489
v 1.990479 -0.041661 -4.074488
v 1.972141 -0.041661 -4.141099
v 1.981122 0.020182 -0.636457
v 1.972141 -0.041660 -0.569846
v 1.990479 -0.041660 -0.636457
v 2.028834 -0.041660 -0.893191
v 2.009415 0.080779 -0.893191
v 2.059027 -0.041660 -1.293063
v 2.032865 0.128864 -1.293064
v 2.093805 -0.041660 -1.796931
v 2.061027 0.159743 -1.796932
v 2.106345 -0.041660 -2.355473
v 2.070300 0.170385 -2.355474
v 2.093805 -0.041660 -2.914015
v 2.061027 0.159742 -2.914016
v 2.059027 -0.041661 -3.417883
v 2.032864 0.128864 -3.417885
v 2.028834 -0.041661 -3.817755
v 2.002047 0.081117 -3.817752
v 1.981122 -0.095806 -0.636457
v 2.009415 -0.164100 -0.893190
v 2.032865 -0.212185 -1.293063
v 2.061027 -0.243063 -1.796931
v 2.070300 -0.253706 -2.355473
v 2.061027 -0.243064 -2.914015
v 2.032864 -0.212185 -3.417882
v 2.009414 -0.164100 -3.817754
v 1.981122 -0.095935 -4.071489
v 1.822427 -0.104602 -4.085417
v 1.822427 -0.041661 -4.177597
v 1.959223 -0.041661 -4.162952
v 1.973414 -0.101261 -4.071489
v 1.822427 -0.175778 -3.829602
v 2.001669 -0.169423 -3.817754
v 1.822427 -0.226257 -3.426490
v 2.025146 -0.217510 -3.417882
v 2.053260 -0.248384 -2.914014
v 1.822427 -0.258666 -2.918540
v 1.822427 -0.255312 -2.971112
v 1.822427 -0.269834 -2.355473
v 2.062495 -0.259023 -2.355473
v 2.053260 -0.248384 -1.796931
v 1.822427 -0.258666 -1.792405
v 2.025146 -0.217510 -1.293063
v 1.822427 -0.231151 -1.361164
v 1.822427 -0.226256 -1.284455
v 2.001669 -0.169423 -0.893190
v 1.822427 -0.175777 -0.881343
v 1.973414 -0.101133 -0.636457
v 1.822427 -0.104473 -0.622529
v 1.822427 -0.171342 -0.865245
v 1.959223 -0.041660 -0.547993
v 1.822427 -0.040360 -0.533348
v 1.822427 0.028849 -0.622530
v 1.822427 -0.040360 -0.533348
v 1.959223 -0.041660 -0.547993
v 1.973414 0.025509 -0.636457
v 1.822427 0.092457 -0.881344
v 2.001669 0.086102 -0.893191
v 1.822427 0.142936 -1.284456
v 2.025146 0.134190 -1.293064
v 1.822427 0.175345 -1.792407
v 2.053260 0.165063 -1.796932
v 1.822427 0.186513 -2.355474
v 2.062495 0.175702 -2.355474
v 2.053260 0.165063 -2.914016
v 1.822427 0.175345 -2.918542
v 2.025146 0.134189 -3.417885
v 1.822427 0.142935 -3.426492
v 1.994301 0.086440 -3.817752
v 1.822427 0.092456 -3.829603
v 1.973414 0.025508 -4.074489
v 1.822427 0.028848 -4.088416
v 1.959223 -0.041661 -4.162952
v 1.822427 -0.041661 -4.177597
v 1.959223 -0.041661 -4.162952
v 1.972141 -0.041661 -4.141099
v 1.981122 -0.095935 -4.071489
v 1.973414 -0.101261 -4.071489
v 2.009414 -0.164100 -3.817754
v 2.001669 -0.169423 -3.817754
v 2.032864 -0.212185 -3.417882
v 2.025146 -0.217510 -3.417882
v 2.061027 -0.243064 -2.914015
v 2.053260 -0.248384 -2.914014
v 2.070300 -0.253706 -2.355473
v 2.062495 -0.259023 -2.355473
v 2.061027 -0.243063 -1.796931
v 2.053260 -0.248384 -1.796931
v 2.032865 -0.212185 -1.293063
v 2.025146 -0.217510 -1.293063
v 2.009415 -0.164100 -0.893190
v 2.001669 -0.169423 -0.893190
v 1.981122 -0.095806 -0.636457
v 1.973414 -0.101133 -0.636457
v 1.972141 -0.041660 -0.569846
v 1.959223 -0.041660 -0.547993
v 1.959223 -0.041660 -0.547993
v 1.972141 -0.041660 -0.569846
v 1.981122 0.020182 -0.636457
v 1.973414 0.025509 -0.636457
v 2.009415 0.080779 -0.893191
v 2.001669 0.086102 -0.893191
v 2.032865 0.128864 -1.293064
v 2.025146 0.134190 -1.293064
v 2.061027 0.159743 -1.796932
v 2.053260 0.165063 -1.796932
v 2.070300 0.170385 -2.355474
v 2.062495 0.175702 -2.355474
v 2.061027 0.159742 -2.914016
v 2.053260 0.165063 -2.914016
v 2.032864 0.128864 -3.417885
v 2.025146 0.134189 -3.417885
v 2.002047 0.081117 -3.817752
v 1.994301 0.086440 -3.817752
v 1.981122 0.020181 -4.074489
v 1.973414 0.025508 -4.074489
v 1.972141 -0.041661 -4.141099
v 1.959223 -0.041661 -4.162952
v 1.732588 -0.168214 -3.815248
v 1.784887 -0.103334 -4.084100
v 1.692896 -0.217562 -3.418029
v 1.672716 -0.247036 -2.936298
v 1.671799 -0.248375 -2.914414
v 1.662722 -0.259329 -2.356090
v 1.671576 -0.248549 -1.798970
v 1.783535 -0.101209 -0.624569
v 1.730198 -0.171161 -0.894662
v 1.751339 0.025444 -0.627353
v 1.782709 -0.036348 -0.536278
v 1.694519 0.134177 -1.296501
v 1.717881 0.087747 -0.895757
v 1.669088 0.164853 -1.796928
v 1.652415 0.179634 -2.352591
v 1.662773 0.131023 -3.434334
v 1.652776 0.164205 -2.913627
v 1.695285 0.083548 -3.816976
v 1.738354 0.024802 -4.079464
v 1.785771 -0.040581 -4.172206
v 1.785771 -0.040581 -4.172206
v 1.651715 -0.224835 -1.413899
v 1.657493 -0.217535 -1.302115
v 1.782709 -0.036348 -0.536278
v 1.371602 1.299872 -1.378104
v 1.399167 1.225311 -1.387573
v 1.398587 1.225035 -1.464820
v 1.399167 1.225311 -1.387573
v 1.298433 1.469520 -1.375667
v 1.310565 1.459880 -1.362170
v 1.314177 1.458199 -4.442283
v 1.299280 1.469520 -4.441576
v 0.203840 1.462301 -1.355297
v 1.310565 1.459880 -1.362170
v 0.203840 1.462301 -1.355297
v 0.178054 1.260998 -1.119308
v 1.115517 1.252042 -1.136046
v 1.095377 1.261663 -1.136144
v 1.100929 1.263247 0.005046
v 1.100929 1.263247 0.005046
v 1.119157 1.252829 0.004768
v 1.115517 1.252042 -1.136046
v 0.002131 1.263008 -1.352235
v 0.162860 1.262074 -1.123959
v 0.183987 1.262518 -1.364362
v 0.002131 1.263033 -1.364250
v 0.270008 1.380668 -4.441721
v 0.278940 1.364224 -4.416101
v 0.265788 1.248156 -4.416134
v 0.255717 1.134621 -4.456040
v 0.002131 1.251758 -4.413679
v 0.169606 1.251194 -4.420413
v 0.160923 1.139408 -4.416602
v 0.002131 1.142858 -4.413946
v 0.170094 1.262107 -4.406530
v 0.169606 1.251194 -4.420413
v 0.002131 1.251758 -4.413679
v 0.002131 1.251758 -4.413679
v 0.002131 1.263157 -4.402051
v 0.170094 1.262107 -4.406530
v 0.174674 1.260262 -4.169102
v 0.170094 1.262107 -4.406530
v 0.002131 1.263157 -4.402051
v 0.002131 1.262287 -4.167913
v 0.170094 1.262107 -4.406530
v 0.174674 1.260262 -4.169102
v 0.191062 1.458077 -1.364204
v 0.177148 1.362551 -4.063829
v 0.201326 1.364608 -1.715653
v 0.175138 1.268681 -4.149940
v 0.201699 1.270899 -1.629615
v 0.203436 1.262469 -1.610446
v 0.183987 1.262518 -1.364362
v 0.162860 1.262074 -1.123959
v 1.115691 1.252490 -1.497706
v 1.254354 1.206368 -1.592445
v 1.271733 1.206368 -1.330569
v 1.115517 1.252042 -1.136046
v 1.339602 1.118861 -1.623085
v 1.603522 0.406025 -1.573750
v 1.587017 0.471611 -1.492047
v 1.372471 1.118861 -1.398582
v 1.629332 0.238791 -1.549947
v 1.674383 0.167835 -1.300088
v 1.633785 0.341730 -1.457718
v 1.613159 0.404733 -1.489316
v 1.629332 0.238791 -1.549947
v 1.542914 0.408782 -1.550884
v 1.115691 1.252490 -1.497706
v 1.115517 1.252042 -1.136046
v 1.119157 1.252829 0.004768
v 1.783354 -0.037878 0.004768
v 1.782709 -0.036348 -0.536278
v 1.751339 0.025444 -0.627353
v 1.717881 0.087747 -0.895757
v 1.158581 1.161935 -1.537696
v 1.189446 1.104083 -1.551113
v 1.339602 1.118861 -1.623085
v 1.254354 1.206368 -1.592445
v 1.115691 1.252490 -1.497706
v 1.189446 1.104083 -1.551113
v 1.158581 1.161935 -1.537696
v 1.542914 0.408782 -1.550884
v 1.629332 0.238791 -1.549947
v 1.603522 0.406025 -1.573750
v 0.258856 1.128750 -4.404174
v 0.160616 1.128324 -4.404386
v 0.160923 1.139408 -4.416602
v 0.160923 1.139408 -4.416602
v 0.258282 1.140543 -4.415336
v 0.258856 1.128750 -4.404174
v 1.674383 0.167835 -1.300088
v 1.564774 0.466319 -4.556664
v 1.571146 0.454528 -4.650430
v 1.603981 0.205076 -4.612101
v 0.293876 1.262469 -0.061168
v 1.095377 1.261663 -1.136144
v 0.178054 1.260998 -1.119308
v 0.112886 1.261740 -0.525240
v 0.002131 1.261862 -0.693652
v 0.062826 1.261687 -0.653606
v 0.174088 1.262494 0.020355
v 0.002131 1.262556 0.064169
v 0.002131 1.263251 0.964849
v 1.103220 1.263251 0.964849
v 1.102299 1.263249 0.579524
v 0.995034 1.263237 0.578924
v 1.100929 1.263247 0.005046
v 0.998579 1.263215 0.007256
v 0.278705 1.283091 -0.071711
v 0.165548 1.282586 0.009212
v 0.174088 1.262494 0.020355
v 0.293876 1.262469 -0.061168
v 0.002131 1.318884 -0.615389
v 0.029338 1.323331 -0.594575
v 0.062826 1.261687 -0.653606
v 0.002131 1.261862 -0.693652
v 0.088635 1.344499 -0.459522
v 0.112886 1.261740 -0.525240
v 0.029338 1.323331 -0.594575
v 0.002131 1.318884 -0.615389
v 0.002131 1.323331 -0.594575
v 0.151729 1.315097 -0.008818
v 0.255312 1.314890 -0.087969
v 0.205893 1.382068 -0.122313
v 0.121214 1.386886 -0.048632
v 0.002131 1.315395 0.032963
v 0.002131 1.387666 -0.009840
v 0.278705 1.283091 -0.071711
v 0.293876 1.262469 -0.061168
v 0.205893 1.382068 -0.122313
v 0.255312 1.314890 -0.087969
v 0.240758 1.314868 -0.124887
v 0.257699 1.283168 -0.124887
v 0.140374 1.313933 -0.011919
v 0.235077 1.313933 -0.085964
v 0.255312 1.314890 -0.087969
v 0.151729 1.315097 -0.008818
v 0.002131 1.315395 0.032963
v 0.002131 1.314170 0.026733
v 0.258229 1.284227 -0.070294
v 0.153201 1.283758 0.004816
v 0.165548 1.282586 0.009212
v 0.278705 1.283091 -0.071711
v 0.238732 1.284299 -0.119650
v 0.257699 1.283168 -0.124887
v 0.222808 1.313625 -0.119787
v 0.238732 1.284299 -0.119650
v 0.257699 1.283168 -0.124887
v 0.240758 1.314868 -0.124887
v 0.222808 1.313625 -0.119787
v 0.240758 1.314868 -0.124887
v 0.222808 1.313625 -0.119787
v 0.235077 1.313933 -0.085964
v 0.258229 1.284227 -0.070294
v 0.238732 1.284299 -0.119650
v 0.235077 1.313933 -0.085964
v 0.140374 1.313933 -0.011919
v 0.153201 1.283758 0.004816
v 0.258229 1.284227 -0.070294
v 0.002131 1.314170 0.026733
v 0.002131 1.283084 0.045086
v 1.447395 -0.550394 0.004552
v 1.447330 -0.550394 0.194843
v 1.326936 -0.711005 -0.040184
v 1.329833 -0.709706 -0.222817
v 1.730198 -0.171161 -0.894662
v 1.783535 -0.101209 -0.624569
v 1.784192 -0.101349 0.004768
v 1.422350 -0.940770 -3.607179
v 1.590820 -0.941853 -3.636373
v 1.591474 -0.941991 -3.391121
v 1.422350 -0.927293 -3.361981
v 1.156064 -0.939378 -3.615921
v 1.155961 -0.939513 -3.367659
v 1.590820 -0.941853 -3.636373
v 1.422350 -0.940770 -3.607179
v 1.564927 -0.805163 -3.637080
v 1.305264 -0.706965 -3.610373
v 1.454408 -0.740027 -3.607181
v 1.156064 -0.939378 -3.615921
v 1.454408 -0.740027 -3.361981
v 1.593233 -0.752206 -3.392256
v 1.594395 -0.752861 -3.636485
v 1.454408 -0.740027 -3.607181
v 1.302377 -0.711332 -3.356874
v 1.305264 -0.706965 -3.610373
v 1.422350 -0.927293 -3.361981
v 1.566683 -0.804921 -3.390132
v 1.593233 -0.752206 -3.392256
v 1.454408 -0.740027 -3.361981
v 1.155961 -0.939513 -3.367659
v 1.302377 -0.711332 -3.356874
v 1.422350 -0.940770 -0.219831
v 1.590320 -0.942410 -0.253584
v 1.590220 -0.941825 0.014742
v 1.422350 -0.940770 0.052727
v 1.154636 -0.941360 -0.220654
v 1.154562 -0.941894 0.065321
v 1.590320 -0.942410 -0.253584
v 1.422350 -0.940770 -0.219831
v 1.566306 -0.804935 -0.252298
v 1.329833 -0.709706 -0.222817
v 1.454408 -0.740026 -0.219831
v 1.154636 -0.941360 -0.220654
v 1.454408 -0.740026 0.052727
v 1.589138 -0.759360 0.020547
v 1.589081 -0.759481 -0.252132
v 1.454408 -0.740026 -0.219831
v 1.422350 -0.940770 0.052727
v 1.566308 -0.805106 0.021605
v 1.589138 -0.759360 0.020547
v 1.454408 -0.740026 0.052727
v 1.154562 -0.941894 0.065321
v 1.328953 -0.709876 0.066297
v 1.326936 -0.711005 -0.040184
v 1.329833 -0.709706 -0.222817
v 1.328953 -0.709876 0.066297
v 1.454408 -0.740026 0.052727
v 1.326936 -0.711005 -0.040184
v 1.305264 -0.706965 -3.610373
v 1.156092 -0.887962 -3.681878
v 1.156412 -0.887189 -4.453095
v 1.786384 -0.101350 -4.669188
v 1.671576 -0.248549 -1.798970
v 1.651715 -0.224835 -1.413899
v 1.155434 -0.940205 -2.098026
v 1.155961 -0.939513 -3.367659
v 1.302377 -0.711332 -3.356874
v 1.672716 -0.247036 -2.936298
v 1.671799 -0.248375 -2.914414
v 1.662722 -0.259329 -2.356090
v 1.590220 -0.941825 0.014742
v 1.589081 -0.759481 -0.252132
v 1.594395 -0.752861 -3.636485
v 1.591474 -0.941991 -3.391121
v 1.640363 -0.737263 1.438042
v 1.726745 -0.731323 1.537960
v 1.850518 -0.723491 1.572480
v 1.856398 -0.723492 -4.640820
v 1.631420 -0.737264 -4.611601
v 1.599195 -0.737264 -4.569878
v 1.599195 -0.737263 1.328863
v 2.106575 -0.737263 1.328863
v 2.106575 -0.737264 -4.569878
v 2.074351 -0.737264 -4.611601
v 1.979025 -0.731323 1.537959
v 2.065407 -0.737263 1.438041
v 2.102753 -0.805196 -4.679951
v 1.856837 -0.805196 -4.709732
v 1.856398 -0.723492 -4.640820
v 2.074351 -0.737264 -4.611601
v 2.140455 -0.804439 1.377666
v 2.139110 -0.806202 -3.898288
v 2.106575 -0.737264 -4.569878
v 2.106575 -0.737263 1.328863
v 1.850452 -0.763724 1.590889
v 1.850518 -0.723491 1.572480
v 1.726745 -0.731323 1.537960
v 1.723428 -0.763638 1.556242
v 1.566634 -0.805195 1.375462
v 1.613085 -0.805195 1.486754
v 1.634800 -0.763579 1.456034
v 1.640363 -0.737263 1.438042
v 1.599195 -0.737263 1.328863
v 2.065407 -0.737263 1.438041
v 2.071083 -0.763872 1.456244
v 2.092662 -0.805195 1.486753
v 1.979025 -0.731323 1.537959
v 1.982379 -0.763812 1.556370
v 1.602993 -0.805196 -4.679951
v 1.566634 -0.805196 -4.637419
v 1.599195 -0.737264 -4.569878
v 1.631420 -0.737264 -4.611601
v 2.139112 -0.805196 -4.637419
v 2.102753 -0.805196 -4.679951
v 2.074351 -0.737264 -4.611601
v 2.106575 -0.737264 -4.569878
v 1.982379 -0.763812 1.556370
v 1.979025 -0.731323 1.537959
v 1.602993 -0.805196 -4.679951
v 1.631420 -0.737264 -4.611601
v 1.613085 -0.805195 1.486754
v 1.566634 -0.805195 1.375462
v 1.631563 -1.184491 1.231926
v 1.649956 -1.278218 1.178877
v 1.675489 -1.278218 1.264887
v 2.047490 -1.278218 1.264886
v 2.071823 -1.278463 1.178655
v 2.083877 -1.219373 1.219477
v 2.087807 -1.191456 1.230377
v 2.118823 -0.905356 1.338992
v 2.092662 -0.805195 1.486753
v 1.677210 -1.278219 -4.327666
v 1.649956 -1.278219 -4.288609
v 1.633653 -1.196701 -4.349205
v 1.566634 -0.805196 -4.637419
v 1.602993 -0.805196 -4.679951
v 2.102753 -0.805196 -4.679951
v 2.139112 -0.805196 -4.637419
v 2.083092 -1.217010 -4.334254
v 2.072548 -1.278219 -4.288609
v 2.045736 -1.278219 -4.327666
v 1.695887 -1.291570 -4.115668
v 1.695887 -1.291570 1.059557
v 1.649956 -1.278218 1.178877
v 1.649956 -1.278219 -4.288609
v 2.006057 -1.291570 -4.152657
v 1.863783 -1.291570 -4.178560
v 1.864396 -1.278219 -4.355016
v 2.045736 -1.278219 -4.327666
v 2.027093 -1.291570 1.059557
v 2.027093 -1.291570 -4.115668
v 2.072548 -1.278219 -4.288609
v 2.071823 -1.278463 1.178655
v 1.779149 -1.291570 1.095028
v 1.859945 -1.292993 1.100360
v 1.859417 -1.291359 1.381134
v 1.751090 -1.283022 1.360814
v 1.722761 -1.291570 1.079893
v 1.675489 -1.278218 1.264887
v 2.000219 -1.290923 1.079893
v 2.047490 -1.278218 1.264886
v 1.943831 -1.291570 1.095028
v 1.971888 -1.283022 1.360814
v 1.716923 -1.291570 -4.152657
v 1.677210 -1.278219 -4.327666
v 1.749595 -1.220038 1.394329
v 1.751090 -1.283022 1.360814
v 1.859417 -1.291359 1.381134
v 1.859389 -1.227247 1.414825
v 1.973378 -1.220222 1.394274
v 1.971888 -1.283022 1.360814
v 1.973378 -1.220222 1.394274
v 1.971888 -1.283022 1.360814
v 1.755591 -1.207062 1.374506
v 1.625135 -0.809739 1.451394
v 1.613085 -0.805195 1.486754
v 1.749595 -1.220038 1.394329
v 1.860318 -1.213469 1.394516
v 1.755591 -1.207062 1.374506
v 1.749595 -1.220038 1.394329
v 1.859389 -1.227247 1.414825
v 1.969048 -1.207240 1.374460
v 1.973378 -1.220222 1.394274
v 2.082583 -0.809739 1.451394
v 1.969048 -1.207240 1.374460
v 1.973378 -1.220222 1.394274
v 2.092662 -0.805195 1.486753
v 1.625135 -0.809739 1.451394
v 1.645849 -0.769978 1.452769
v 1.634800 -0.763579 1.456034
v 1.613085 -0.805195 1.486754
v 1.645849 -0.769978 1.452769
v 1.730387 -0.769651 1.502159
v 1.723428 -0.763638 1.556242
v 1.634800 -0.763579 1.456034
v 1.851551 -0.769546 1.526427
v 1.850452 -0.763724 1.590889
v 1.977389 -0.769813 1.502285
v 1.982379 -0.763812 1.556370
v 2.062000 -0.770251 1.452978
v 2.082583 -0.809739 1.451394
v 2.092662 -0.805195 1.486753
v 2.071083 -0.763872 1.456244
v 2.062000 -0.770251 1.452978
v 2.071083 -0.763872 1.456244
v 1.625135 -0.809739 1.451394
v 1.730125 -0.809479 1.496952
v 1.730387 -0.769651 1.502159
v 1.645849 -0.769978 1.452769
v 1.755591 -1.207062 1.374506
v 1.969048 -1.207240 1.374460
v 2.082583 -0.809739 1.451394
v 1.977645 -0.809479 1.496951
v 2.062000 -0.770251 1.452978
v 1.977389 -0.769813 1.502285
v 1.851546 -0.809282 1.521551
v 1.860318 -1.213469 1.394516
v 1.851551 -0.769546 1.526427
v 1.851551 -0.769546 1.526427
v 1.851546 -0.809282 1.521551
v 1.860318 -1.213469 1.394516
v 2.122230 -0.911845 -3.824651
v 2.122333 -0.912715 -3.824647
v 2.118237 -0.943675 -3.910511
v 2.066525 -1.181784 0.521667
v 2.108723 -0.918044 0.693986
v 2.124924 -0.906000 0.727003
v 2.081311 -1.193218 0.556256
v 2.063862 -1.181784 -3.806342
v 2.066525 -1.181784 0.521667
v 2.081311 -1.193218 0.556256
v 2.083779 -1.193646 -3.816361
v 2.080607 -1.085260 -3.983175
v 2.069768 -1.156582 -3.892722
v 2.082434 -1.166102 -3.903580
v 2.100029 -1.088153 -3.994906
v 2.102080 -0.953066 -3.899588
v 2.090087 -1.031798 -3.984514
v 2.106206 -1.029723 -3.996259
v 2.118237 -0.943675 -3.910511
v 2.108723 -0.918044 0.693986
v 2.108527 -0.924739 -3.814547
v 2.122333 -0.912715 -3.824647
v 2.124924 -0.906000 0.727003
v 2.102080 -0.953066 -3.899588
v 2.108527 -0.924739 -3.814547
v 2.108723 -0.918044 0.693986
v 2.066525 -1.181784 0.521667
v 2.063862 -1.181784 -3.806342
v 2.069768 -1.156582 -3.892722
v 2.080607 -1.085260 -3.983175
v 2.090087 -1.031798 -3.984514
v 2.100029 -1.088153 -3.994906
v 2.082434 -1.166102 -3.903580
v 2.083129 -1.215800 -3.933295
v 2.083092 -1.217010 -4.334254
v 2.139112 -0.805196 -4.637419
v 2.106206 -1.029723 -3.996259
v 1.711270 -1.318333 -4.103969
v 1.711270 -1.318333 1.039420
v 1.695887 -1.291570 1.059557
v 1.695887 -1.291570 -4.115668
v 1.992639 -1.318333 -4.140604
v 1.863576 -1.318333 -4.166260
v 1.863783 -1.291570 -4.178560
v 2.006057 -1.291570 -4.152657
v 2.011721 -1.318333 1.039420
v 2.011721 -1.318333 -4.103969
v 2.027093 -1.291570 -4.115668
v 2.027093 -1.291570 1.059557
v 1.786801 -1.318333 1.091449
v 1.860094 -1.319630 1.096729
v 1.859945 -1.292993 1.100360
v 1.779149 -1.291570 1.095028
v 1.711270 -1.318333 1.039420
v 1.735649 -1.318333 1.076460
v 1.722761 -1.291570 1.079893
v 1.695887 -1.291570 1.059557
v 1.987343 -1.317640 1.076460
v 2.011721 -1.318333 1.039420
v 2.027093 -1.291570 1.059557
v 2.000219 -1.290923 1.079893
v 1.936191 -1.318333 1.091449
v 1.987343 -1.317640 1.076460
v 2.000219 -1.290923 1.079893
v 1.943831 -1.291570 1.095028
v 1.735649 -1.318333 1.076460
v 1.722761 -1.291570 1.079893
v 1.730353 -1.318333 -4.140604
v 1.716923 -1.291570 -4.152657
v 1.992639 -1.318333 -4.140604
v 2.006057 -1.291570 -4.152657
v 1.730353 -1.318333 -4.140604
v 1.716923 -1.291570 -4.152657
v 1.729687 -1.318340 -3.718782
v 1.729687 -1.318339 0.778718
v 1.711270 -1.318333 1.039420
v 1.711270 -1.318333 -4.103969
v 1.976575 -1.318340 -3.750928
v 1.863328 -1.318340 -3.773439
v 1.863576 -1.318333 -4.166260
v 1.992639 -1.318333 -4.140604
v 1.993319 -1.318339 0.778718
v 1.993319 -1.318340 -3.718782
v 2.011721 -1.318333 -4.103969
v 2.011721 -1.318333 1.039420
v 1.795961 -1.318339 0.847441
v 1.860273 -1.319477 0.859971
v 1.860094 -1.319630 1.096729
v 1.786801 -1.318333 1.091449
v 1.751078 -1.318339 0.811873
v 1.735649 -1.318333 1.076460
v 1.971929 -1.317731 0.811873
v 1.987343 -1.317640 1.076460
v 1.927045 -1.318339 0.847441
v 1.936191 -1.318333 1.091449
v 1.746431 -1.318340 -3.750928
v 1.730353 -1.318333 -4.140604
v 1.729687 -1.330263 -3.718782
v 1.729687 -1.330263 0.778718
v 1.729687 -1.318339 0.778718
v 1.729687 -1.318340 -3.718782
v 1.976575 -1.330263 -3.750928
v 1.863328 -1.330263 -3.773439
v 1.863328 -1.318340 -3.773439
v 1.976575 -1.318340 -3.750928
v 1.993319 -1.330263 0.778718
v 1.993319 -1.330263 -3.718782
v 1.993319 -1.318340 -3.718782
v 1.993319 -1.318339 0.778718
v 1.795961 -1.330263 0.847441
v 1.860273 -1.331401 0.859971
v 1.860273 -1.319477 0.859971
v 1.795961 -1.318339 0.847441
v 1.751078 -1.330263 0.811873
v 1.751078 -1.318339 0.811873
v 1.971929 -1.329655 0.811873
v 1.971929 -1.317731 0.811873
v 1.927045 -1.330263 0.847441
v 1.927045 -1.318339 0.847441
v 1.795961 -1.330263 0.847441
v 1.795961 -1.318339 0.847441
v 1.746431 -1.330263 -3.750928
v 1.729687 -1.330263 -3.718782
v 1.729687 -1.318340 -3.718782
v 1.746431 -1.318340 -3.750928
v 1.976575 -1.330263 -3.750928
v 1.976575 -1.318340 -3.750928
v 1.927045 -1.330263 0.847441
v 1.927045 -1.318339 0.847441
v 1.746431 -1.330263 -3.750928
v 1.746431 -1.318340 -3.750928
v 1.795961 -1.330263 0.847441
v 1.751078 -1.330263 0.811873
v 1.729687 -1.330263 0.778718
v 1.729687 -1.330263 -3.718782
v 1.746431 -1.330263 -3.750928
v 1.863328 -1.330263 -3.773439
v 1.976575 -1.330263 -3.750928
v 1.993319 -1.330263 -3.718782
v 1.993319 -1.330263 0.778718
v 1.971929 -1.329655 0.811873
v 1.927045 -1.330263 0.847441
v 1.860273 -1.331401 0.859971
v 2.103331 -1.015964 0.785942
v 2.100117 -1.058461 0.776659
v 2.084443 -1.055618 0.770426
v 2.087844 -1.010653 0.780248
v 2.105989 -0.980815 0.812185
v 2.090656 -0.973464 0.808014
v 2.107632 -0.959091 0.850850
v 2.092395 -0.950479 0.848923
v 2.107976 -0.954550 0.895252
v 2.092758 -0.945674 0.895903
v 2.106960 -0.967976 0.937713
v 2.091684 -0.959879 0.940830
v 2.104762 -0.997047 0.970892
v 2.089358 -0.990639 0.975935
v 2.101760 -1.036738 0.989052
v 2.086182 -1.032633 0.995148
v 2.098475 -1.080185 0.989052
v 2.082705 -1.078602 0.995148
v 2.095473 -1.119875 0.970892
v 2.079530 -1.120597 0.975935
v 2.093274 -1.148947 0.937713
v 2.077203 -1.151356 0.940830
v 2.092259 -1.162372 0.895252
v 2.076129 -1.165561 0.895904
v 2.092603 -1.157832 0.850850
v 2.076492 -1.160756 0.848924
v 2.094245 -1.136108 0.812184
v 2.078231 -1.137772 0.808014
v 2.096904 -1.100959 0.785942
v 2.081043 -1.100582 0.780248
v 2.122500 -1.022363 0.798373
v 2.119694 -1.059475 0.790266
v 2.124822 -0.991669 0.821289
v 2.126256 -0.972699 0.855055
v 2.126556 -0.968733 0.893829
v 2.125669 -0.980457 0.930910
v 2.123749 -1.005844 0.959884
v 2.121128 -1.040505 0.975742
v 2.118259 -1.078445 0.975742
v 2.115638 -1.113106 0.959884
v 2.113718 -1.138493 0.930910
v 2.112831 -1.150218 0.893830
v 2.113131 -1.146252 0.855055
v 2.114566 -1.127281 0.821289
v 2.116887 -1.096586 0.798373
v 2.139798 -1.042635 0.842919
v 2.138450 -1.060446 0.839029
v 2.140911 -1.027903 0.853918
v 2.141600 -1.018799 0.870123
v 2.141744 -1.016895 0.888732
v 2.141319 -1.022522 0.906528
v 2.140397 -1.034707 0.920434
v 2.139139 -1.051342 0.928045
v 2.137762 -1.069551 0.928045
v 2.136504 -1.086186 0.920434
v 2.135582 -1.098370 0.906529
v 2.135157 -1.103997 0.888732
v 2.135301 -1.102093 0.870123
v 2.135989 -1.092989 0.853918
v 2.137103 -1.078257 0.842919
v 2.145146 -1.060793 0.884029
v 2.081311 -1.193218 0.556256
v 2.124924 -0.906000 0.727003
v 2.087844 -1.010653 0.780248
v 2.084443 -1.055618 0.770426
v 2.090656 -0.973464 0.808014
v 2.092395 -0.950479 0.848923
v 2.118823 -0.905356 1.338992
v 2.092758 -0.945674 0.895903
v 2.091684 -0.959879 0.940830
v 2.089358 -0.990639 0.975935
v 2.086182 -1.032633 0.995148
v 2.081311 -1.193218 0.556256
v 2.078231 -1.137772 0.808014
v 2.076492 -1.160756 0.848924
v 2.081043 -1.100582 0.780248
v 2.082726 -1.278323 -4.288609
v 2.082166 -1.278618 1.178655
v 2.082166 -1.278618 1.178655
v 2.093229 -1.219353 1.218730
v 2.083877 -1.219373 1.219477
v 2.071823 -1.278463 1.178655
v 2.094031 -1.217351 -4.334254
v 2.082726 -1.278323 -4.288609
v 2.072548 -1.278219 -4.288609
v 2.083092 -1.217010 -4.334254
v 2.093229 -1.219353 1.218730
v 2.094031 -1.217351 -4.334254
v 2.083092 -1.217010 -4.334254
v 2.083877 -1.219373 1.219477
v 2.093229 -1.219353 1.218730
v 2.082166 -1.278618 1.178655
v 2.082726 -1.278323 -4.288609
v 2.094031 -1.217351 -4.334254
v 1.649956 -1.278218 1.178877
v 1.631563 -1.184491 1.231926
v 1.606906 -1.184491 1.231926
v 1.633653 -1.196701 -4.349205
v 1.649956 -1.278219 -4.288609
v 1.608997 -1.196701 -4.349205
v 1.608997 -1.196701 -4.349205
v 1.606906 -1.184491 1.231926
v 1.631563 -1.184491 1.231926
v 1.633653 -1.196701 -4.349205
v 1.649956 -1.278219 -4.288609
v 1.649956 -1.278218 1.178877
v 1.606906 -1.184491 1.231926
v 1.608997 -1.196701 -4.349205
v 1.589138 -0.759360 0.020547
v 1.566308 -0.805106 0.021605
v 1.566683 -0.804921 -3.390132
v 1.566306 -0.804935 -0.252298
v 1.589081 -0.759481 -0.252132
v 1.593233 -0.752206 -3.392256
v 1.599195 -0.737264 -4.569878
v 1.564927 -0.805163 -3.637080
v 1.594395 -0.752861 -3.636485
v 1.566634 -0.805196 -4.637419
v 1.590320 -0.942410 -0.253584
v 1.566306 -0.804935 -0.252298
v 1.566683 -0.804921 -3.390132
v 1.591474 -0.941991 -3.391121
v 1.590820 -0.941853 -3.636373
v 1.564927 -0.805163 -3.637080
v 1.566634 -0.805196 -4.637419
v 1.633653 -1.196701 -4.349205
v 1.566308 -0.805106 0.021605
v 1.590220 -0.941825 0.014742
v 2.140455 -0.804439 1.377666
v 2.124924 -0.906000 0.727003
v 2.122230 -0.911845 -3.824651
v 2.118237 -0.943675 -3.910511
v 2.139110 -0.806202 -3.898288
v 2.122333 -0.912715 -3.824647
v 2.076129 -1.165561 0.895904
v 2.087807 -1.191456 1.230377
v 2.077203 -1.151356 0.940830
v 2.079530 -1.120597 0.975935
v 2.082705 -1.078602 0.995148
v 1.328953 -0.709876 0.066297
v 1.447783 -0.550394 0.579178
v 1.154562 -0.941894 0.065321
v 2.139112 -0.805196 -4.637419
v 2.083779 -1.193646 -3.816361
v 1.154677 -0.941069 -0.376940
v 1.657493 -0.217535 -1.302115
v 1.154636 -0.941360 -0.220654
v 0.258282 1.140543 -4.415336
v 1.231385 0.221785 -4.573915
v 1.565982 0.226492 -4.645366
v 1.591557 0.206877 -4.620894
v 1.232131 0.201324 -4.549410
v 1.565982 0.226492 -4.645366
v 1.577834 0.251842 -4.636979
v 1.603981 0.205076 -4.612101
v 1.591557 0.206877 -4.620894
v 1.215831 1.356483 -4.446048
v 0.291763 1.357503 -4.450023
v 0.278940 1.364224 -4.416101
v 1.224062 1.362920 -4.411934
v 1.305180 1.148249 -4.484043
v 1.215831 1.356483 -4.446048
v 1.224062 1.362920 -4.411934
v 1.329705 1.144373 -4.451765
v 1.542010 0.501030 -4.584100
v 1.564774 0.466319 -4.556664
v 0.291763 1.357503 -4.450023
v 0.278923 1.246791 -4.450054
v 0.265788 1.248156 -4.416134
v 0.278940 1.364224 -4.416101
v 1.577834 0.251842 -4.636979
v 1.603981 0.205076 -4.612101
v 0.271810 1.153815 -4.449429
v 0.258282 1.140543 -4.415336
v 0.271810 1.153815 -4.449429
v 0.934552 1.152092 -4.448074
v 0.920331 1.138920 -4.414130
v 0.258282 1.140543 -4.415336
v 0.934552 1.152092 -4.448074
v 1.231385 0.221785 -4.573915
v 1.232131 0.201324 -4.549410
v 0.920331 1.138920 -4.414130
v 1.240617 0.231467 -4.570495
v 1.552282 0.236042 -4.641941
v 1.565982 0.226492 -4.645366
v 1.231385 0.221785 -4.573915
v 1.563799 0.260676 -4.633790
v 1.577834 0.251842 -4.636979
v 0.291763 1.357503 -4.450023
v 1.215831 1.356483 -4.446048
v 1.201966 1.349478 -4.448245
v 1.201828 1.349479 -4.448246
v 0.312671 1.350332 -4.452108
v 1.289286 1.150887 -4.485168
v 1.305180 1.148249 -4.484043
v 1.519671 0.521647 -4.582404
v 1.542010 0.501030 -4.584100
v 0.300014 1.246372 -4.452139
v 0.278923 1.246791 -4.450054
v 0.293030 1.163420 -4.451530
v 0.271810 1.153815 -4.449429
v 0.942673 1.161704 -4.450213
v 0.934552 1.152092 -4.448074
v 1.240617 0.231467 -4.532048
v 1.552282 0.236042 -4.603494
v 1.552282 0.236042 -4.641941
v 1.240617 0.231467 -4.570495
v 1.552282 0.236042 -4.603494
v 1.563799 0.260676 -4.595343
v 1.563799 0.260676 -4.633790
v 1.552282 0.236042 -4.641941
v 1.201828 1.349479 -4.448246
v 1.201966 1.349478 -4.448245
v 1.201966 1.349478 -4.409799
v 1.289286 1.150887 -4.446721
v 1.201966 1.349478 -4.409799
v 1.201966 1.349478 -4.448245
v 1.289286 1.150887 -4.485168
v 1.519637 0.521529 -4.543982
v 1.519671 0.521647 -4.582404
v 0.312671 1.350332 -4.413661
v 0.300014 1.246372 -4.413692
v 0.300014 1.246372 -4.452139
v 0.312671 1.350332 -4.452108
v 1.563799 0.260676 -4.595343
v 1.563799 0.260676 -4.633790
v 0.293030 1.163420 -4.413084
v 0.293030 1.163420 -4.451530
v 0.293030 1.163420 -4.413084
v 0.942673 1.161704 -4.411767
v 0.942673 1.161704 -4.450213
v 0.293030 1.163420 -4.451530
v 0.942673 1.161704 -4.411767
v 1.240617 0.231467 -4.532048
v 1.240617 0.231467 -4.570495
v 0.942673 1.161704 -4.450213
v 1.519637 0.521529 -4.543982
v 1.563799 0.260676 -4.595343
v 1.552282 0.236042 -4.603494
v 1.240617 0.231467 -4.532048
v 0.942673 1.161704 -4.411767
v 0.293030 1.163420 -4.413084
v 0.300014 1.246372 -4.413692
v 0.312671 1.350332 -4.413661
v 1.201966 1.349478 -4.409799
v 1.289286 1.150887 -4.446721
v 1.201966 1.349478 -4.409799
v 0.312671 1.350332 -4.413661
v 0.312671 1.350332 -4.452108
v 1.201828 1.349479 -4.448246
v 2.038318 -0.889156 -4.620201
v 1.857228 -0.889156 -4.642133
v 1.856837 -0.805196 -4.709732
v 2.102753 -0.805196 -4.679951
v 1.670300 -0.889156 -4.620201
v 1.602993 -0.805196 -4.679951
v 1.724952 -1.201792 -4.388265
v 1.677210 -1.278219 -4.327666
v 1.996332 -1.201792 -4.388265
v 2.045736 -1.278219 -4.327666
v 1.862795 -1.201792 -4.408404
v 1.864396 -1.278219 -4.355016
v 2.038318 -0.892896 -4.584459
v 1.857228 -0.883833 -4.591298
v 1.857228 -0.889156 -4.642133
v 2.038318 -0.889156 -4.620201
v 1.670300 -0.892896 -4.584459
v 1.670300 -0.889156 -4.620201
v 1.670300 -0.892896 -4.584459
v 1.724952 -1.203848 -4.349718
v 1.724952 -1.201792 -4.388265
v 1.670300 -0.889156 -4.620201
v 1.996332 -1.203848 -4.349718
v 2.038318 -0.892896 -4.584459
v 2.038318 -0.889156 -4.620201
v 1.996332 -1.201792 -4.388265
v 1.862795 -1.201060 -4.355997
v 1.996332 -1.203848 -4.349718
v 1.996332 -1.201792 -4.388265
v 1.862795 -1.201792 -4.408404
v 1.724952 -1.203848 -4.349718
v 1.724952 -1.201792 -4.388265
v 1.862795 -1.201060 -4.355997
v 1.724952 -1.203848 -4.349718
v 1.670300 -0.892896 -4.584459
v 1.857228 -0.883833 -4.591298
v 2.038318 -0.892896 -4.584459
v 1.996332 -1.203848 -4.349718
v 0.087528 -0.939598 -3.196425
v 0.002131 -0.939598 -3.196425
v 0.002131 -0.939384 -3.272595
v 0.087528 -0.945299 0.889147
v 0.002131 -0.941117 0.965107
v 0.002131 -0.945299 0.889147
v 0.087528 -0.944749 0.543020
v 0.098994 -0.925193 0.542935
v 0.098994 -0.925725 0.872472
v 0.087528 -0.945299 0.889147
v 0.087528 -0.944749 0.543020
v 0.087528 -0.945299 0.889147
v 0.002131 -0.945299 0.889147
v 0.002131 -0.944750 0.542912
v 0.100465 -0.922567 -1.377471
v 0.087528 -0.942117 -1.353651
v 0.087528 -0.941636 -1.665823
v 0.100465 -0.922112 -1.665907
v 0.966065 -0.940990 -1.671425
v 0.968103 -0.940470 -1.353181
v 0.926197 -0.921019 -1.377488
v 0.924586 -0.920897 -1.671214
v 0.968103 -0.940470 -1.353181
v 0.968562 -0.940607 -1.029782
v 0.087528 -0.942319 -1.030249
v 0.087528 -0.942117 -1.353651
v 0.925674 -0.921067 -1.013962
v 0.098994 -0.922749 -1.013939
v 0.087528 -0.942319 -1.030249
v 0.968562 -0.940607 -1.029782
v 0.087528 -0.942117 -1.353651
v 0.100465 -0.922567 -1.377471
v 0.926197 -0.921019 -1.377488
v 0.968103 -0.940470 -1.353181
v 0.098994 -0.925193 0.542935
v 0.911527 -0.924197 0.541694
v 0.904393 -0.925725 0.872472
v 0.490945 -0.925725 0.872472
v 0.098994 -0.925725 0.872472
v 0.100465 -0.922112 -1.665907
v 0.924586 -0.920897 -1.671214
v 0.926197 -0.921019 -1.377488
v 0.100465 -0.922567 -1.377471
v 0.966028 -0.940959 -1.703098
v 1.155434 -0.940205 -2.098026
v 0.968103 -0.940470 -1.353181
v 0.966065 -0.940990 -1.671425
v 0.100465 -0.922062 -1.697400
v 0.087528 -0.941586 -1.697315
v 0.087528 -0.941128 -1.981614
v 0.100465 -0.921598 -1.981614
v 0.924408 -0.920883 -1.702707
v 0.100465 -0.922062 -1.697400
v 0.100465 -0.921598 -1.981614
v 0.922778 -0.920759 -1.981614
v 0.966028 -0.940959 -1.703098
v 0.924408 -0.920883 -1.702707
v 0.922778 -0.920759 -1.981614
v 0.963807 -0.940670 -1.982759
v 0.100465 -0.921547 -2.013107
v 0.087528 -0.941078 -2.013107
v 0.087528 -0.940641 -2.292057
v 0.100465 -0.921104 -2.292057
v 0.922567 -0.920742 -2.013106
v 0.100465 -0.921547 -2.013107
v 0.100465 -0.921104 -2.292057
v 0.920459 -0.920558 -2.292040
v 0.964083 -0.940421 -2.014281
v 0.963807 -0.940670 -1.982759
v 0.100465 -0.921054 -2.323550
v 0.087528 -0.940592 -2.323550
v 0.087528 -0.940163 -2.603502
v 0.100465 -0.920619 -2.603500
v 0.920224 -0.920537 -2.323532
v 0.100465 -0.921054 -2.323550
v 0.100465 -0.920619 -2.603500
v 0.918156 -0.920357 -2.603415
v 0.961366 -0.940292 -2.323539
v 0.920224 -0.920537 -2.323532
v 0.918156 -0.920357 -2.603415
v 0.959389 -0.939988 -2.603442
v 0.100465 -0.920581 -2.634993
v 0.087528 -0.940125 -2.634995
v 0.087528 -0.939897 -2.893025
v 0.100465 -0.920354 -2.893003
v 0.917975 -0.920342 -2.634907
v 0.100465 -0.920581 -2.634993
v 0.100465 -0.920354 -2.893003
v 0.916926 -0.920250 -2.891654
v 0.959264 -0.939960 -2.634894
v 0.917975 -0.920342 -2.634907
v 0.916926 -0.920250 -2.891654
v 0.958153 -0.939800 -2.891612
v 0.100465 -0.920079 -3.174038
v 0.100465 -0.920324 -2.924496
v 0.087528 -0.939868 -2.924518
v 0.087528 -0.939598 -3.196425
v 0.916792 -0.920239 -2.923146
v 0.100465 -0.920324 -2.924496
v 0.100465 -0.920079 -3.174038
v 0.915694 -0.920143 -3.172914
v 0.956839 -0.939575 -3.196487
v 0.958109 -0.939778 -2.923078
v 0.916792 -0.920239 -2.923146
v 0.915694 -0.920143 -3.172914
v 0.961654 -0.940327 -2.292035
v 1.156064 -0.939378 -3.615921
v 1.155961 -0.939513 -3.367659
v 0.958153 -0.939800 -2.891612
v 0.958109 -0.939778 -2.923078
v 0.959389 -0.939988 -2.603442
v 0.961366 -0.940292 -2.323539
v 0.959264 -0.939960 -2.634894
v 0.966028 -0.940959 -1.703098
v 0.966065 -0.940990 -1.671425
v 0.087528 -0.941636 -1.665823
v 0.087528 -0.941586 -1.697315
v 0.964083 -0.940421 -2.014281
v 0.963807 -0.940670 -1.982759
v 0.087528 -0.941128 -1.981614
v 0.087528 -0.941078 -2.013107
v 0.961366 -0.940292 -2.323539
v 0.961654 -0.940327 -2.292035
v 0.087528 -0.940641 -2.292057
v 0.087528 -0.940592 -2.323550
v 0.959264 -0.939960 -2.634894
v 0.959389 -0.939988 -2.603442
v 0.087528 -0.940163 -2.603502
v 0.087528 -0.940125 -2.634995
v 0.958109 -0.939778 -2.923078
v 0.958153 -0.939800 -2.891612
v 0.087528 -0.939897 -2.893025
v 0.087528 -0.939868 -2.924518
v 0.087528 -0.941128 -1.981614
v 0.963807 -0.940670 -1.982759
v 0.922778 -0.920759 -1.981614
v 0.100465 -0.921598 -1.981614
v 0.924586 -0.920897 -1.671214
v 0.100465 -0.922112 -1.665907
v 0.087528 -0.941636 -1.665823
v 0.966065 -0.940990 -1.671425
v 0.920459 -0.920558 -2.292040
v 0.100465 -0.921104 -2.292057
v 0.087528 -0.940641 -2.292057
v 0.961654 -0.940327 -2.292035
v 0.918156 -0.920357 -2.603415
v 0.100465 -0.920619 -2.603500
v 0.087528 -0.940163 -2.603502
v 0.959389 -0.939988 -2.603442
v 0.916926 -0.920250 -2.891654
v 0.100465 -0.920354 -2.893003
v 0.087528 -0.939897 -2.893025
v 0.958153 -0.939800 -2.891612
v 0.922567 -0.920742 -2.013106
v 0.964083 -0.940421 -2.014281
v 0.087528 -0.941078 -2.013107
v 0.100465 -0.921547 -2.013107
v 0.087528 -0.941586 -1.697315
v 0.100465 -0.922062 -1.697400
v 0.924408 -0.920883 -1.702707
v 0.966028 -0.940959 -1.703098
v 0.087528 -0.940592 -2.323550
v 0.100465 -0.921054 -2.323550
v 0.920224 -0.920537 -2.323532
v 0.961366 -0.940292 -2.323539
v 0.087528 -0.940125 -2.634995
v 0.100465 -0.920581 -2.634993
v 0.917975 -0.920342 -2.634907
v 0.959264 -0.939960 -2.634894
v 0.087528 -0.939868 -2.924518
v 0.100465 -0.920324 -2.924496
v 0.916792 -0.920239 -2.923146
v 0.958109 -0.939778 -2.923078
v 0.974747 -0.941449 -0.434412
v 0.974621 -0.941281 -0.402983
v 0.929254 -0.921339 -0.688402
v 0.972449 -0.941033 -0.687777
v 0.974747 -0.941449 -0.434412
v 0.932023 -0.921550 -0.434917
v 0.961778 -0.942620 0.188067
v 0.967833 -0.942075 -0.090076
v 1.154636 -0.941360 -0.220654
v 1.154562 -0.941894 0.065321
v 0.924842 -0.922188 -0.089889
v 0.967833 -0.942075 -0.090076
v 0.961778 -0.942620 0.188067
v 0.918666 -0.922713 0.187236
v 0.954995 -0.944228 0.542715
v 0.904393 -0.925725 0.872472
v 0.911527 -0.924197 0.541694
v 0.954995 -0.944228 0.542715
v 0.947307 -0.945299 0.889147
v 0.098994 -0.922749 -1.013939
v 0.098994 -0.923210 -0.721824
v 0.087528 -0.942798 -0.721851
v 0.087528 -0.942319 -1.030249
v 0.928909 -0.921313 -0.719893
v 0.098994 -0.923210 -0.721824
v 0.098994 -0.922749 -1.013939
v 0.925674 -0.921067 -1.013962
v 0.098994 -0.923663 -0.434147
v 0.087528 -0.943244 -0.434136
v 0.087528 -0.942847 -0.690358
v 0.098994 -0.923259 -0.690332
v 0.932023 -0.921550 -0.434917
v 0.098994 -0.923663 -0.434147
v 0.098994 -0.923259 -0.690332
v 0.929254 -0.921339 -0.688402
v 0.098994 -0.924157 -0.121302
v 0.087528 -0.943730 -0.121300
v 0.087528 -0.943293 -0.402643
v 0.098994 -0.923713 -0.402654
v 0.925545 -0.922129 -0.121375
v 0.098994 -0.924157 -0.121302
v 0.098994 -0.923713 -0.402654
v 0.931844 -0.921593 -0.403428
v 0.098994 -0.924645 0.187549
v 0.087528 -0.944210 0.187554
v 0.087528 -0.943779 -0.089808
v 0.098994 -0.924207 -0.089809
v 0.918666 -0.922713 0.187236
v 0.098994 -0.924645 0.187549
v 0.098994 -0.924207 -0.089809
v 0.924842 -0.922188 -0.089889
v 0.098994 -0.925143 0.511443
v 0.087528 -0.944701 0.511527
v 0.087528 -0.944258 0.219046
v 0.098994 -0.924694 0.219042
v 0.912181 -0.924057 0.510207
v 0.098994 -0.925143 0.511443
v 0.098994 -0.924694 0.219042
v 0.918001 -0.922810 0.218723
v 0.972379 -0.941168 -0.719300
v 0.972449 -0.941033 -0.687777
v 0.087528 -0.942847 -0.690358
v 0.087528 -0.942798 -0.721851
v 0.974747 -0.941449 -0.434412
v 0.974621 -0.941281 -0.402983
v 0.087528 -0.943293 -0.402643
v 0.087528 -0.943244 -0.434136
v 0.968237 -0.941829 -0.121727
v 0.967833 -0.942075 -0.090076
v 0.087528 -0.943779 -0.089808
v 0.087528 -0.943730 -0.121300
v 0.961778 -0.942620 0.188067
v 0.961278 -0.942476 0.219457
v 0.087528 -0.944258 0.219046
v 0.087528 -0.944210 0.187554
v 0.955493 -0.943851 0.510930
v 0.954995 -0.944228 0.542715
v 0.087528 -0.944701 0.511527
v 0.928909 -0.921313 -0.719893
v 0.972379 -0.941168 -0.719300
v 0.087528 -0.942798 -0.721851
v 0.098994 -0.923210 -0.721824
v 0.929254 -0.921339 -0.688402
v 0.098994 -0.923259 -0.690332
v 0.087528 -0.942847 -0.690358
v 0.972449 -0.941033 -0.687777
v 0.087528 -0.943293 -0.402643
v 0.974621 -0.941281 -0.402983
v 0.931844 -0.921593 -0.403428
v 0.098994 -0.923713 -0.402654
v 0.932023 -0.921550 -0.434917
v 0.974747 -0.941449 -0.434412
v 0.087528 -0.943244 -0.434136
v 0.098994 -0.923663 -0.434147
v 0.925545 -0.922129 -0.121375
v 0.968237 -0.941829 -0.121727
v 0.087528 -0.943730 -0.121300
v 0.098994 -0.924157 -0.121302
v 0.924842 -0.922188 -0.089889
v 0.098994 -0.924207 -0.089809
v 0.087528 -0.943779 -0.089808
v 0.967833 -0.942075 -0.090076
v 0.087528 -0.944258 0.219046
v 0.961278 -0.942476 0.219457
v 0.918001 -0.922810 0.218723
v 0.098994 -0.924694 0.219042
v 0.918666 -0.922713 0.187236
v 0.961778 -0.942620 0.188067
v 0.087528 -0.944210 0.187554
v 0.098994 -0.924645 0.187549
v 0.912181 -0.924057 0.510207
v 0.955493 -0.943851 0.510930
v 0.087528 -0.944701 0.511527
v 0.098994 -0.925143 0.511443
v 0.911527 -0.924197 0.541694
v 0.098994 -0.925193 0.542935
v 0.087528 -0.944749 0.543020
v 0.954995 -0.944228 0.542715
v 1.633479 0.468377 -4.670392
v 1.586377 0.461066 -4.661669
v 1.643798 0.466959 -4.659606
v 1.633479 0.468377 -4.670392
v 1.576742 0.492543 -4.661718
v 1.586377 0.461066 -4.661669
v 1.571146 0.454528 -4.650430
v 1.586377 0.461066 -4.661669
v 1.591481 0.432766 -4.656634
v 1.571146 0.454528 -4.650430
v 1.427496 1.150897 -1.397022
v 1.399167 1.225311 -1.387573
v 1.427496 1.150897 -1.397022
v 1.398587 1.225035 -1.464820
v 0.476702 -0.196847 -4.546874
v 1.186531 -0.209264 -4.567877
v 1.141456 -0.271497 -4.554025
v 0.478627 -0.518351 -4.496399
v 1.163108 -0.078232 -4.566660
v 0.413082 -0.072899 -4.549109
v 1.071128 0.155913 -4.545752
v 0.887281 -0.624253 -4.471677
v 0.504852 -0.628392 -4.470711
v 0.313866 0.043787 -4.541408
v 0.864567 0.837457 -4.443345
v 0.136993 0.017953 -4.549613
v 0.242339 -0.034987 -4.550689
v 0.305033 -0.088900 -4.551123
v 0.002131 -0.184617 -4.542892
v 0.042428 0.031185 -4.552747
v 0.002131 0.031185 -4.552747
v 0.371364 -0.195005 -4.546693
v 0.339866 -0.624449 -4.471632
v 0.162960 -0.635913 -4.468956
v 0.371960 -0.558076 -4.487126
v 0.002131 0.987904 -4.438434
v 0.002131 1.131413 -4.420938
v 0.160616 1.128323 -4.422836
v 0.210077 0.123181 -4.557537
v 0.313866 0.043787 -4.559857
v 0.242339 -0.034987 -4.569138
v 0.136993 0.017953 -4.568062
v 1.205421 0.198828 -4.561699
v 1.071128 0.155913 -4.564202
v 0.864567 0.837457 -4.461794
v 0.816444 0.996238 -4.437936
v 0.910441 1.131578 -4.421216
v 1.304729 -0.148061 -4.585211
v 1.163108 -0.078232 -4.585110
v 0.042392 0.146988 -4.554421
v 0.042428 0.031185 -4.571196
v 1.186530 -0.209264 -4.586327
v 1.303084 -0.211303 -4.586526
v 1.141456 -0.271497 -4.572475
v 0.413082 -0.072899 -4.567558
v 0.476702 -0.196847 -4.565323
v 0.478627 -0.518351 -4.514848
v 0.371960 -0.558076 -4.505575
v 0.371364 -0.195004 -4.565143
v 0.930448 -0.698959 -4.472686
v 0.002131 -0.698959 -4.472686
v 0.002131 -0.695810 -4.473421
v 0.162960 -0.635913 -4.486617
v 0.339866 -0.624449 -4.490081
v 0.504852 -0.628392 -4.489160
v 0.887281 -0.624253 -4.490127
v 0.002131 -0.646669 -4.484162
v 0.160616 1.128324 -4.404386
v 0.160616 1.128323 -4.422836
v 0.002131 1.131413 -4.420938
v 0.002131 1.131413 -4.402488
v 0.258855 1.128750 -4.418972
v 0.258855 1.128750 -4.422623
v 0.910442 1.131578 -4.402767
v 0.910441 1.131578 -4.421216
v 0.313866 0.043787 -4.541408
v 0.413082 -0.072899 -4.549109
v 0.413082 -0.072899 -4.567558
v 0.313866 0.043787 -4.559857
v 0.305033 -0.088900 -4.551123
v 0.242339 -0.034987 -4.550689
v 0.242339 -0.034987 -4.569138
v 0.305033 -0.088900 -4.569572
v 0.136993 0.017953 -4.549613
v 0.136993 0.017953 -4.568062
v 0.910442 1.131578 -4.402767
v 1.205422 0.198828 -4.543250
v 1.205421 0.198828 -4.561699
v 0.910441 1.131578 -4.421216
v 1.071128 0.155913 -4.545752
v 0.864567 0.837457 -4.443345
v 0.864567 0.837457 -4.461794
v 1.071128 0.155913 -4.564202
v 1.304730 -0.148061 -4.566763
v 1.304729 -0.148061 -4.585211
v 1.163108 -0.078232 -4.566660
v 1.163108 -0.078232 -4.585110
v 0.210077 0.123181 -4.539088
v 0.210077 0.123181 -4.557537
v 0.042392 0.146988 -4.554421
v 0.042392 0.146988 -4.536661
v 0.210077 0.123181 -4.539088
v 0.816444 0.996239 -4.419487
v 0.816444 0.996238 -4.437936
v 0.210077 0.123181 -4.557537
v 0.864567 0.837457 -4.443345
v 0.313866 0.043787 -4.541408
v 0.313866 0.043787 -4.559857
v 0.864567 0.837457 -4.461794
v 1.141456 -0.271497 -4.554025
v 1.186531 -0.209264 -4.567877
v 1.186530 -0.209264 -4.586327
v 1.141456 -0.271497 -4.572475
v 0.413082 -0.072899 -4.549109
v 1.163108 -0.078232 -4.566660
v 1.163108 -0.078232 -4.585110
v 0.413082 -0.072899 -4.567558
v 0.371364 -0.195005 -4.546693
v 0.371364 -0.195004 -4.565143
v 1.303084 -0.211303 -4.568077
v 1.303084 -0.211303 -4.586526
v 1.186531 -0.209264 -4.567877
v 0.476702 -0.196847 -4.546874
v 0.476702 -0.196847 -4.565323
v 1.186530 -0.209264 -4.586327
v 0.476702 -0.196847 -4.546874
v 0.478627 -0.518351 -4.496399
v 0.478627 -0.518351 -4.514848
v 0.476702 -0.196847 -4.565323
v 0.371960 -0.558076 -4.487126
v 0.371960 -0.558076 -4.505575
v 0.339866 -0.624449 -4.471632
v 0.339866 -0.624449 -4.490081
v 0.504852 -0.628392 -4.470711
v 0.504852 -0.628392 -4.489160
v 0.504852 -0.628392 -4.470711
v 0.887281 -0.624253 -4.471677
v 0.887281 -0.624253 -4.490127
v 0.504852 -0.628392 -4.489160
v 0.887281 -0.624253 -4.471677
v 0.887281 -0.624253 -4.490127
v 1.303084 -0.211303 -4.568077
v 0.930448 -0.698959 -4.454238
v 0.930448 -0.698959 -4.472686
v 1.303084 -0.211303 -4.586526
v 0.162960 -0.635913 -4.468956
v 0.339866 -0.624449 -4.471632
v 0.339866 -0.624449 -4.490081
v 0.162960 -0.635913 -4.486617
v 0.305033 -0.088900 -4.569572
v 1.156064 -0.939378 -3.615921
v 1.784887 -0.103334 -4.084100
v 1.732588 -0.168214 -3.815248
v 1.692896 -0.217562 -3.418029
v 0.002131 -0.085829 4.692487
v 0.772791 -0.085829 4.692487
v 0.002131 0.193470 4.349486
v 0.002131 1.071458 2.484531
v 0.002131 1.250991 0.993160
v 1.062729 1.250991 0.993160
v 0.002131 1.263251 0.964849
v 0.002131 1.250991 0.993160
v 1.062729 1.250991 0.993160
v 1.103220 1.263251 0.964849
v 0.002131 1.262919 -1.610313
v 0.203436 1.262469 -1.610446
v 0.002131 1.365016 -1.715549
v 0.002131 1.271356 -1.629530
v 0.201699 1.270899 -1.629615
v 0.201326 1.364608 -1.715653
v 0.002131 1.372879 -4.043463
v 0.002131 1.373458 -1.734768
v 0.187637 1.373106 -1.734854
v 0.163855 1.371070 -4.044546
v 0.002131 -0.721703 3.082415
v 0.002131 -0.754895 3.090981
v 0.541711 -0.754895 3.090981
v 0.541711 -0.754895 3.090981
v 0.541711 -0.721703 3.082415
v 0.002131 -0.721703 3.082415
v 0.002131 -0.721703 3.082415
v 0.541711 -0.721703 3.082415
v 0.615952 0.179120 4.319646
v 0.002131 0.179539 4.319069
v 0.002131 0.193470 4.349486
v 0.002131 0.193470 4.349486
v 0.626770 0.193043 4.350075
v 0.615952 0.179120 4.319646
v 0.002131 0.800071 3.256032
v 0.643586 0.766247 3.290828
v 0.002131 0.179539 4.319069
v 0.615952 0.179120 4.319646
v 0.002131 1.262287 -4.167913
v 0.002131 1.270694 -4.148699
v 0.175138 1.268681 -4.149940
v 0.175138 1.268681 -4.149940
v 0.174674 1.260262 -4.169102
v 0.002131 1.262287 -4.167913
v 0.002131 1.364433 -4.062678
v 0.002131 1.372879 -4.043463
v 0.163855 1.371070 -4.044546
v 0.163855 1.371070 -4.044546
v 0.177148 1.362551 -4.063829
v 0.002131 1.364433 -4.062678
v 0.002131 -0.887186 -4.453094
v 0.002131 -0.875755 -4.464477
v 1.145363 -0.881306 -4.464516
v 1.145363 -0.881306 -4.464516
v 1.156412 -0.887189 -4.453095
v 0.002131 -0.887186 -4.453094
v 0.002131 -0.711050 -4.463869
v 0.002131 -0.698959 -4.454238
v 0.930448 -0.698959 -4.454238
v 0.941210 -0.705508 -4.463829
v 0.002131 1.281856 0.052773
v 0.002131 1.262556 0.064169
v 0.002131 1.387666 -0.009840
v 0.121214 1.386886 -0.048632
v 0.002131 1.386887 -0.048631
v 0.002131 1.382067 -0.122313
v 0.205893 1.382068 -0.122313
v 0.088635 1.344499 -0.459522
v 0.002131 1.344499 -0.459522
v 0.002131 1.283084 0.045086
v 0.002131 1.281856 0.052773
v 0.002131 -0.942117 -1.353649
v 0.002131 -0.941636 -1.665273
v 0.002131 -0.942319 -1.030247
v 0.002131 -0.941587 -1.696765
v 0.002131 -0.941128 -1.981614
v 0.002131 -0.941078 -2.013107
v 0.002131 -0.940641 -2.292059
v 0.002131 -0.940592 -2.323552
v 0.002131 -0.940163 -2.603510
v 0.002131 -0.940125 -2.635002
v 0.002131 -0.939897 -2.893166
v 0.002131 -0.939868 -2.924658
v 0.002131 -0.939598 -3.196425
v 0.087528 -0.939598 -3.196425
v 0.002131 -0.942797 -0.722049
v 0.002131 -0.943244 -0.434057
v 0.002131 -0.942846 -0.690557
v 0.002131 -0.943730 -0.121293
v 0.002131 -0.943293 -0.402564
v 0.002131 -0.944210 0.187587
v 0.002131 -0.943779 -0.089800
v 0.002131 -0.944702 0.511419
v 0.002131 -0.944258 0.219079
v 0.002131 0.987904 -4.419986
v 0.816444 0.996239 -4.419487
v 0.210077 0.123181 -4.539088
v 0.042392 0.146988 -4.536661
v 0.002131 0.149952 -4.536660
v 0.002131 0.987904 -4.419986
v 0.002131 0.987904 -4.438434
v 0.816444 0.996238 -4.437936
v 0.816444 0.996239 -4.419487
v 0.042428 0.031185 -4.552747
v 0.042428 0.031185 -4.571196
v 0.002131 -0.698959 -4.454238
v 0.002131 -0.698959 -4.472686
v 0.930448 -0.698959 -4.472686
v 0.930448 -0.698959 -4.454238
v -0.820750 0.184966 4.349112
v -1.122847 -0.077328 4.311425
v -0.788677 -0.085648 4.684365
v -1.517896 -0.063667 3.636612
v -1.338176 -0.070241 3.993748
v -0.849564 0.421229 3.981334
v -0.878223 0.609707 3.634360
v -1.763458 -0.046931 2.491303
v -1.716255 -0.051525 2.904096
v -0.931294 0.926989 2.944990
v -0.961153 1.061822 2.484589
v -1.778563 -0.044419 2.055916
v -0.993479 1.141424 2.095093
v -1.779190 -0.042244 1.678792
v -1.022365 1.190398 1.676005
v -1.076963 1.240729 0.992151
v -1.779446 -0.040408 0.866279
v -1.779446 -0.040408 0.866279
v -1.076963 1.240729 0.992151
v -1.117148 1.252861 0.963837
v -1.779446 -0.040408 0.837830
v -1.779446 -0.040408 0.837830
v -1.117148 1.252861 0.963837
v -1.116256 1.252824 0.579596
v -1.779336 -0.039624 0.579596
v -1.153727 -0.138579 4.295427
v -1.122847 -0.077328 4.311425
v -1.338176 -0.070241 3.993748
v -1.338176 -0.131182 3.993748
v -0.768529 -0.085829 4.692487
v -0.786585 -0.095934 4.694912
v -0.813397 -0.148175 4.707450
v -1.517294 -0.124636 3.638116
v -1.517896 -0.063667 3.636612
v -1.763458 -0.107871 2.491303
v -1.716420 -0.112454 2.903308
v -1.716255 -0.051525 2.904096
v -1.763458 -0.046931 2.491303
v -1.778575 -0.105357 2.055305
v -1.778563 -0.044419 2.055916
v -1.779190 -0.103185 1.678792
v -1.779190 -0.042244 1.678792
v -1.779446 -0.040408 0.866279
v -1.779446 -0.101349 0.866279
v -1.779446 -0.101349 0.866279
v -1.779446 -0.040408 0.866279
v -1.779446 -0.040408 0.837830
v -1.779446 -0.101349 0.837830
v -1.779596 -0.101349 0.579596
v -1.779446 -0.101349 0.837830
v -1.779446 -0.040408 0.837830
v -1.779336 -0.039624 0.579596
v -1.782122 -0.101350 -4.669188
v -1.780625 -0.103334 -4.084100
v -1.781509 -0.040581 -4.172206
v -1.782115 -0.040388 -4.669188
v -0.992377 -0.494501 3.869705
v -1.153727 -0.138579 4.295427
v -1.338176 -0.131182 3.993748
v -1.075973 -0.754895 3.090981
v -1.517294 -0.124636 3.638116
v -1.625235 -0.118331 3.295582
v -1.119037 -0.885020 1.983890
v -1.716420 -0.112454 2.903308
v -1.763458 -0.107871 2.491303
v -1.140045 -0.945299 0.889147
v -1.778575 -0.105357 2.055305
v -1.779190 -0.103185 1.678792
v -1.150249 -0.942260 0.261597
v -1.321398 -0.145501 -4.579597
v -1.318406 -0.206918 -4.580288
v -1.769438 -0.041735 -4.680653
v -0.537449 -0.754895 3.090981
v -1.075973 -0.754895 3.090981
v -1.119037 -0.885020 1.983890
v -0.943045 -0.945299 0.889147
v -0.083266 -0.945299 0.889147
v -1.140045 -0.945299 0.889147
v -1.152149 -0.887189 -4.453095
v -0.563716 -0.887962 -3.319727
v -0.707782 -0.887962 -3.677910
v -1.151829 -0.887962 -3.681878
v -0.172886 1.362551 -4.063829
v -0.170875 1.268681 -4.149940
v -0.936948 -0.705508 -4.463829
v -1.141101 -0.881306 -4.464516
v -1.769259 -0.101437 -4.680669
v -1.587295 0.206877 -4.620894
v -1.227869 0.201324 -4.549410
v -1.305973 -0.208422 -4.569154
v -1.298822 -0.211303 -4.568077
v -0.926186 -0.698959 -4.454238
v -1.300468 -0.148061 -4.566763
v -1.309229 -0.145384 -4.568497
v -1.215825 0.201801 -4.537912
v -1.201159 0.198828 -4.543250
v -0.906180 1.131578 -4.402767
v -0.813397 -0.148175 4.707450
v -0.786585 -0.095934 4.694912
v -0.788677 -0.085648 4.684365
v -0.923962 -0.314869 4.304228
v -0.813397 -0.148175 4.707450
v -0.813397 -0.148175 4.707450
v -0.923962 -0.314869 4.304228
v -0.553837 -0.315860 4.301828
v -1.625235 -0.057390 3.295582
v -1.625235 -0.118331 3.295582
v -0.906174 0.782284 3.301661
v -1.625235 -0.057390 3.295582
v -1.003320 1.200457 1.675983
v -0.974076 1.151322 2.095249
v -0.563716 -0.887962 -3.319727
v -0.563716 -0.939342 -3.319727
v -0.707782 -0.939342 -3.677910
v -0.707782 -0.887962 -3.677910
v -0.707782 -0.887962 -3.677910
v -0.707782 -0.939342 -3.677910
v -1.151829 -0.939342 -3.681878
v -1.151829 -0.887962 -3.681878
v -0.563716 -0.887962 -3.319727
v 0.002131 -0.887962 -3.310285
v 0.002131 -0.939342 -3.310285
v -0.563716 -0.939342 -3.319727
v -1.151829 -0.939342 -3.681878
v -1.151802 -0.939378 -3.615921
v -1.151829 -0.887962 -3.681878
v -0.563716 -0.939342 -3.319727
v -0.083266 -0.939598 -3.196425
v -0.952577 -0.939575 -3.196487
v -1.151829 -0.939342 -3.681878
v -0.707782 -0.939342 -3.677910
v -0.968117 -0.941168 -0.719300
v -0.968187 -0.941033 -0.687777
v -1.150414 -0.941069 -0.376940
v -0.964300 -0.940607 -1.029782
v -0.970359 -0.941281 -0.402983
v -0.963975 -0.941829 -0.121727
v -1.150414 -0.941069 -0.376940
v -0.957016 -0.942476 0.219457
v -0.951231 -0.943851 0.510930
v -1.150249 -0.942260 0.261597
v -0.083266 -0.945299 0.889147
v -0.943045 -0.945299 0.889147
v -0.900131 -0.925725 0.872472
v -0.486683 -0.925725 0.872472
v -0.094732 -0.925725 0.872472
v -0.916197 -0.920558 -2.292040
v -0.918305 -0.920742 -2.013106
v -0.959820 -0.940421 -2.014281
v -0.957392 -0.940327 -2.292035
v -0.096203 -0.920079 -3.174038
v -0.911432 -0.920143 -3.172914
v -0.952577 -0.939575 -3.196487
v -0.083266 -0.939598 -3.196425
v -0.968117 -0.941168 -0.719300
v -0.964300 -0.940607 -1.029782
v -0.921412 -0.921067 -1.013962
v -0.924646 -0.921313 -0.719893
v -0.963975 -0.941829 -0.121727
v -0.970359 -0.941281 -0.402983
v -0.927582 -0.921593 -0.403428
v -0.921282 -0.922129 -0.121375
v -0.951231 -0.943851 0.510930
v -0.957016 -0.942476 0.219457
v -0.913738 -0.922810 0.218723
v -0.907919 -0.924057 0.510207
v -0.547168 -0.494501 3.869705
v -0.992377 -0.494501 3.869705
v -0.553837 -0.282668 4.293261
v 0.002131 -0.284159 4.289656
v 0.002131 -0.317351 4.298223
v 0.002131 -0.317351 4.298223
v -0.553837 -0.315860 4.301828
v -0.553837 -0.282668 4.293261
v -0.553837 -0.282668 4.293261
v -0.553837 -0.315860 4.301828
v -0.547168 -0.494501 3.869705
v -0.547168 -0.461309 3.861138
v -0.547168 -0.461309 3.861138
v -0.547168 -0.494501 3.869705
v -0.537449 -0.754895 3.090981
v -0.537449 -0.721703 3.082414
v -0.553837 -0.282668 4.293261
v -0.547168 -0.461309 3.861138
v -0.630870 0.429809 3.981117
v -0.828164 0.429809 3.981117
v -0.798727 0.192922 4.350241
v -0.622508 0.193043 4.350075
v -0.640053 0.615763 3.639623
v -0.857048 0.618307 3.634627
v -0.650622 0.791379 3.301064
v -0.885391 0.791324 3.301563
v -0.661242 0.936546 2.944806
v -0.910948 0.936321 2.945351
v -0.673238 1.071458 2.484531
v -0.941311 1.071458 2.484531
v -0.619909 0.411392 3.957692
v -0.630870 0.429809 3.981117
v -0.622508 0.193043 4.350075
v -0.622508 0.193043 4.350075
v -0.611690 0.179120 4.319646
v -0.619909 0.411392 3.957692
v -0.628936 0.593816 3.622681
v -0.640053 0.615763 3.639623
v -0.630870 0.429809 3.981117
v -0.630870 0.429809 3.981117
v -0.619909 0.411392 3.957692
v -0.628936 0.593816 3.622681
v -0.639324 0.766247 3.290828
v -0.650622 0.791379 3.301064
v -0.640053 0.615763 3.639623
v -0.640053 0.615763 3.639623
v -0.628936 0.593816 3.622681
v -0.639324 0.766247 3.290828
v -0.649762 0.908510 2.941052
v -0.661242 0.936546 2.944806
v -0.650622 0.791379 3.301064
v -0.650622 0.791379 3.301064
v -0.639324 0.766247 3.290828
v -0.649762 0.908510 2.941052
v -0.661553 1.040860 2.487966
v 0.002131 1.071458 2.484531
v -0.673238 1.071458 2.484531
v -0.661553 1.040860 2.487966
v -0.661553 1.040860 2.487966
v -0.673238 1.071458 2.484531
v -0.661242 0.936546 2.944806
v -0.661242 0.936546 2.944806
v -0.649762 0.908510 2.941052
v -0.661553 1.040860 2.487966
v -0.661553 1.040860 2.487966
v -0.649762 0.908510 2.941052
v -0.628936 0.593816 3.622681
v -0.619909 0.411392 3.957692
v -1.779596 -0.101349 0.579596
v -1.639971 -0.287539 0.579423
v -1.779446 -0.101349 0.837830
v -1.779446 -0.101349 0.866279
v -0.768529 -0.085829 4.692487
v -0.788677 -0.085648 4.684365
v -0.786585 -0.095934 4.694912
v -0.820750 0.184966 4.349112
v -0.788677 -0.085648 4.684365
v -0.768529 -0.085829 4.692487
v -0.798727 0.192922 4.350241
v -0.878223 0.609707 3.634360
v -0.849564 0.421229 3.981334
v -0.828164 0.429809 3.981117
v -0.857048 0.618307 3.634627
v -0.961153 1.061822 2.484589
v -0.931294 0.926989 2.944990
v -0.910948 0.936321 2.945351
v -0.941311 1.071458 2.484531
v -0.993479 1.141424 2.095093
v -0.974076 1.151322 2.095249
v -1.076963 1.240729 0.992151
v -1.022365 1.190398 1.676005
v -1.003320 1.200457 1.675983
v -1.058467 1.250991 0.993160
v -1.117148 1.252861 0.963837
v -1.076963 1.240729 0.992151
v -1.058467 1.250991 0.993160
v -1.098958 1.263251 0.964849
v -1.116256 1.252824 0.579596
v -1.117148 1.252861 0.963837
v -1.098958 1.263251 0.964849
v -1.098958 1.263251 0.964849
v -1.098037 1.263249 0.579524
v -1.116256 1.252824 0.579596
v -0.906174 0.782284 3.301661
v -0.885391 0.791324 3.301563
v -0.183375 1.373106 -1.734854
v -0.159593 1.371070 -4.044546
v -0.172886 1.362551 -4.063829
v -0.172886 1.362551 -4.063829
v -0.197064 1.364608 -1.715653
v -0.183375 1.373106 -1.734854
v 0.002131 1.262919 -1.610313
v 0.002131 1.271356 -1.629530
v -0.197437 1.270899 -1.629615
v -0.197437 1.270899 -1.629615
v -0.199174 1.262469 -1.610446
v 0.002131 1.262919 -1.610313
v 0.002131 1.365016 -1.715549
v 0.002131 1.373458 -1.734768
v -0.183375 1.373106 -1.734854
v -0.183375 1.373106 -1.734854
v -0.197064 1.364608 -1.715653
v 0.002131 1.365016 -1.715549
v -1.587295 0.206877 -4.620894
v -1.769438 -0.041735 -4.680653
v -1.782115 -0.040388 -4.669188
v -1.782115 -0.040388 -4.669188
v -1.599720 0.205076 -4.612101
v -1.587295 0.206877 -4.620894
v -1.782122 -0.101350 -4.669188
v -1.782115 -0.040388 -4.669188
v -1.769438 -0.041735 -4.680653
v -1.769438 -0.041735 -4.680653
v -1.769259 -0.101437 -4.680669
v -1.782122 -0.101350 -4.669188
v -1.769259 -0.101437 -4.680669
v -1.141101 -0.881306 -4.464516
v -1.152149 -0.887189 -4.453095
v -1.152149 -0.887189 -4.453095
v -1.782122 -0.101350 -4.669188
v -1.769259 -0.101437 -4.680669
v -1.305973 -0.208422 -4.569154
v -0.926186 -0.698959 -4.454238
v -0.936948 -0.705508 -4.463829
v -1.318406 -0.206918 -4.580288
v -1.215825 0.201801 -4.537912
v -1.309229 -0.145384 -4.568497
v -1.321398 -0.145501 -4.579597
v -1.227869 0.201324 -4.549410
v -0.254020 1.140543 -4.415336
v -0.254593 1.128750 -4.404174
v -0.906180 1.131578 -4.402767
v -0.916069 1.138920 -4.414130
v -0.156354 1.128324 -4.404386
v -0.156661 1.139408 -4.416602
v -0.906180 1.131578 -4.402767
v -1.215825 0.201801 -4.537912
v -1.227869 0.201324 -4.549410
v -0.916069 1.138920 -4.414130
v -1.441766 -0.550394 0.573675
v -1.638217 -0.287539 0.573915
v -1.441314 -0.550394 0.197142
v -1.441379 -0.550394 0.010714
v -1.777841 -0.101349 0.574084
v -1.778176 -0.101349 0.010925
v -1.777338 -0.037878 0.010925
v -1.777582 -0.039624 0.574084
v -1.114501 1.252824 0.574084
v -1.113141 1.252829 0.010925
v -1.778176 -0.101349 0.010925
v -1.777841 -0.101349 0.574084
v -1.777582 -0.039624 0.574084
v -1.777338 -0.037878 0.010925
v -1.094912 1.263247 0.011197
v -1.096283 1.263249 0.574014
v -0.989017 1.263237 0.573426
v -0.992563 1.263215 0.013362
v -1.113141 1.252829 0.010925
v -1.114501 1.252824 0.574084
v -1.096283 1.263249 0.574014
v -1.096283 1.263249 0.574014
v -1.094912 1.263247 0.011197
v -1.113141 1.252829 0.010925
v -1.672251 -0.130649 0.572805
v -1.779596 -0.101349 0.579596
v -1.779336 -0.039624 0.579596
v -1.671995 -0.069794 0.572805
v -1.671995 -0.069794 0.572805
v -1.779336 -0.039624 0.579596
v -1.116256 1.252824 0.579596
v -1.116256 1.252824 0.579596
v -1.003889 1.223571 0.572406
v -1.671995 -0.069794 0.572805
v -1.002824 1.224096 0.010328
v -1.114895 1.252829 0.004768
v -1.779092 -0.037878 0.004768
v -1.779092 -0.037878 0.004768
v -1.622898 -0.026097 0.008806
v -1.002824 1.224096 0.010328
v -1.622898 -0.026097 0.008806
v -1.779092 -0.037878 0.004768
v -1.779930 -0.101349 0.004768
v -1.623724 -0.088673 0.008806
v -1.530544 -0.317846 0.573286
v -1.639971 -0.287539 0.579423
v -1.779596 -0.101349 0.579596
v -1.779596 -0.101349 0.579596
v -1.672251 -0.130649 0.572805
v -1.530544 -0.317846 0.573286
v -1.333103 -0.579413 0.573142
v -1.443521 -0.550394 0.579178
v -1.639971 -0.287539 0.579423
v -1.639971 -0.287539 0.579423
v -1.530544 -0.317846 0.573286
v -1.333103 -0.579413 0.573142
v -1.332656 -0.579413 0.196730
v -1.443068 -0.550394 0.194843
v -1.443521 -0.550394 0.579178
v -1.443521 -0.550394 0.579178
v -1.333103 -0.579413 0.573142
v -1.332656 -0.579413 0.196730
v -1.332720 -0.579413 0.010362
v -1.443133 -0.550394 0.004552
v -1.443068 -0.550394 0.194843
v -1.443068 -0.550394 0.194843
v -1.332656 -0.579413 0.196730
v -1.332720 -0.579413 0.010362
v -1.623724 -0.088673 0.008806
v -1.779930 -0.101349 0.004768
v -1.443133 -0.550394 0.004552
v -1.443133 -0.550394 0.004552
v -1.332720 -0.579413 0.010362
v -1.623724 -0.088673 0.008806
v -0.985927 1.233849 0.572338
v -1.098037 1.263249 0.579524
v -0.990772 1.263237 0.578924
v -0.990772 1.263237 0.578924
v -0.880321 1.233837 0.571776
v -0.985927 1.233849 0.572338
v -0.880321 1.233837 0.571776
v -0.990772 1.263237 0.578924
v -0.994317 1.263215 0.007256
v -0.994317 1.263215 0.007256
v -0.883947 1.234335 0.012659
v -0.880321 1.233837 0.571776
v -0.883947 1.234335 0.012659
v -0.994317 1.263215 0.007256
v -1.096667 1.263247 0.005046
v -1.096667 1.263247 0.005046
v -0.984853 1.234366 0.010588
v -0.883947 1.234335 0.012659
v -1.003889 1.223571 0.572406
v -1.116256 1.252824 0.579596
v -1.098037 1.263249 0.579524
v -1.098037 1.263249 0.579524
v -0.985927 1.233849 0.572338
v -1.003889 1.223571 0.572406
v -0.984853 1.234366 0.010588
v -1.096667 1.263247 0.005046
v -1.114895 1.252829 0.004768
v -1.114895 1.252829 0.004768
v -1.002824 1.224096 0.010328
v -0.984853 1.234366 0.010588
v -1.333103 -0.579413 0.573142
v -1.441766 -0.550394 0.573675
v -1.441314 -0.550394 0.197142
v -1.441314 -0.550394 0.197142
v -1.332656 -0.579413 0.196730
v -1.333103 -0.579413 0.573142
v -1.530544 -0.317846 0.573286
v -1.638217 -0.287539 0.573915
v -1.441766 -0.550394 0.573675
v -1.441766 -0.550394 0.573675
v -1.333103 -0.579413 0.573142
v -1.530544 -0.317846 0.573286
v -1.672251 -0.130649 0.572805
v -1.777841 -0.101349 0.574084
v -1.638217 -0.287539 0.573915
v -1.638217 -0.287539 0.573915
v -1.530544 -0.317846 0.573286
v -1.672251 -0.130649 0.572805
v -1.332656 -0.579413 0.196730
v -1.441314 -0.550394 0.197142
v -1.441379 -0.550394 0.010714
v -1.441379 -0.550394 0.010714
v -1.332720 -0.579413 0.010362
v -1.332656 -0.579413 0.196730
v -1.332720 -0.579413 0.010362
v -1.441379 -0.550394 0.010714
v -1.778176 -0.101349 0.010925
v -1.778176 -0.101349 0.010925
v -1.623724 -0.088673 0.008806
v -1.332720 -0.579413 0.010362
v -1.003889 1.223571 0.572406
v -1.114501 1.252824 0.574084
v -1.777582 -0.039624 0.574084
v -1.777582 -0.039624 0.574084
v -1.671995 -0.069794 0.572805
v -1.003889 1.223571 0.572406
v -1.622898 -0.026097 0.008806
v -1.777338 -0.037878 0.010925
v -1.113141 1.252829 0.010925
v -1.113141 1.252829 0.010925
v -1.002824 1.224096 0.010328
v -1.622898 -0.026097 0.008806
v -1.671995 -0.069794 0.572805
v -1.777582 -0.039624 0.574084
v -1.777841 -0.101349 0.574084
v -1.672251 -0.130649 0.572805
v -1.623724 -0.088673 0.008806
v -1.778176 -0.101349 0.010925
v -1.777338 -0.037878 0.010925
v -1.622898 -0.026097 0.008806
v -0.883947 1.234335 0.012659
v -0.992563 1.263215 0.013362
v -0.989017 1.263237 0.573426
v -0.989017 1.263237 0.573426
v -0.880321 1.233837 0.571776
v -0.883947 1.234335 0.012659
v -0.880321 1.233837 0.571776
v -0.989017 1.263237 0.573426
v -1.096283 1.263249 0.574014
v -1.096283 1.263249 0.574014
v -0.985927 1.233849 0.572338
v -0.880321 1.233837 0.571776
v -0.984853 1.234366 0.010588
v -1.094912 1.263247 0.011197
v -0.992563 1.263215 0.013362
v -0.992563 1.263215 0.013362
v -0.883947 1.234335 0.012659
v -0.984853 1.234366 0.010588
v -0.985927 1.233849 0.572338
v -1.096283 1.263249 0.574014
v -1.114501 1.252824 0.574084
v -1.114501 1.252824 0.574084
v -1.003889 1.223571 0.572406
v -0.985927 1.233849 0.572338
v -1.002824 1.224096 0.010328
v -1.113141 1.252829 0.010925
v -1.094912 1.263247 0.011197
v -1.094912 1.263247 0.011197
v -0.984853 1.234366 0.010588
v -1.002824 1.224096 0.010328
v -1.305973 -0.208422 -4.569154
v -1.318406 -0.206918 -4.580288
v -1.664826 0.164853 -1.796927
v -1.664826 0.164853 -1.796928
v -1.690257 0.134177 -1.296501
v -1.670121 0.167835 -1.300088
v -0.200467 1.469520 -4.441576
v -1.295018 1.469520 -4.441576
v -1.294170 1.469520 -1.375667
v -0.200467 1.469521 -1.375667
v -0.165344 1.251194 -4.420413
v -0.156661 1.139408 -4.416602
v -0.160319 1.138114 -4.455896
v -0.186800 1.458078 -4.441576
v -1.251180 1.391240 -4.453172
v -1.299306 1.460979 -4.453053
v -0.194344 1.459757 -4.453055
v -0.259000 1.390431 -4.453169
v -0.173929 1.148389 -4.467383
v -0.238585 1.147328 -4.467480
v -0.156661 1.139408 -4.416602
v -0.254020 1.140543 -4.415336
v -0.251454 1.134621 -4.456040
v -0.160319 1.138114 -4.455896
v -1.219800 1.362920 -4.411934
v -1.239808 1.382913 -4.447446
v -0.265746 1.380668 -4.441721
v -0.274678 1.364224 -4.416101
v -1.306302 1.459880 -1.362170
v -1.111255 1.252042 -1.136046
v -1.091115 1.261663 -1.136144
v -1.367340 1.299872 -1.378104
v -1.316741 1.230919 -1.334199
v -1.111255 1.252042 -1.136046
v -1.306302 1.459880 -1.362170
v -0.186800 1.458077 -1.364204
v -0.200467 1.469521 -1.375667
v -0.199578 1.462301 -1.355297
v -0.200467 1.469520 -4.441576
v -0.186800 1.458078 -4.441576
v -0.194344 1.459757 -4.453055
v -1.295018 1.469520 -4.441576
v -1.299306 1.460979 -4.453053
v -1.309915 1.458199 -4.442283
v -0.194344 1.459757 -4.453055
v -1.299306 1.460979 -4.453053
v -1.295018 1.469520 -4.441576
v -0.200467 1.469520 -4.441576
v -0.173929 1.148389 -4.467383
v -0.194344 1.459757 -4.453055
v -0.186800 1.458078 -4.441576
v -0.160319 1.138114 -4.455896
v -0.265746 1.380668 -4.441721
v -1.239808 1.382913 -4.447446
v -1.251180 1.391240 -4.453172
v -0.259000 1.390431 -4.453169
v -0.160319 1.138114 -4.455896
v -0.251454 1.134621 -4.456040
v -0.238585 1.147328 -4.467480
v -0.173929 1.148389 -4.467383
v -0.251454 1.134621 -4.456040
v -0.265746 1.380668 -4.441721
v -0.259000 1.390431 -4.453169
v -0.238585 1.147328 -4.467480
v -0.158597 1.262074 -1.123959
v -0.173792 1.260998 -1.119308
v -1.394325 1.225035 -1.464820
v -1.367340 1.299872 -1.378104
v -1.306302 1.459880 -1.362170
v -1.309915 1.458199 -4.442283
v -1.394565 1.221517 -4.497512
v -1.648153 0.179634 -2.352591
v -1.663512 0.341730 -1.457718
v -1.639536 0.466959 -4.659606
v -1.639818 0.438320 -4.654858
v -1.599720 0.205076 -4.612101
v -1.632098 0.498745 -4.659716
v -1.635122 0.471611 -1.492047
v -1.423234 1.150897 -1.397022
v -1.654586 0.404733 -1.489316
v -1.368209 1.118861 -1.398582
v -1.423234 1.150897 -1.397022
v -1.635122 0.471611 -1.492047
v -1.582755 0.471611 -1.492047
v -1.663512 0.341730 -1.457718
v -1.670121 0.167835 -1.300088
v -1.629523 0.341730 -1.457718
v -1.654586 0.404733 -1.489316
v -1.608897 0.404733 -1.489316
v -1.267471 1.206368 -1.330569
v -1.111255 1.252042 -1.136046
v -1.316741 1.230919 -1.334199
v -1.383950 1.222957 -4.507384
v -1.342628 1.165377 -4.507501
v -1.394565 1.221517 -4.497512
v -1.309915 1.458199 -4.442283
v -1.299306 1.460979 -4.453053
v -1.383950 1.222957 -4.507384
v -1.621496 0.500046 -4.670623
v -1.572480 0.492543 -4.661718
v -1.632098 0.498745 -4.659716
v -1.621496 0.500046 -4.670623
v -1.587219 0.432766 -4.656634
v -1.599720 0.205076 -4.612101
v -1.630361 0.440075 -4.665186
v -1.630361 0.440075 -4.665186
v -1.599720 0.205076 -4.612101
v -1.639818 0.438320 -4.654858
v -1.328468 1.157265 -4.507501
v -1.342628 1.165377 -4.507501
v -1.251180 1.391240 -4.453172
v -1.239808 1.382913 -4.447446
v -1.566884 0.454528 -4.650430
v -1.572480 0.492543 -4.661718
v -1.587219 0.432766 -4.656634
v -1.566884 0.454528 -4.650430
v -1.599720 0.205076 -4.612101
v -1.325444 1.144373 -4.451765
v -1.328468 1.157265 -4.507501
v -1.239808 1.382913 -4.447446
v -1.219800 1.362920 -4.411934
v -1.560512 0.466319 -4.556664
v -1.566884 0.454528 -4.650430
v -1.648514 0.164205 -2.913627
v -1.648153 0.179634 -2.352591
v -1.599720 0.205076 -4.612101
v -1.660237 0.172227 -1.794639
v -1.648153 0.179634 -2.352591
v -1.691023 0.083548 -3.816976
v -1.658511 0.131023 -3.434334
v -1.734092 0.024802 -4.079464
v -1.782115 -0.040388 -4.669188
v -1.781509 -0.040581 -4.172206
v -1.779930 -0.101349 0.004768
v -1.779092 -0.037878 0.004768
v -1.778447 -0.036348 -0.536278
v -1.779273 -0.101209 -0.624569
v -1.976860 0.020181 -4.074489
v -1.967879 -0.041661 -4.141099
v -1.986217 -0.041661 -4.074488
v -1.976860 0.020182 -0.636457
v -1.986217 -0.041660 -0.636457
v -1.967879 -0.041660 -0.569846
v -2.024572 -0.041660 -0.893191
v -2.005153 0.080779 -0.893191
v -2.054765 -0.041660 -1.293063
v -2.028603 0.128864 -1.293064
v -2.089543 -0.041660 -1.796931
v -2.056765 0.159743 -1.796932
v -2.102083 -0.041660 -2.355473
v -2.066038 0.170385 -2.355474
v -2.056765 0.159742 -2.914016
v -2.089543 -0.041660 -2.914015
v -2.028602 0.128864 -3.417885
v -2.054765 -0.041661 -3.417883
v -1.997785 0.081117 -3.817752
v -2.024572 -0.041661 -3.817755
v -1.976860 -0.095806 -0.636457
v -2.005153 -0.164100 -0.893190
v -2.028603 -0.212185 -1.293063
v -2.056765 -0.243063 -1.796931
v -2.066038 -0.253706 -2.355473
v -2.056765 -0.243064 -2.914015
v -2.028602 -0.212185 -3.417882
v -2.005152 -0.164100 -3.817754
v -1.976860 -0.095935 -4.071489
v -1.818165 -0.104602 -4.085417
v -1.969152 -0.101261 -4.071489
v -1.954961 -0.041661 -4.162952
v -1.818165 -0.041661 -4.177597
v -1.818165 -0.175778 -3.829602
v -1.997407 -0.169423 -3.817754
v -1.818165 -0.226257 -3.426490
v -2.020884 -0.217510 -3.417882
v -1.818165 -0.255312 -2.971112
v -1.818165 -0.258666 -2.918540
v -2.048998 -0.248384 -2.914014
v -1.818165 -0.269834 -2.355473
v -2.058233 -0.259023 -2.355473
v -1.818165 -0.258666 -1.792405
v -2.048998 -0.248384 -1.796931
v -1.818165 -0.231151 -1.361164
v -2.020884 -0.217510 -1.293063
v -1.818165 -0.226256 -1.284455
v -1.818165 -0.175777 -0.881343
v -1.997407 -0.169423 -0.893190
v -1.818165 -0.171342 -0.865245
v -1.818165 -0.104473 -0.622529
v -1.969152 -0.101133 -0.636457
v -1.818165 -0.040360 -0.533348
v -1.954961 -0.041660 -0.547993
v -1.818165 0.028849 -0.622530
v -1.969152 0.025509 -0.636457
v -1.954961 -0.041660 -0.547993
v -1.818165 -0.040360 -0.533348
v -1.818165 0.092457 -0.881344
v -1.997407 0.086102 -0.893191
v -1.818165 0.142936 -1.284456
v -2.020884 0.134190 -1.293064
v -1.818165 0.175345 -1.792407
v -2.048998 0.165063 -1.796932
v -1.818165 0.186513 -2.355474
v -2.058233 0.175702 -2.355474
v -1.818165 0.175345 -2.918542
v -2.048998 0.165063 -2.914016
v -1.818165 0.142935 -3.426492
v -2.020884 0.134189 -3.417885
v -1.818165 0.092456 -3.829603
v -1.990039 0.086440 -3.817752
v -1.818165 0.028848 -4.088416
v -1.969152 0.025508 -4.074489
v -1.818165 -0.041661 -4.177597
v -1.954961 -0.041661 -4.162952
v -1.954961 -0.041661 -4.162952
v -1.969152 -0.101261 -4.071489
v -1.976860 -0.095935 -4.071489
v -1.967879 -0.041661 -4.141099
v -1.997407 -0.169423 -3.817754
v -2.005152 -0.164100 -3.817754
v -2.020884 -0.217510 -3.417882
v -2.028602 -0.212185 -3.417882
v -2.048998 -0.248384 -2.914014
v -2.056765 -0.243064 -2.914015
v -2.058233 -0.259023 -2.355473
v -2.066038 -0.253706 -2.355473
v -2.048998 -0.248384 -1.796931
v -2.056765 -0.243063 -1.796931
v -2.020884 -0.217510 -1.293063
v -2.028603 -0.212185 -1.293063
v -1.997407 -0.169423 -0.893190
v -2.005153 -0.164100 -0.893190
v -1.969152 -0.101133 -0.636457
v -1.976860 -0.095806 -0.636457
v -1.954961 -0.041660 -0.547993
v -1.967879 -0.041660 -0.569846
v -1.954961 -0.041660 -0.547993
v -1.969152 0.025509 -0.636457
v -1.976860 0.020182 -0.636457
v -1.967879 -0.041660 -0.569846
v -1.997407 0.086102 -0.893191
v -2.005153 0.080779 -0.893191
v -2.020884 0.134190 -1.293064
v -2.028603 0.128864 -1.293064
v -2.048998 0.165063 -1.796932
v -2.056765 0.159743 -1.796932
v -2.058233 0.175702 -2.355474
v -2.066038 0.170385 -2.355474
v -2.048998 0.165063 -2.914016
v -2.056765 0.159742 -2.914016
v -2.020884 0.134189 -3.417885
v -2.028602 0.128864 -3.417885
v -1.990039 0.086440 -3.817752
v -1.997785 0.081117 -3.817752
v -1.969152 0.025508 -4.074489
v -1.976860 0.020181 -4.074489
v -1.954961 -0.041661 -4.162952
v -1.967879 -0.041661 -4.141099
v -1.728326 -0.168214 -3.815248
v -1.780625 -0.103334 -4.084100
v -1.688634 -0.217562 -3.418029
v -1.668454 -0.247036 -2.936298
v -1.667537 -0.248375 -2.914414
v -1.658460 -0.259329 -2.356090
v -1.667314 -0.248549 -1.798970
v -1.779273 -0.101209 -0.624569
v -1.725936 -0.171161 -0.894662
v -1.747077 0.025444 -0.627353
v -1.778447 -0.036348 -0.536278
v -1.690257 0.134177 -1.296501
v -1.713619 0.087747 -0.895757
v -1.664826 0.164853 -1.796928
v -1.648153 0.179634 -2.352591
v -1.658511 0.131023 -3.434334
v -1.648514 0.164205 -2.913627
v -1.691023 0.083548 -3.816976
v -1.734092 0.024802 -4.079464
v -1.781509 -0.040581 -4.172206
v -1.781509 -0.040581 -4.172206
v -1.647453 -0.224835 -1.413899
v -1.653231 -0.217535 -1.302115
v -1.778447 -0.036348 -0.536278
v -1.367340 1.299872 -1.378104
v -1.394325 1.225035 -1.464820
v -1.394905 1.225311 -1.387573
v -1.394905 1.225311 -1.387573
v -1.294170 1.469520 -1.375667
v -1.295018 1.469520 -4.441576
v -1.309915 1.458199 -4.442283
v -1.306302 1.459880 -1.362170
v -0.199578 1.462301 -1.355297
v -1.306302 1.459880 -1.362170
v -0.173792 1.260998 -1.119308
v -0.199578 1.462301 -1.355297
v -1.111255 1.252042 -1.136046
v -1.114895 1.252829 0.004768
v -1.096667 1.263247 0.005046
v -1.096667 1.263247 0.005046
v -1.091115 1.261663 -1.136144
v -1.111255 1.252042 -1.136046
v -0.179724 1.262518 -1.364362
v -0.158597 1.262074 -1.123959
v -0.265746 1.380668 -4.441721
v -0.261525 1.248156 -4.416134
v -0.274678 1.364224 -4.416101
v -0.251454 1.134621 -4.456040
v -0.156661 1.139408 -4.416602
v -0.165344 1.251194 -4.420413
v -0.165832 1.262107 -4.406530
v 0.002131 1.263157 -4.402051
v 0.002131 1.251758 -4.413679
v 0.002131 1.251758 -4.413679
v -0.165344 1.251194 -4.420413
v -0.165832 1.262107 -4.406530
v -0.170411 1.260262 -4.169102
v -0.165832 1.262107 -4.406530
v -0.165832 1.262107 -4.406530
v -0.170411 1.260262 -4.169102
v -0.186800 1.458077 -1.364204
v -0.197064 1.364608 -1.715653
v -0.172886 1.362551 -4.063829
v -0.170875 1.268681 -4.149940
v -0.197437 1.270899 -1.629615
v -0.199174 1.262469 -1.610446
v -0.179724 1.262518 -1.364362
v -0.158597 1.262074 -1.123959
v -1.111429 1.252490 -1.497706
v -1.111255 1.252042 -1.136046
v -1.267471 1.206368 -1.330569
v -1.250092 1.206368 -1.592445
v -1.335340 1.118861 -1.623085
v -1.368209 1.118861 -1.398582
v -1.582755 0.471611 -1.492047
v -1.599260 0.406025 -1.573750
v -1.629523 0.341730 -1.457718
v -1.670121 0.167835 -1.300088
v -1.625070 0.238791 -1.549947
v -1.608897 0.404733 -1.489316
v -1.625070 0.238791 -1.549947
v -1.538652 0.408782 -1.550884
v -1.111255 1.252042 -1.136046
v -1.111429 1.252490 -1.497706
v -1.778447 -0.036348 -0.536278
v -1.779092 -0.037878 0.004768
v -1.114895 1.252829 0.004768
v -1.713619 0.087747 -0.895757
v -1.747077 0.025444 -0.627353
v -1.154319 1.161935 -1.537696
v -1.250092 1.206368 -1.592445
v -1.335340 1.118861 -1.623085
v -1.185184 1.104083 -1.551113
v -1.111429 1.252490 -1.497706
v -1.154319 1.161935 -1.537696
v -1.185184 1.104083 -1.551113
v -1.599260 0.406025 -1.573750
v -1.625070 0.238791 -1.549947
v -1.538652 0.408782 -1.550884
v -0.254593 1.128750 -4.404174
v -0.254020 1.140543 -4.415336
v -0.156661 1.139408 -4.416602
v -0.156661 1.139408 -4.416602
v -0.156354 1.128324 -4.404386
v -0.254593 1.128750 -4.404174
v -1.670121 0.167835 -1.300088
v -1.560512 0.466319 -4.556664
v -1.599720 0.205076 -4.612101
v -1.566884 0.454528 -4.650430
v -0.289613 1.262469 -0.061168
v -0.108624 1.261740 -0.525240
v -0.173792 1.260998 -1.119308
v -1.091115 1.261663 -1.136144
v -0.058564 1.261687 -0.653606
v -0.169826 1.262494 0.020355
v -1.098958 1.263251 0.964849
v -0.990772 1.263237 0.578924
v -1.098037 1.263249 0.579524
v -1.096667 1.263247 0.005046
v -0.994317 1.263215 0.007256
v -0.274443 1.283091 -0.071711
v -0.289613 1.262469 -0.061168
v -0.169826 1.262494 0.020355
v -0.161286 1.282586 0.009212
v -0.058564 1.261687 -0.653606
v -0.025076 1.323331 -0.594575
v -0.108624 1.261740 -0.525240
v -0.084373 1.344499 -0.459522
v -0.025076 1.323331 -0.594575
v -0.147467 1.315097 -0.008818
v -0.116951 1.386886 -0.048632
v -0.201631 1.382068 -0.122313
v -0.251050 1.314890 -0.087969
v -0.289613 1.262469 -0.061168
v -0.274443 1.283091 -0.071711
v -0.253437 1.283168 -0.124887
v -0.236496 1.314868 -0.124887
v -0.251050 1.314890 -0.087969
v -0.201631 1.382068 -0.122313
v -0.136112 1.313933 -0.011919
v -0.147467 1.315097 -0.008818
v -0.251050 1.314890 -0.087969
v -0.230815 1.313933 -0.085964
v -0.253966 1.284227 -0.070294
v -0.274443 1.283091 -0.071711
v -0.161286 1.282586 0.009212
v -0.148939 1.283758 0.004816
v -0.234469 1.284299 -0.119650
v -0.253437 1.283168 -0.124887
v -0.218546 1.313625 -0.119787
v -0.236496 1.314868 -0.124887
v -0.253437 1.283168 -0.124887
v -0.234469 1.284299 -0.119650
v -0.236496 1.314868 -0.124887
v -0.218546 1.313625 -0.119787
v -0.218546 1.313625 -0.119787
v -0.234469 1.284299 -0.119650
v -0.253966 1.284227 -0.070294
v -0.230815 1.313933 -0.085964
v -0.230815 1.313933 -0.085964
v -0.253966 1.284227 -0.070294
v -0.148939 1.283758 0.004816
v -0.136112 1.313933 -0.011919
v -1.322674 -0.711005 -0.040184
v -1.443068 -0.550394 0.194843
v -1.443133 -0.550394 0.004552
v -1.779930 -0.101349 0.004768
v -1.779273 -0.101209 -0.624569
v -1.725936 -0.171161 -0.894662
v -1.325571 -0.709706 -0.222817
v -1.418088 -0.940770 -3.607179
v -1.418088 -0.927293 -3.361981
v -1.587212 -0.941991 -3.391121
v -1.586558 -0.941853 -3.636373
v -1.151802 -0.939378 -3.615921
v -1.151699 -0.939513 -3.367659
v -1.586558 -0.941853 -3.636373
v -1.560665 -0.805163 -3.637080
v -1.418088 -0.940770 -3.607179
v -1.301002 -0.706965 -3.610373
v -1.151802 -0.939378 -3.615921
v -1.450146 -0.740027 -3.607181
v -1.450146 -0.740027 -3.361981
v -1.450146 -0.740027 -3.607181
v -1.590133 -0.752861 -3.636485
v -1.588971 -0.752206 -3.392256
v -1.298115 -0.711332 -3.356874
v -1.301002 -0.706965 -3.610373
v -1.418088 -0.927293 -3.361981
v -1.450146 -0.740027 -3.361981
v -1.588971 -0.752206 -3.392256
v -1.562421 -0.804921 -3.390132
v -1.151699 -0.939513 -3.367659
v -1.298115 -0.711332 -3.356874
v -1.418088 -0.940770 -0.219831
v -1.418088 -0.940770 0.052727
v -1.585958 -0.941825 0.014742
v -1.586058 -0.942410 -0.253584
v -1.150374 -0.941360 -0.220654
v -1.150300 -0.941894 0.065321
v -1.586058 -0.942410 -0.253584
v -1.562044 -0.804935 -0.252298
v -1.418088 -0.940770 -0.219831
v -1.325571 -0.709706 -0.222817
v -1.150374 -0.941360 -0.220654
v -1.450146 -0.740026 -0.219831
v -1.450146 -0.740026 0.052727
v -1.450146 -0.740026 -0.219831
v -1.584819 -0.759481 -0.252132
v -1.584876 -0.759360 0.020547
v -1.418088 -0.940770 0.052727
v -1.450146 -0.740026 0.052727
v -1.584876 -0.759360 0.020547
v -1.562046 -0.805106 0.021605
v -1.150300 -0.941894 0.065321
v -1.324691 -0.709876 0.066297
v -1.322674 -0.711005 -0.040184
v -1.325571 -0.709706 -0.222817
v -1.324691 -0.709876 0.066297
v -1.322674 -0.711005 -0.040184
v -1.450146 -0.740026 0.052727
v -1.301002 -0.706965 -3.610373
v -1.782122 -0.101350 -4.669188
v -1.152149 -0.887189 -4.453095
v -1.151829 -0.887962 -3.681878
v -1.151172 -0.940205 -2.098026
v -1.647453 -0.224835 -1.413899
v -1.667314 -0.248549 -1.798970
v -1.658460 -0.259329 -2.356090
v -1.667537 -0.248375 -2.914414
v -1.668454 -0.247036 -2.936298
v -1.298115 -0.711332 -3.356874
v -1.151699 -0.939513 -3.367659
v -1.585958 -0.941825 0.014742
v -1.584819 -0.759481 -0.252132
v -1.590133 -0.752861 -3.636485
v -1.587212 -0.941991 -3.391121
v -1.636101 -0.737263 1.438042
v -1.594934 -0.737263 1.328863
v -1.594934 -0.737264 -4.569878
v -1.627158 -0.737264 -4.611601
v -1.852136 -0.723492 -4.640820
v -1.846256 -0.723491 1.572480
v -1.722483 -0.731323 1.537960
v -2.102313 -0.737263 1.328863
v -2.061145 -0.737263 1.438041
v -1.974763 -0.731323 1.537959
v -2.070089 -0.737264 -4.611601
v -2.102313 -0.737264 -4.569878
v -2.098491 -0.805196 -4.679951
v -2.070089 -0.737264 -4.611601
v -1.852136 -0.723492 -4.640820
v -1.852575 -0.805196 -4.709732
v -2.136193 -0.804439 1.377666
v -2.102313 -0.737263 1.328863
v -2.102313 -0.737264 -4.569878
v -2.134848 -0.806202 -3.898288
v -1.846190 -0.763724 1.590889
v -1.719166 -0.763638 1.556242
v -1.722483 -0.731323 1.537960
v -1.846256 -0.723491 1.572480
v -1.630538 -0.763579 1.456034
v -1.608823 -0.805195 1.486754
v -1.562372 -0.805195 1.375462
v -1.594934 -0.737263 1.328863
v -1.636101 -0.737263 1.438042
v -2.088400 -0.805195 1.486753
v -2.066821 -0.763872 1.456244
v -2.061145 -0.737263 1.438041
v -1.978117 -0.763812 1.556370
v -1.974763 -0.731323 1.537959
v -1.598731 -0.805196 -4.679951
v -1.627158 -0.737264 -4.611601
v -1.594934 -0.737264 -4.569878
v -1.562372 -0.805196 -4.637419
v -2.134850 -0.805196 -4.637419
v -2.102313 -0.737264 -4.569878
v -2.070089 -0.737264 -4.611601
v -2.098491 -0.805196 -4.679951
v -1.974763 -0.731323 1.537959
v -1.978117 -0.763812 1.556370
v -1.627158 -0.737264 -4.611601
v -1.598731 -0.805196 -4.679951
v -1.608823 -0.805195 1.486754
v -1.671227 -1.278218 1.264887
v -1.645694 -1.278218 1.178877
v -1.627301 -1.184491 1.231926
v -1.562372 -0.805195 1.375462
v -2.079615 -1.219373 1.219477
v -2.067561 -1.278463 1.178655
v -2.043228 -1.278218 1.264886
v -2.088400 -0.805195 1.486753
v -2.114561 -0.905356 1.338992
v -2.083545 -1.191456 1.230377
v -1.629391 -1.196701 -4.349205
v -1.645694 -1.278219 -4.288609
v -1.672948 -1.278219 -4.327666
v -1.598731 -0.805196 -4.679951
v -1.562372 -0.805196 -4.637419
v -2.098491 -0.805196 -4.679951
v -2.041474 -1.278219 -4.327666
v -2.068286 -1.278219 -4.288609
v -2.078830 -1.217010 -4.334254
v -2.134850 -0.805196 -4.637419
v -1.691625 -1.291570 -4.115668
v -1.645694 -1.278219 -4.288609
v -1.645694 -1.278218 1.178877
v -1.691625 -1.291570 1.059557
v -2.001795 -1.291570 -4.152657
v -2.041474 -1.278219 -4.327666
v -1.860134 -1.278219 -4.355016
v -1.859521 -1.291570 -4.178560
v -2.022831 -1.291570 1.059557
v -2.067561 -1.278463 1.178655
v -2.068286 -1.278219 -4.288609
v -2.022831 -1.291570 -4.115668
v -1.774887 -1.291570 1.095028
v -1.746828 -1.283022 1.360814
v -1.855155 -1.291359 1.381134
v -1.855683 -1.292993 1.100360
v -1.671227 -1.278218 1.264887
v -1.718499 -1.291570 1.079893
v -1.995957 -1.290923 1.079893
v -2.043228 -1.278218 1.264886
v -1.939569 -1.291570 1.095028
v -1.967626 -1.283022 1.360814
v -1.712661 -1.291570 -4.152657
v -1.672948 -1.278219 -4.327666
v -1.745333 -1.220038 1.394329
v -1.746828 -1.283022 1.360814
v -1.855155 -1.291359 1.381134
v -1.855127 -1.227247 1.414825
v -1.969116 -1.220222 1.394274
v -1.967626 -1.283022 1.360814
v -1.967626 -1.283022 1.360814
v -1.969116 -1.220222 1.394274
v -1.751329 -1.207062 1.374506
v -1.745333 -1.220038 1.394329
v -1.608823 -0.805195 1.486754
v -1.620873 -0.809739 1.451394
v -1.856056 -1.213469 1.394516
v -1.855127 -1.227247 1.414825
v -1.745333 -1.220038 1.394329
v -1.751329 -1.207062 1.374506
v -1.964786 -1.207240 1.374460
v -1.969116 -1.220222 1.394274
v -2.078321 -0.809739 1.451394
v -2.088400 -0.805195 1.486753
v -1.969116 -1.220222 1.394274
v -1.964786 -1.207240 1.374460
v -1.620873 -0.809739 1.451394
v -1.608823 -0.805195 1.486754
v -1.630538 -0.763579 1.456034
v -1.641587 -0.769978 1.452769
v -1.641587 -0.769978 1.452769
v -1.630538 -0.763579 1.456034
v -1.719166 -0.763638 1.556242
v -1.726125 -0.769651 1.502159
v -1.846190 -0.763724 1.590889
v -1.847289 -0.769546 1.526427
v -1.978117 -0.763812 1.556370
v -1.973127 -0.769813 1.502285
v -2.057738 -0.770251 1.452978
v -2.066821 -0.763872 1.456244
v -2.088400 -0.805195 1.486753
v -2.078321 -0.809739 1.451394
v -2.066821 -0.763872 1.456244
v -2.057738 -0.770251 1.452978
v -1.620873 -0.809739 1.451394
v -1.641587 -0.769978 1.452769
v -1.726125 -0.769651 1.502159
v -1.725863 -0.809479 1.496952
v -1.751329 -1.207062 1.374506
v -1.964786 -1.207240 1.374460
v -1.973383 -0.809479 1.496951
v -2.078321 -0.809739 1.451394
v -2.057738 -0.770251 1.452978
v -1.973127 -0.769813 1.502285
v -1.847284 -0.809282 1.521551
v -1.856056 -1.213469 1.394516
v -1.847289 -0.769546 1.526427
v -1.847284 -0.809282 1.521551
v -1.847289 -0.769546 1.526427
v -1.856056 -1.213469 1.394516
v -2.117968 -0.911845 -3.824651
v -2.113975 -0.943675 -3.910511
v -2.118071 -0.912715 -3.824647
v -2.062263 -1.181784 0.521667
v -2.077049 -1.193218 0.556256
v -2.120662 -0.906000 0.727003
v -2.104461 -0.918044 0.693986
v -2.059600 -1.181784 -3.806342
v -2.079517 -1.193646 -3.816361
v -2.077049 -1.193218 0.556256
v -2.062263 -1.181784 0.521667
v -2.076345 -1.085260 -3.983175
v -2.095767 -1.088153 -3.994906
v -2.078172 -1.166102 -3.903580
v -2.065506 -1.156582 -3.892722
v -2.097818 -0.953066 -3.899588
v -2.113975 -0.943675 -3.910511
v -2.101944 -1.029723 -3.996259
v -2.085825 -1.031798 -3.984514
v -2.104461 -0.918044 0.693986
v -2.120662 -0.906000 0.727003
v -2.118071 -0.912715 -3.824647
v -2.104265 -0.924739 -3.814547
v -2.076345 -1.085260 -3.983175
v -2.065506 -1.156582 -3.892722
v -2.059600 -1.181784 -3.806342
v -2.062263 -1.181784 0.521667
v -2.104461 -0.918044 0.693986
v -2.104265 -0.924739 -3.814547
v -2.097818 -0.953066 -3.899588
v -2.085825 -1.031798 -3.984514
v -2.078867 -1.215800 -3.933295
v -2.078172 -1.166102 -3.903580
v -2.095767 -1.088153 -3.994906
v -2.101944 -1.029723 -3.996259
v -2.134850 -0.805196 -4.637419
v -2.078830 -1.217010 -4.334254
v -1.707008 -1.318333 -4.103969
v -1.691625 -1.291570 -4.115668
v -1.691625 -1.291570 1.059557
v -1.707008 -1.318333 1.039420
v -1.988377 -1.318333 -4.140604
v -2.001795 -1.291570 -4.152657
v -1.859521 -1.291570 -4.178560
v -1.859314 -1.318333 -4.166260
v -2.007459 -1.318333 1.039420
v -2.022831 -1.291570 1.059557
v -2.022831 -1.291570 -4.115668
v -2.007459 -1.318333 -4.103969
v -1.782539 -1.318333 1.091449
v -1.774887 -1.291570 1.095028
v -1.855683 -1.292993 1.100360
v -1.855832 -1.319630 1.096729
v -1.707008 -1.318333 1.039420
v -1.691625 -1.291570 1.059557
v -1.718499 -1.291570 1.079893
v -1.731387 -1.318333 1.076460
v -1.983081 -1.317640 1.076460
v -1.995957 -1.290923 1.079893
v -2.022831 -1.291570 1.059557
v -2.007459 -1.318333 1.039420
v -1.931929 -1.318333 1.091449
v -1.939569 -1.291570 1.095028
v -1.995957 -1.290923 1.079893
v -1.983081 -1.317640 1.076460
v -1.731387 -1.318333 1.076460
v -1.718499 -1.291570 1.079893
v -1.726091 -1.318333 -4.140604
v -1.712661 -1.291570 -4.152657
v -2.001795 -1.291570 -4.152657
v -1.988377 -1.318333 -4.140604
v -1.712661 -1.291570 -4.152657
v -1.726091 -1.318333 -4.140604
v -1.725425 -1.318340 -3.718782
v -1.707008 -1.318333 -4.103969
v -1.707008 -1.318333 1.039420
v -1.725425 -1.318339 0.778718
v -1.972313 -1.318340 -3.750928
v -1.988377 -1.318333 -4.140604
v -1.859314 -1.318333 -4.166260
v -1.859066 -1.318340 -3.773439
v -1.989057 -1.318339 0.778718
v -2.007459 -1.318333 1.039420
v -2.007459 -1.318333 -4.103969
v -1.989057 -1.318340 -3.718782
v -1.791699 -1.318339 0.847441
v -1.782539 -1.318333 1.091449
v -1.855832 -1.319630 1.096729
v -1.856011 -1.319477 0.859971
v -1.731387 -1.318333 1.076460
v -1.746816 -1.318339 0.811873
v -1.967667 -1.317731 0.811873
v -1.983081 -1.317640 1.076460
v -1.922783 -1.318339 0.847441
v -1.931929 -1.318333 1.091449
v -1.742169 -1.318340 -3.750928
v -1.726091 -1.318333 -4.140604
v -1.725425 -1.330263 -3.718782
v -1.725425 -1.318340 -3.718782
v -1.725425 -1.318339 0.778718
v -1.725425 -1.330263 0.778718
v -1.972313 -1.330263 -3.750928
v -1.972313 -1.318340 -3.750928
v -1.859066 -1.318340 -3.773439
v -1.859066 -1.330263 -3.773439
v -1.989057 -1.330263 0.778718
v -1.989057 -1.318339 0.778718
v -1.989057 -1.318340 -3.718782
v -1.989057 -1.330263 -3.718782
v -1.791699 -1.330263 0.847441
v -1.791699 -1.318339 0.847441
v -1.856011 -1.319477 0.859971
v -1.856011 -1.331401 0.859971
v -1.746816 -1.318339 0.811873
v -1.746816 -1.330263 0.811873
v -1.967667 -1.329655 0.811873
v -1.967667 -1.317731 0.811873
v -1.922783 -1.330263 0.847441
v -1.922783 -1.318339 0.847441
v -1.791699 -1.318339 0.847441
v -1.791699 -1.330263 0.847441
v -1.742169 -1.330263 -3.750928
v -1.742169 -1.318340 -3.750928
v -1.725425 -1.318340 -3.718782
v -1.725425 -1.330263 -3.718782
v -1.972313 -1.318340 -3.750928
v -1.972313 -1.330263 -3.750928
v -1.922783 -1.318339 0.847441
v -1.922783 -1.330263 0.847441
v -1.742169 -1.318340 -3.750928
v -1.742169 -1.330263 -3.750928
v -1.972313 -1.330263 -3.750928
v -1.859066 -1.330263 -3.773439
v -1.742169 -1.330263 -3.750928
v -1.725425 -1.330263 -3.718782
v -1.725425 -1.330263 0.778718
v -1.746816 -1.330263 0.811873
v -1.791699 -1.330263 0.847441
v -1.856011 -1.331401 0.859971
v -1.922783 -1.330263 0.847441
v -1.967667 -1.329655 0.811873
v -1.989057 -1.330263 0.778718
v -1.989057 -1.330263 -3.718782
v -2.099069 -1.015964 0.785942
v -2.083582 -1.010653 0.780248
v -2.080181 -1.055618 0.770426
v -2.095855 -1.058461 0.776659
v -2.101727 -0.980815 0.812185
v -2.086394 -0.973464 0.808014
v -2.103370 -0.959091 0.850850
v -2.088133 -0.950479 0.848923
v -2.103714 -0.954550 0.895252
v -2.088496 -0.945674 0.895903
v -2.102698 -0.967976 0.937713
v -2.087422 -0.959879 0.940830
v -2.100500 -0.997047 0.970892
v -2.085096 -0.990639 0.975935
v -2.097498 -1.036738 0.989052
v -2.081920 -1.032633 0.995148
v -2.094213 -1.080185 0.989052
v -2.078443 -1.078602 0.995148
v -2.091211 -1.119875 0.970892
v -2.075268 -1.120597 0.975935
v -2.089012 -1.148947 0.937713
v -2.072941 -1.151356 0.940830
v -2.087997 -1.162372 0.895252
v -2.071867 -1.165561 0.895904
v -2.088341 -1.157832 0.850850
v -2.072230 -1.160756 0.848924
v -2.089983 -1.136108 0.812184
v -2.073969 -1.137772 0.808014
v -2.092642 -1.100959 0.785942
v -2.076781 -1.100582 0.780248
v -2.118238 -1.022363 0.798373
v -2.115432 -1.059475 0.790266
v -2.120560 -0.991669 0.821289
v -2.121994 -0.972699 0.855055
v -2.122294 -0.968733 0.893829
v -2.121408 -0.980457 0.930910
v -2.119487 -1.005844 0.959884
v -2.116866 -1.040505 0.975742
v -2.113997 -1.078445 0.975742
v -2.111376 -1.113106 0.959884
v -2.109456 -1.138493 0.930910
v -2.108569 -1.150218 0.893830
v -2.108869 -1.146252 0.855055
v -2.110304 -1.127281 0.821289
v -2.112625 -1.096586 0.798373
v -2.135536 -1.042635 0.842919
v -2.134188 -1.060446 0.839029
v -2.136649 -1.027903 0.853918
v -2.137338 -1.018799 0.870123
v -2.137482 -1.016895 0.888732
v -2.137057 -1.022522 0.906528
v -2.136135 -1.034707 0.920434
v -2.134877 -1.051342 0.928045
v -2.133500 -1.069551 0.928045
v -2.132242 -1.086186 0.920434
v -2.131320 -1.098370 0.906529
v -2.130895 -1.103997 0.888732
v -2.131039 -1.102093 0.870123
v -2.131727 -1.092989 0.853918
v -2.132841 -1.078257 0.842919
v -2.140884 -1.060793 0.884029
v -2.077049 -1.193218 0.556256
v -2.080181 -1.055618 0.770426
v -2.083582 -1.010653 0.780248
v -2.120662 -0.906000 0.727003
v -2.086394 -0.973464 0.808014
v -2.088133 -0.950479 0.848923
v -2.088496 -0.945674 0.895903
v -2.114561 -0.905356 1.338992
v -2.087422 -0.959879 0.940830
v -2.085096 -0.990639 0.975935
v -2.081920 -1.032633 0.995148
v -2.077049 -1.193218 0.556256
v -2.073969 -1.137772 0.808014
v -2.072230 -1.160756 0.848924
v -2.076781 -1.100582 0.780248
v -2.078464 -1.278323 -4.288609
v -2.077904 -1.278618 1.178655
v -2.077904 -1.278618 1.178655
v -2.067561 -1.278463 1.178655
v -2.079615 -1.219373 1.219477
v -2.088967 -1.219353 1.218730
v -2.089769 -1.217351 -4.334254
v -2.078830 -1.217010 -4.334254
v -2.068286 -1.278219 -4.288609
v -2.078464 -1.278323 -4.288609
v -2.088967 -1.219353 1.218730
v -2.079615 -1.219373 1.219477
v -2.078830 -1.217010 -4.334254
v -2.089769 -1.217351 -4.334254
v -2.088967 -1.219353 1.218730
v -2.089769 -1.217351 -4.334254
v -2.078464 -1.278323 -4.288609
v -2.077904 -1.278618 1.178655
v -1.645694 -1.278218 1.178877
v -1.602644 -1.184491 1.231926
v -1.627301 -1.184491 1.231926
v -1.629391 -1.196701 -4.349205
v -1.604735 -1.196701 -4.349205
v -1.645694 -1.278219 -4.288609
v -1.604735 -1.196701 -4.349205
v -1.629391 -1.196701 -4.349205
v -1.627301 -1.184491 1.231926
v -1.602644 -1.184491 1.231926
v -1.645694 -1.278219 -4.288609
v -1.604735 -1.196701 -4.349205
v -1.602644 -1.184491 1.231926
v -1.645694 -1.278218 1.178877
v -1.562046 -0.805106 0.021605
v -1.584876 -0.759360 0.020547
v -1.584819 -0.759481 -0.252132
v -1.562044 -0.804935 -0.252298
v -1.562421 -0.804921 -3.390132
v -1.588971 -0.752206 -3.392256
v -1.590133 -0.752861 -3.636485
v -1.560665 -0.805163 -3.637080
v -1.594934 -0.737264 -4.569878
v -1.562372 -0.805196 -4.637419
v -1.562046 -0.805106 0.021605
v -1.562372 -0.805196 -4.637419
v -1.560665 -0.805163 -3.637080
v -1.586558 -0.941853 -3.636373
v -1.629391 -1.196701 -4.349205
v -1.587212 -0.941991 -3.391121
v -1.562421 -0.804921 -3.390132
v -1.562044 -0.804935 -0.252298
v -1.586058 -0.942410 -0.253584
v -1.585958 -0.941825 0.014742
v -2.136193 -0.804439 1.377666
v -2.120662 -0.906000 0.727003
v -2.134848 -0.806202 -3.898288
v -2.113975 -0.943675 -3.910511
v -2.117968 -0.911845 -3.824651
v -2.118071 -0.912715 -3.824647
v -2.083545 -1.191456 1.230377
v -2.071867 -1.165561 0.895904
v -2.072941 -1.151356 0.940830
v -2.075268 -1.120597 0.975935
v -2.078443 -1.078602 0.995148
v -1.324691 -0.709876 0.066297
v -1.150300 -0.941894 0.065321
v -1.443521 -0.550394 0.579178
v -2.134850 -0.805196 -4.637419
v -2.079517 -1.193646 -3.816361
v -1.150414 -0.941069 -0.376940
v -1.150374 -0.941360 -0.220654
v -1.653231 -0.217535 -1.302115
v -0.254020 1.140543 -4.415336
v -1.227123 0.221785 -4.573915
v -1.227869 0.201324 -4.549410
v -1.587295 0.206877 -4.620894
v -1.561720 0.226492 -4.645366
v -1.561720 0.226492 -4.645366
v -1.587295 0.206877 -4.620894
v -1.599720 0.205076 -4.612101
v -1.573572 0.251842 -4.636979
v -1.211569 1.356483 -4.446048
v -1.219800 1.362920 -4.411934
v -0.274678 1.364224 -4.416101
v -0.287501 1.357503 -4.450023
v -1.300918 1.148249 -4.484043
v -1.325444 1.144373 -4.451765
v -1.219800 1.362920 -4.411934
v -1.211569 1.356483 -4.446048
v -1.537748 0.501030 -4.584100
v -1.560512 0.466319 -4.556664
v -0.287501 1.357503 -4.450023
v -0.274678 1.364224 -4.416101
v -0.261525 1.248156 -4.416134
v -0.274661 1.246791 -4.450054
v -1.573572 0.251842 -4.636979
v -1.599720 0.205076 -4.612101
v -0.254020 1.140543 -4.415336
v -0.267548 1.153815 -4.449429
v -0.267548 1.153815 -4.449429
v -0.254020 1.140543 -4.415336
v -0.916069 1.138920 -4.414130
v -0.930290 1.152092 -4.448074
v -0.930290 1.152092 -4.448074
v -0.916069 1.138920 -4.414130
v -1.227869 0.201324 -4.549410
v -1.227123 0.221785 -4.573915
v -1.236354 0.231467 -4.570495
v -1.227123 0.221785 -4.573915
v -1.561720 0.226492 -4.645366
v -1.548020 0.236042 -4.641941
v -1.573572 0.251842 -4.636979
v -1.559537 0.260676 -4.633790
v -0.287501 1.357503 -4.450023
v -0.308409 1.350332 -4.452108
v -1.197566 1.349479 -4.448246
v -1.197704 1.349478 -4.448245
v -1.211569 1.356483 -4.446048
v -1.285024 1.150887 -4.485168
v -1.300918 1.148249 -4.484043
v -1.515409 0.521647 -4.582404
v -1.537748 0.501030 -4.584100
v -0.274661 1.246791 -4.450054
v -0.295752 1.246372 -4.452139
v -0.267548 1.153815 -4.449429
v -0.288768 1.163420 -4.451530
v -0.930290 1.152092 -4.448074
v -0.938411 1.161704 -4.450213
v -1.236354 0.231467 -4.532048
v -1.236354 0.231467 -4.570495
v -1.548020 0.236042 -4.641941
v -1.548020 0.236042 -4.603494
v -1.548020 0.236042 -4.603494
v -1.548020 0.236042 -4.641941
v -1.559537 0.260676 -4.633790
v -1.559537 0.260676 -4.595343
v -1.197566 1.349479 -4.448246
v -1.197704 1.349478 -4.409799
v -1.197704 1.349478 -4.448245
v -1.285024 1.150887 -4.446721
v -1.285024 1.150887 -4.485168
v -1.197704 1.349478 -4.448245
v -1.197704 1.349478 -4.409799
v -1.515375 0.521529 -4.543982
v -1.515409 0.521647 -4.582404
v -0.308409 1.350332 -4.413661
v -0.308409 1.350332 -4.452108
v -0.295752 1.246372 -4.452139
v -0.295752 1.246372 -4.413692
v -1.559537 0.260676 -4.595343
v -1.559537 0.260676 -4.633790
v -0.288768 1.163420 -4.451530
v -0.288768 1.163420 -4.413084
v -0.288768 1.163420 -4.413084
v -0.288768 1.163420 -4.451530
v -0.938411 1.161704 -4.450213
v -0.938411 1.161704 -4.411767
v -0.938411 1.161704 -4.411767
v -0.938411 1.161704 -4.450213
v -1.236354 0.231467 -4.570495
v -1.236354 0.231467 -4.532048
v -1.548020 0.236042 -4.603494
v -1.559537 0.260676 -4.595343
v -1.515375 0.521529 -4.543982
v -0.938411 1.161704 -4.411767
v -1.236354 0.231467 -4.532048
v -1.285024 1.150887 -4.446721
v -1.197704 1.349478 -4.409799
v -0.308409 1.350332 -4.413661
v -0.295752 1.246372 -4.413692
v -0.288768 1.163420 -4.413084
v -1.197704 1.349478 -4.409799
v -1.197566 1.349479 -4.448246
v -0.308409 1.350332 -4.452108
v -0.308409 1.350332 -4.413661
v -2.034056 -0.889156 -4.620201
v -2.098491 -0.805196 -4.679951
v -1.852575 -0.805196 -4.709732
v -1.852966 -0.889156 -4.642133
v -1.598731 -0.805196 -4.679951
v -1.666038 -0.889156 -4.620201
v -1.672948 -1.278219 -4.327666
v -1.720690 -1.201792 -4.388265
v -1.992070 -1.201792 -4.388265
v -2.041474 -1.278219 -4.327666
v -1.858533 -1.201792 -4.408404
v -1.860134 -1.278219 -4.355016
v -2.034056 -0.892896 -4.584459
v -2.034056 -0.889156 -4.620201
v -1.852966 -0.889156 -4.642133
v -1.852966 -0.883833 -4.591298
v -1.666038 -0.889156 -4.620201
v -1.666038 -0.892896 -4.584459
v -1.666038 -0.892896 -4.584459
v -1.666038 -0.889156 -4.620201
v -1.720690 -1.201792 -4.388265
v -1.720690 -1.203848 -4.349718
v -1.992070 -1.203848 -4.349718
v -1.992070 -1.201792 -4.388265
v -2.034056 -0.889156 -4.620201
v -2.034056 -0.892896 -4.584459
v -1.858533 -1.201060 -4.355997
v -1.858533 -1.201792 -4.408404
v -1.992070 -1.201792 -4.388265
v -1.992070 -1.203848 -4.349718
v -1.720690 -1.203848 -4.349718
v -1.720690 -1.201792 -4.388265
v -1.666038 -0.892896 -4.584459
v -1.720690 -1.203848 -4.349718
v -1.858533 -1.201060 -4.355997
v -1.992070 -1.203848 -4.349718
v -2.034056 -0.892896 -4.584459
v -1.852966 -0.883833 -4.591298
v -0.083266 -0.939598 -3.196425
v -0.083266 -0.945299 0.889147
v 0.002131 -0.945299 0.889147
v 0.002131 -0.941117 0.965107
v -0.083266 -0.944749 0.543020
v -0.083266 -0.945299 0.889147
v -0.094732 -0.925725 0.872472
v -0.094732 -0.925193 0.542935
v -0.083266 -0.944749 0.543020
v -0.083266 -0.945299 0.889147
v -0.096203 -0.922567 -1.377471
v -0.096203 -0.922112 -1.665907
v -0.083266 -0.941636 -1.665823
v -0.083266 -0.942117 -1.353651
v -0.961802 -0.940990 -1.671425
v -0.920324 -0.920897 -1.671214
v -0.921935 -0.921019 -1.377488
v -0.963841 -0.940470 -1.353181
v -0.963841 -0.940470 -1.353181
v -0.083266 -0.942117 -1.353651
v -0.083266 -0.942319 -1.030249
v -0.964300 -0.940607 -1.029782
v -0.921412 -0.921067 -1.013962
v -0.964300 -0.940607 -1.029782
v -0.083266 -0.942319 -1.030249
v -0.094732 -0.922749 -1.013939
v -0.083266 -0.942117 -1.353651
v -0.963841 -0.940470 -1.353181
v -0.921935 -0.921019 -1.377488
v -0.096203 -0.922567 -1.377471
v -0.900131 -0.925725 0.872472
v -0.907265 -0.924197 0.541694
v -0.094732 -0.925193 0.542935
v -0.094732 -0.925725 0.872472
v -0.486683 -0.925725 0.872472
v -0.096203 -0.922112 -1.665907
v -0.096203 -0.922567 -1.377471
v -0.921935 -0.921019 -1.377488
v -0.920324 -0.920897 -1.671214
v -0.961766 -0.940959 -1.703098
v -0.961802 -0.940990 -1.671425
v -0.963841 -0.940470 -1.353181
v -1.151172 -0.940205 -2.098026
v -0.096203 -0.922062 -1.697400
v -0.096203 -0.921598 -1.981614
v -0.083266 -0.941128 -1.981614
v -0.083266 -0.941586 -1.697315
v -0.920146 -0.920883 -1.702707
v -0.918516 -0.920759 -1.981614
v -0.096203 -0.921598 -1.981614
v -0.096203 -0.922062 -1.697400
v -0.961766 -0.940959 -1.703098
v -0.959544 -0.940670 -1.982759
v -0.918516 -0.920759 -1.981614
v -0.920146 -0.920883 -1.702707
v -0.096203 -0.921547 -2.013107
v -0.096203 -0.921104 -2.292057
v -0.083266 -0.940641 -2.292057
v -0.083266 -0.941078 -2.013107
v -0.918305 -0.920742 -2.013106
v -0.916197 -0.920558 -2.292040
v -0.096203 -0.921104 -2.292057
v -0.096203 -0.921547 -2.013107
v -0.959820 -0.940421 -2.014281
v -0.959544 -0.940670 -1.982759
v -0.096203 -0.921054 -2.323550
v -0.096203 -0.920619 -2.603500
v -0.083266 -0.940163 -2.603502
v -0.083266 -0.940592 -2.323550
v -0.915962 -0.920537 -2.323532
v -0.913894 -0.920357 -2.603415
v -0.096203 -0.920619 -2.603500
v -0.096203 -0.921054 -2.323550
v -0.957104 -0.940292 -2.323539
v -0.955127 -0.939988 -2.603442
v -0.913894 -0.920357 -2.603415
v -0.915962 -0.920537 -2.323532
v -0.096203 -0.920581 -2.634993
v -0.096203 -0.920354 -2.893003
v -0.083266 -0.939897 -2.893025
v -0.083266 -0.940125 -2.634995
v -0.913713 -0.920342 -2.634907
v -0.912664 -0.920250 -2.891654
v -0.096203 -0.920354 -2.893003
v -0.096203 -0.920581 -2.634993
v -0.955002 -0.939960 -2.634894
v -0.953891 -0.939800 -2.891612
v -0.912664 -0.920250 -2.891654
v -0.913713 -0.920342 -2.634907
v -0.096203 -0.920079 -3.174038
v -0.083266 -0.939598 -3.196425
v -0.083266 -0.939868 -2.924518
v -0.096203 -0.920324 -2.924496
v -0.912530 -0.920239 -2.923146
v -0.911432 -0.920143 -3.172914
v -0.096203 -0.920079 -3.174038
v -0.096203 -0.920324 -2.924496
v -0.952577 -0.939575 -3.196487
v -0.911432 -0.920143 -3.172914
v -0.912530 -0.920239 -2.923146
v -0.953847 -0.939778 -2.923078
v -0.957392 -0.940327 -2.292035
v -1.151802 -0.939378 -3.615921
v -0.953847 -0.939778 -2.923078
v -0.953891 -0.939800 -2.891612
v -1.151699 -0.939513 -3.367659
v -0.955127 -0.939988 -2.603442
v -0.957104 -0.940292 -2.323539
v -0.955002 -0.939960 -2.634894
v -0.961766 -0.940959 -1.703098
v -0.083266 -0.941586 -1.697315
v -0.083266 -0.941636 -1.665823
v -0.961802 -0.940990 -1.671425
v -0.959820 -0.940421 -2.014281
v -0.083266 -0.941078 -2.013107
v -0.083266 -0.941128 -1.981614
v -0.959544 -0.940670 -1.982759
v -0.957104 -0.940292 -2.323539
v -0.083266 -0.940592 -2.323550
v -0.083266 -0.940641 -2.292057
v -0.957392 -0.940327 -2.292035
v -0.955002 -0.939960 -2.634894
v -0.083266 -0.940125 -2.634995
v -0.083266 -0.940163 -2.603502
v -0.955127 -0.939988 -2.603442
v -0.953847 -0.939778 -2.923078
v -0.083266 -0.939868 -2.924518
v -0.083266 -0.939897 -2.893025
v -0.953891 -0.939800 -2.891612
v -0.083266 -0.941128 -1.981614
v -0.096203 -0.921598 -1.981614
v -0.918516 -0.920759 -1.981614
v -0.959544 -0.940670 -1.982759
v -0.920324 -0.920897 -1.671214
v -0.961802 -0.940990 -1.671425
v -0.083266 -0.941636 -1.665823
v -0.096203 -0.922112 -1.665907
v -0.916197 -0.920558 -2.292040
v -0.957392 -0.940327 -2.292035
v -0.083266 -0.940641 -2.292057
v -0.096203 -0.921104 -2.292057
v -0.913894 -0.920357 -2.603415
v -0.955127 -0.939988 -2.603442
v -0.083266 -0.940163 -2.603502
v -0.096203 -0.920619 -2.603500
v -0.912664 -0.920250 -2.891654
v -0.953891 -0.939800 -2.891612
v -0.083266 -0.939897 -2.893025
v -0.096203 -0.920354 -2.893003
v -0.918305 -0.920742 -2.013106
v -0.096203 -0.921547 -2.013107
v -0.083266 -0.941078 -2.013107
v -0.959820 -0.940421 -2.014281
v -0.083266 -0.941586 -1.697315
v -0.961766 -0.940959 -1.703098
v -0.920146 -0.920883 -1.702707
v -0.096203 -0.922062 -1.697400
v -0.083266 -0.940592 -2.323550
v -0.957104 -0.940292 -2.323539
v -0.915962 -0.920537 -2.323532
v -0.096203 -0.921054 -2.323550
v -0.083266 -0.940125 -2.634995
v -0.955002 -0.939960 -2.634894
v -0.913713 -0.920342 -2.634907
v -0.096203 -0.920581 -2.634993
v -0.083266 -0.939868 -2.924518
v -0.953847 -0.939778 -2.923078
v -0.912530 -0.920239 -2.923146
v -0.096203 -0.920324 -2.924496
v -0.970485 -0.941449 -0.434412
v -0.970359 -0.941281 -0.402983
v -0.924992 -0.921339 -0.688402
v -0.927761 -0.921550 -0.434917
v -0.970485 -0.941449 -0.434412
v -0.968187 -0.941033 -0.687777
v -1.150300 -0.941894 0.065321
v -1.150374 -0.941360 -0.220654
v -0.963571 -0.942075 -0.090076
v -0.957516 -0.942620 0.188067
v -0.920580 -0.922188 -0.089889
v -0.914404 -0.922713 0.187236
v -0.957516 -0.942620 0.188067
v -0.963571 -0.942075 -0.090076
v -0.950733 -0.944228 0.542715
v -0.900131 -0.925725 0.872472
v -0.943045 -0.945299 0.889147
v -0.950733 -0.944228 0.542715
v -0.907265 -0.924197 0.541694
v -0.094732 -0.922749 -1.013939
v -0.083266 -0.942319 -1.030249
v -0.083266 -0.942798 -0.721851
v -0.094732 -0.923210 -0.721824
v -0.924646 -0.921313 -0.719893
v -0.921412 -0.921067 -1.013962
v -0.094732 -0.922749 -1.013939
v -0.094732 -0.923210 -0.721824
v -0.094732 -0.923663 -0.434147
v -0.094732 -0.923259 -0.690332
v -0.083266 -0.942847 -0.690358
v -0.083266 -0.943244 -0.434136
v -0.927761 -0.921550 -0.434917
v -0.924992 -0.921339 -0.688402
v -0.094732 -0.923259 -0.690332
v -0.094732 -0.923663 -0.434147
v -0.094732 -0.924157 -0.121302
v -0.094732 -0.923713 -0.402654
v -0.083266 -0.943293 -0.402643
v -0.083266 -0.943730 -0.121300
v -0.921282 -0.922129 -0.121375
v -0.927582 -0.921593 -0.403428
v -0.094732 -0.923713 -0.402654
v -0.094732 -0.924157 -0.121302
v -0.094732 -0.924645 0.187549
v -0.094732 -0.924207 -0.089809
v -0.083266 -0.943779 -0.089808
v -0.083266 -0.944210 0.187554
v -0.914404 -0.922713 0.187236
v -0.920580 -0.922188 -0.089889
v -0.094732 -0.924207 -0.089809
v -0.094732 -0.924645 0.187549
v -0.094732 -0.925143 0.511443
v -0.094732 -0.924694 0.219042
v -0.083266 -0.944258 0.219046
v -0.083266 -0.944701 0.511527
v -0.907919 -0.924057 0.510207
v -0.913738 -0.922810 0.218723
v -0.094732 -0.924694 0.219042
v -0.094732 -0.925143 0.511443
v -0.968117 -0.941168 -0.719300
v -0.083266 -0.942798 -0.721851
v -0.083266 -0.942847 -0.690358
v -0.968187 -0.941033 -0.687777
v -0.970485 -0.941449 -0.434412
v -0.083266 -0.943244 -0.434136
v -0.083266 -0.943293 -0.402643
v -0.970359 -0.941281 -0.402983
v -0.963975 -0.941829 -0.121727
v -0.083266 -0.943730 -0.121300
v -0.083266 -0.943779 -0.089808
v -0.963571 -0.942075 -0.090076
v -0.957516 -0.942620 0.188067
v -0.083266 -0.944210 0.187554
v -0.083266 -0.944258 0.219046
v -0.957016 -0.942476 0.219457
v -0.951231 -0.943851 0.510930
v -0.083266 -0.944701 0.511527
v -0.950733 -0.944228 0.542715
v -0.924646 -0.921313 -0.719893
v -0.094732 -0.923210 -0.721824
v -0.083266 -0.942798 -0.721851
v -0.968117 -0.941168 -0.719300
v -0.924992 -0.921339 -0.688402
v -0.968187 -0.941033 -0.687777
v -0.083266 -0.942847 -0.690358
v -0.094732 -0.923259 -0.690332
v -0.083266 -0.943293 -0.402643
v -0.094732 -0.923713 -0.402654
v -0.927582 -0.921593 -0.403428
v -0.970359 -0.941281 -0.402983
v -0.927761 -0.921550 -0.434917
v -0.094732 -0.923663 -0.434147
v -0.083266 -0.943244 -0.434136
v -0.970485 -0.941449 -0.434412
v -0.921282 -0.922129 -0.121375
v -0.094732 -0.924157 -0.121302
v -0.083266 -0.943730 -0.121300
v -0.963975 -0.941829 -0.121727
v -0.920580 -0.922188 -0.089889
v -0.963571 -0.942075 -0.090076
v -0.083266 -0.943779 -0.089808
v -0.094732 -0.924207 -0.089809
v -0.083266 -0.944258 0.219046
v -0.094732 -0.924694 0.219042
v -0.913738 -0.922810 0.218723
v -0.957016 -0.942476 0.219457
v -0.914404 -0.922713 0.187236
v -0.094732 -0.924645 0.187549
v -0.083266 -0.944210 0.187554
v -0.957516 -0.942620 0.188067
v -0.907919 -0.924057 0.510207
v -0.094732 -0.925143 0.511443
v -0.083266 -0.944701 0.511527
v -0.951231 -0.943851 0.510930
v -0.907265 -0.924197 0.541694
v -0.950733 -0.944228 0.542715
v -0.083266 -0.944749 0.543020
v -0.094732 -0.925193 0.542935
v -1.582115 0.461066 -4.661669
v -1.629217 0.468377 -4.670392
v -1.629217 0.468377 -4.670392
v -1.639536 0.466959 -4.659606
v -1.572480 0.492543 -4.661718
v -1.566884 0.454528 -4.650430
v -1.582115 0.461066 -4.661669
v -1.582115 0.461066 -4.661669
v -1.566884 0.454528 -4.650430
v -1.587219 0.432766 -4.656634
v -1.423234 1.150897 -1.397022
v -1.394905 1.225311 -1.387573
v -1.394325 1.225035 -1.464820
v -1.423234 1.150897 -1.397022
v -0.472440 -0.196847 -4.546874
v -0.474365 -0.518351 -4.496399
v -1.137194 -0.271497 -4.554025
v -1.182268 -0.209264 -4.567877
v -1.158846 -0.078232 -4.566660
v -1.066866 0.155913 -4.545752
v -0.408820 -0.072899 -4.549109
v -0.500590 -0.628392 -4.470711
v -0.883019 -0.624253 -4.471677
v -0.309604 0.043787 -4.541408
v -0.860305 0.837457 -4.443345
v -0.300771 -0.088900 -4.551123
v -0.238077 -0.034987 -4.550689
v -0.132731 0.017953 -4.549613
v -0.038166 0.031185 -4.552747
v -0.367102 -0.195005 -4.546693
v -0.335604 -0.624449 -4.471632
v -0.367698 -0.558076 -4.487126
v -0.158698 -0.635913 -4.468956
v -0.254593 1.128750 -4.422623
v -0.156354 1.128323 -4.422836
v -0.812181 0.996238 -4.437936
v -0.906179 1.131578 -4.421216
v -0.300771 -0.088900 -4.569572
v -0.408820 -0.072899 -4.567558
v -0.309604 0.043787 -4.559857
v -0.238077 -0.034987 -4.569138
v -0.860305 0.837457 -4.461794
v -1.066866 0.155913 -4.564202
v -1.201159 0.198828 -4.561699
v -1.300467 -0.148061 -4.585211
v -1.158846 -0.078232 -4.585110
v -0.038130 0.146988 -4.554421
v -0.038166 0.031185 -4.571196
v -0.132731 0.017953 -4.568062
v -0.205815 0.123181 -4.557537
v -1.182268 -0.209264 -4.586327
v -1.137194 -0.271497 -4.572475
v -1.298822 -0.211303 -4.586526
v -0.472440 -0.196847 -4.565323
v -0.474365 -0.518351 -4.514848
v -0.367102 -0.195004 -4.565143
v -0.367698 -0.558076 -4.505575
v -0.883019 -0.624253 -4.490127
v -0.335604 -0.624449 -4.490081
v -0.500590 -0.628392 -4.489160
v -0.158698 -0.635913 -4.486617
v -0.926186 -0.698959 -4.472686
v -0.156354 1.128324 -4.404386
v -0.156354 1.128323 -4.422836
v -0.254593 1.128750 -4.422623
v -0.254593 1.128750 -4.418972
v -0.906179 1.131578 -4.421216
v -0.906180 1.131578 -4.402767
v -0.309604 0.043787 -4.541408
v -0.309604 0.043787 -4.559857
v -0.408820 -0.072899 -4.567558
v -0.408820 -0.072899 -4.549109
v -0.300771 -0.088900 -4.551123
v -0.300771 -0.088900 -4.569572
v -0.238077 -0.034987 -4.569138
v -0.238077 -0.034987 -4.550689
v -0.132731 0.017953 -4.568062
v -0.132731 0.017953 -4.549613
v -0.906180 1.131578 -4.402767
v -0.906179 1.131578 -4.421216
v -1.201159 0.198828 -4.561699
v -1.201159 0.198828 -4.543250
v -1.066866 0.155913 -4.545752
v -1.066866 0.155913 -4.564202
v -0.860305 0.837457 -4.461794
v -0.860305 0.837457 -4.443345
v -1.300467 -0.148061 -4.585211
v -1.300468 -0.148061 -4.566763
v -1.158846 -0.078232 -4.566660
v -1.158846 -0.078232 -4.585110
v -0.205815 0.123181 -4.539088
v -0.038130 0.146988 -4.536661
v -0.038130 0.146988 -4.554421
v -0.205815 0.123181 -4.557537
v -0.205815 0.123181 -4.539088
v -0.205815 0.123181 -4.557537
v -0.812181 0.996238 -4.437936
v -0.812182 0.996239 -4.419487
v -0.860305 0.837457 -4.443345
v -0.860305 0.837457 -4.461794
v -0.309604 0.043787 -4.559857
v -0.309604 0.043787 -4.541408
v -1.137194 -0.271497 -4.554025
v -1.137194 -0.271497 -4.572475
v -1.182268 -0.209264 -4.586327
v -1.182268 -0.209264 -4.567877
v -0.408820 -0.072899 -4.549109
v -0.408820 -0.072899 -4.567558
v -1.158846 -0.078232 -4.585110
v -1.158846 -0.078232 -4.566660
v -0.367102 -0.195005 -4.546693
v -0.367102 -0.195004 -4.565143
v -1.298822 -0.211303 -4.586526
v -1.298822 -0.211303 -4.568077
v -1.182268 -0.209264 -4.567877
v -1.182268 -0.209264 -4.586327
v -0.472440 -0.196847 -4.565323
v -0.472440 -0.196847 -4.546874
v -0.472440 -0.196847 -4.546874
v -0.472440 -0.196847 -4.565323
v -0.474365 -0.518351 -4.514848
v -0.474365 -0.518351 -4.496399
v -0.367698 -0.558076 -4.487126
v -0.367698 -0.558076 -4.505575
v -0.335604 -0.624449 -4.471632
v -0.335604 -0.624449 -4.490081
v -0.500590 -0.628392 -4.489160
v -0.500590 -0.628392 -4.470711
v -0.500590 -0.628392 -4.470711
v -0.500590 -0.628392 -4.489160
v -0.883019 -0.624253 -4.490127
v -0.883019 -0.624253 -4.471677
v -0.883019 -0.624253 -4.471677
v -0.883019 -0.624253 -4.490127
v -1.298822 -0.211303 -4.568077
v -1.298822 -0.211303 -4.586526
v -0.926186 -0.698959 -4.472686
v -0.926186 -0.698959 -4.454238
v -0.158698 -0.635913 -4.468956
v -0.158698 -0.635913 -4.486617
v -0.335604 -0.624449 -4.490081
v -0.335604 -0.624449 -4.471632
v -1.151802 -0.939378 -3.615921
v -1.688634 -0.217562 -3.418029
v -1.728326 -0.168214 -3.815248
v -1.780625 -0.103334 -4.084100
v -0.768529 -0.085829 4.692487
v -1.058467 1.250991 0.993160
v -1.098958 1.263251 0.964849
v -1.058467 1.250991 0.993160
v -0.199174 1.262469 -1.610446
v -0.197064 1.364608 -1.715653
v -0.197437 1.270899 -1.629615
v -0.159593 1.371070 -4.044546
v -0.183375 1.373106 -1.734854
v -0.537449 -0.721703 3.082414
v -0.537449 -0.754895 3.090981
v -0.537449 -0.721703 3.082414
v -0.611690 0.179120 4.319646
v -0.622508 0.193043 4.350075
v 0.002131 0.193470 4.349486
v 0.002131 0.193470 4.349486
v 0.002131 0.179539 4.319069
v -0.611690 0.179120 4.319646
v -0.639324 0.766247 3.290828
v -0.611690 0.179120 4.319646
v 0.002131 1.262287 -4.167913
v -0.170411 1.260262 -4.169102
v -0.170875 1.268681 -4.149940
v -0.170875 1.268681 -4.149940
v 0.002131 1.270694 -4.148699
v 0.002131 1.262287 -4.167913
v 0.002131 1.364433 -4.062678
v -0.172886 1.362551 -4.063829
v -0.159593 1.371070 -4.044546
v -0.159593 1.371070 -4.044546
v 0.002131 1.372879 -4.043463
v 0.002131 1.364433 -4.062678
v 0.002131 -0.887186 -4.453094
v -1.152149 -0.887189 -4.453095
v -1.141101 -0.881306 -4.464516
v -1.141101 -0.881306 -4.464516
v 0.002131 -0.875755 -4.464477
v 0.002131 -0.887186 -4.453094
v -0.936948 -0.705508 -4.463829
v -0.926186 -0.698959 -4.454238
v -0.116951 1.386886 -0.048632
v -0.201631 1.382068 -0.122313
v -0.084373 1.344499 -0.459522
v -0.083266 -0.939598 -3.196425
v -0.038130 0.146988 -4.536661
v -0.205815 0.123181 -4.539088
v -0.812182 0.996239 -4.419487
v -0.812182 0.996239 -4.419487
v -0.812181 0.996238 -4.437936
v -0.038166 0.031185 -4.571196
v -0.038166 0.031185 -4.552747
v -0.926186 -0.698959 -4.454238
v -0.926186 -0.698959 -4.472686
v 0.258855 1.128750 -4.422623
v 0.002131 0.034005 -4.571513
v 0.002131 0.149845 -4.554207
v 0.002131 0.149845 -4.554207
v 0.002131 0.149952 -4.536660
v -0.038166 0.031185 -4.571196
v 0.002131 0.034005 -4.571513
v 0.002131 0.031185 -4.552747
v -0.038166 0.031185 -4.552747
v 0.042428 0.031185 -4.571196
v 0.042428 0.031185 -4.552747
v 0.154247 -0.379203 -4.512258
v 0.128959 -0.300749 -4.525152
v 0.066045 -0.255438 -4.531898
v 0.002131 -0.236663 -4.534199
v -0.071257 -0.251692 -4.532655
v -0.131412 -0.300635 -4.525273
v -0.150180 -0.377149 -4.512609
v 0.162960 -0.635913 -4.486617
v 0.154247 -0.379203 -4.529132
v 0.154247 -0.379203 -4.512258
v 0.162960 -0.635913 -4.468956
v 0.154247 -0.379203 -4.529132
v 0.128959 -0.300749 -4.542026
v 0.128959 -0.300749 -4.525152
v 0.154247 -0.379203 -4.512258
v 0.128959 -0.300749 -4.542026
v 0.066045 -0.255438 -4.548773
v 0.066045 -0.255438 -4.531898
v 0.128959 -0.300749 -4.525152
v 0.002131 -0.236663 -4.551073
v 0.002131 -0.236663 -4.534199
v -0.150180 -0.377149 -4.529483
v -0.158698 -0.635913 -4.486617
v -0.158698 -0.635913 -4.468956
v -0.150180 -0.377149 -4.512609
v -0.131412 -0.300635 -4.542147
v -0.150180 -0.377149 -4.529483
v -0.150180 -0.377149 -4.512609
v -0.131412 -0.300635 -4.525273
v 0.002131 -0.236663 -4.551073
v -0.071257 -0.251692 -4.549529
v -0.071257 -0.251692 -4.532655
v 0.002131 -0.236663 -4.534199
v -0.131412 -0.300635 -4.542147
v -0.131412 -0.300635 -4.525273
v 0.128959 -0.300749 -4.542026
v 0.154247 -0.379203 -4.529132
v -0.150180 -0.377149 -4.529483
v -0.131412 -0.300635 -4.542147
v -0.071257 -0.251692 -4.549529
v 0.002131 -0.236663 -4.551073
v 0.066045 -0.255438 -4.548773
vn 0.6044 0.6252 0.4937
vn 0.5888 0.6005 0.5410
vn 0.6134 0.6269 0.4803
vn 0.6879 0.6649 0.2911
vn 0.6906 0.6230 0.3673
vn 0.6483 0.6409 0.4109
vn 0.6496 0.6555 0.3851
vn 0.7972 0.5986 0.0780
vn 0.8084 0.5600 0.1816
vn 0.7737 0.5869 0.2386
vn 0.7661 0.6253 0.1485
vn 0.8244 0.5652 0.0314
vn 0.8352 0.5324 0.1377
vn 0.8537 0.5200 0.0288
vn 0.8769 0.4807 0.0014
vn 0.8583 0.5081 0.0717
vn 0.8467 0.5201 0.1123
vn 0.8905 0.4547 0.0173
vn 0.8901 0.4558 -0.0000
vn 0.4725 0.3461 0.8105
vn 0.4288 0.4318 0.7935
vn 0.8898 0.4564 0.0005
vn 0.8897 0.4565 0.0010
vn 0.8900 0.4560 -0.0018
vn 0.8900 0.4560 -0.0021
vn 0.7774 0.2339 0.5839
vn 0.8736 -0.0000 0.4867
vn 0.8725 0.0154 0.4884
vn 0.7571 0.2236 0.6138
vn -0.0000 0.2334 0.9724
vn 0.9255 0.0001 0.3788
vn 0.9272 0.0002 0.3746
vn 0.9972 0.0001 0.0744
vn 0.9973 -0.0000 0.0740
vn 0.9854 0.0004 0.1704
vn 0.9854 0.0005 0.1703
vn 0.9998 -0.0000 0.0181
vn 0.9998 -0.0000 0.0182
vn 1.0000 -0.0000 0.0010
vn 1.0000 -0.0000 0.0003
vn 1.0000 -0.0000 -0.0000
vn 1.0000 0.0036 -0.0003
vn 1.0000 0.0042 -0.0004
vn 1.0000 0.0006 0.0004
vn 1.0000 -0.0000 0.0006
vn 1.0000 -0.0007 0.0013
vn 1.0000 0.0001 0.0012
vn 0.9999 -0.0100 0.0025
vn 0.9999 -0.0105 0.0025
vn 0.6211 -0.7112 0.3294
vn 0.7100 -0.6832 0.1706
vn 0.6244 -0.7077 0.3306
vn 0.5801 -0.7109 0.3977
vn 0.7448 -0.6637 0.0692
vn 0.7095 -0.6835 0.1717
vn 0.6613 -0.6991 0.2719
vn 0.7853 -0.6189 0.0168
vn 0.7513 -0.6570 0.0627
vn 0.7040 -0.6983 0.1293
vn 0.7991 -0.6011 0.0013
vn 0.7977 -0.6030 -0.0008
vn 0.7841 -0.6204 0.0175
vn -0.2194 0.0331 -0.9751
vn -0.2256 0.0314 -0.9737
vn -0.2084 -0.0426 -0.9771
vn -0.0000 -0.9829 0.1841
vn -0.0000 -0.9932 0.1167
vn -0.0000 -0.9963 0.0859
vn -0.0000 -0.9963 0.0854
vn -0.0000 -0.9768 0.2140
vn -0.0000 -0.9985 0.0550
vn 0.0003 -0.9994 0.0353
vn -0.0000 -0.9997 0.0248
vn -0.0000 -1.0000 -0.0007
vn -0.0003 -1.0000 -0.0012
vn -0.0000 -1.0000 -0.0010
vn -0.0004 -1.0000 -0.0011
vn -0.0003 -1.0000 -0.0005
vn -0.0000 -1.0000 -0.0000
vn 0.0025 0.6760 -0.7369
vn 0.0026 0.6760 -0.7369
vn -0.0000 0.6761 -0.7369
vn -0.0000 0.6761 -0.7368
vn -0.0636 -0.0593 -0.9962
vn -0.2069 -0.0283 -0.9780
vn -0.0915 -0.1024 -0.9905
vn -0.0000 0.0037 -1.0000
vn -0.1954 0.0326 -0.9802
vn -0.2166 0.0492 -0.9750
vn -0.1448 -0.0159 -0.9893
vn -0.0804 -0.1680 -0.9825
vn -0.1045 -0.1102 -0.9884
vn -0.1946 0.0270 -0.9805
vn 0.3010 0.1923 -0.9341
vn 0.2973 0.1917 -0.9353
vn -0.2020 0.0269 -0.9790
vn 0.2909 0.2318 -0.9283
vn 0.6680 0.4652 0.5809
vn 0.6709 0.4800 0.5653
vn 0.6498 0.4758 0.5928
vn 0.5563 -0.7029 0.4431
vn 0.5638 -0.7141 0.4148
vn -0.0000 -0.9241 0.3820
vn 0.9645 -0.0001 0.2640
vn 0.9647 -0.0000 0.2632
vn 0.7295 0.6465 0.2232
vn 0.7344 0.6021 0.3132
vn -0.0000 0.9955 0.0946
vn -0.0000 0.9876 0.1571
vn -0.0000 0.9876 0.1570
vn -0.0000 0.9956 0.0942
vn -0.9278 -0.0000 -0.3732
vn -0.0089 -0.0000 -1.0000
vn -0.0167 -0.0000 -0.9999
vn 1.0000 -0.0000 0.0004
vn -0.0001 -1.0000 -0.0011
vn -0.0001 -1.0000 -0.0003
vn -0.0004 -1.0000 -0.0006
vn -0.0002 -1.0000 -0.0008
vn -0.0000 -1.0000 -0.0028
vn -0.0000 -1.0000 -0.0017
vn -0.0001 -1.0000 -0.0017
vn -0.0000 -1.0000 -0.0011
vn 0.0024 -1.0000 -0.0010
vn -0.0006 -1.0000 -0.0005
vn 0.0017 -1.0000 -0.0004
vn -0.0060 -1.0000 0.0034
vn 0.0015 -1.0000 -0.0019
vn 0.0015 -1.0000 -0.0020
vn -0.0052 -1.0000 -0.0068
vn 0.0036 -1.0000 -0.0030
vn 0.0018 -1.0000 -0.0035
vn -0.0053 -0.9999 -0.0106
vn -0.0000 -0.6485 -0.7612
vn -0.4322 -0.9018 0.0034
vn -0.4327 -0.9016 0.0035
vn -0.4287 -0.9035 0.0027
vn -0.4283 -0.9036 0.0026
vn -0.0000 -0.7541 0.6567
vn 0.0001 -0.7537 0.6572
vn -0.0009 -0.7714 0.6363
vn -0.0009 -0.7724 0.6351
vn -0.4153 -0.9097 0.0038
vn -0.4155 -0.9096 0.0038
vn -0.4137 -0.9104 0.0035
vn -0.4135 -0.9105 0.0034
vn -0.4189 -0.9079 -0.0111
vn -0.4190 -0.9079 -0.0111
vn -0.4181 -0.9083 -0.0112
vn -0.4180 -0.9084 -0.0113
vn -0.4153 -0.9096 -0.0122
vn -0.4154 -0.9095 -0.0122
vn -0.4137 -0.9103 -0.0125
vn -0.4135 -0.9104 -0.0125
vn -0.0000 -0.9369 0.3496
vn -0.0000 -0.9377 0.3475
vn 0.0069 -0.2499 -0.9682
vn -0.9999 0.0036 0.0139
vn -0.9999 0.0030 0.0115
vn -0.0000 -0.9251 0.3796
vn -0.0000 -0.9382 0.3461
vn -0.0013 -0.9367 0.3502
vn -0.0000 0.8603 0.5099
vn -0.0000 0.7985 0.6020
vn -0.0000 0.8110 0.5850
vn 0.0001 0.8612 0.5082
vn 0.0004 0.8829 0.4695
vn 0.0003 0.8833 0.4688
vn -0.0005 0.9075 0.4201
vn -0.0006 0.9085 0.4179
vn -0.0000 0.9439 0.3303
vn 0.0001 0.9447 0.3279
vn -0.0000 0.9736 0.2282
vn -0.0000 0.9708 0.2397
vn -0.9294 0.3198 0.1841
vn -0.9296 0.3194 0.1839
vn -0.9249 0.3439 0.1624
vn -0.9251 0.3434 0.1621
vn -0.9242 0.3501 0.1530
vn -0.9231 0.3523 0.1539
vn -0.9229 0.3655 0.1211
vn -0.9243 0.3624 0.1201
vn -0.0000 0.1116 0.9938
vn -0.9261 0.3680 0.0834
vn -0.9279 0.3636 0.0824
vn -0.0000 0.9510 0.3091
vn 0.0219 0.9450 0.3263
vn 0.0115 0.9631 0.2691
vn -0.0000 0.9676 0.2525
vn -0.0000 0.8607 0.5091
vn 0.0027 0.8598 0.5107
vn 0.0064 0.8824 0.4704
vn -0.0000 0.8788 0.4772
vn 0.8000 -0.6000 0.0005
vn 0.8003 -0.5996 0.0001
vn 0.8008 -0.5990 -0.0006
vn 0.8010 -0.5987 -0.0009
vn 0.2586 0.7108 0.6542
vn 0.2757 0.6603 0.6986
vn 0.2564 0.7137 0.6519
vn 0.3025 0.7571 0.5791
vn 0.3044 0.7615 0.5723
vn 0.2564 0.7137 0.6518
vn 0.3381 0.8187 0.4641
vn 0.3388 0.8192 0.4628
vn 0.3184 0.8062 0.4987
vn 0.3169 0.8030 0.5047
vn 0.4223 0.8715 0.2493
vn 0.4231 0.8719 0.2468
vn 0.3994 0.8577 0.3239
vn 0.3981 0.8564 0.3287
vn 0.4482 0.8766 0.1755
vn 0.4487 0.8764 0.1748
vn 0.4864 0.8676 0.1035
vn 0.4868 0.8673 0.1035
vn 0.4638 0.8780 0.1185
vn 0.4634 0.8782 0.1183
vn 0.4725 0.3462 0.8105
vn 0.3581 0.5536 0.7519
vn 0.3553 0.5621 0.7469
vn 0.4287 0.4319 0.7935
vn 0.4967 0.8679 -0.0012
vn 0.4959 0.8684 -0.0012
vn 0.3606 0.8343 0.4171
vn 0.3625 0.8369 0.4101
vn 0.5337 0.8456 -0.0062
vn 0.5331 0.8460 -0.0062
vn 0.0023 0.9155 0.4024
vn 0.0023 0.9156 0.4020
vn 0.0021 0.9150 0.4035
vn 0.0019 0.9156 0.4022
vn 0.5349 0.5472 -0.6438
vn 0.5300 0.5445 -0.6501
vn 0.6659 -0.0018 -0.7461
vn 0.6707 0.0001 -0.7417
vn 0.5373 -0.5951 -0.5976
vn 0.4399 -0.5509 -0.7092
vn -0.6492 0.3375 -0.6816
vn -0.6501 0.3385 -0.6803
vn -0.5585 0.2469 -0.7919
vn -0.5573 0.2457 -0.7931
vn -0.6873 -0.1230 -0.7159
vn -0.8085 -0.1827 -0.5594
vn -0.6740 -0.0316 -0.7380
vn -0.6733 -0.0423 -0.7382
vn 0.0045 -0.6899 -0.7239
vn -0.0011 -0.8395 -0.5434
vn -0.0010 -0.8378 -0.5460
vn 0.0046 -0.6873 -0.7264
vn -0.0000 -0.7099 -0.7043
vn -0.0273 -0.7399 -0.6721
vn -0.0270 -0.7376 -0.6747
vn -0.0000 -0.7075 -0.7067
vn -0.7033 -0.1331 -0.6984
vn -0.7034 -0.1332 -0.6982
vn -0.6879 -0.1252 -0.7149
vn -0.6877 -0.1251 -0.7151
vn 0.8010 -0.5987 -0.0010
vn 0.8003 -0.5995 -0.0000
vn 0.8000 -0.5999 0.0004
vn 0.8000 -0.6000 0.0004
vn 0.8896 0.4567 0.0003
vn 0.8892 0.4576 -0.0021
vn 0.8893 0.4573 -0.0014
vn 0.9999 0.0126 -0.0003
vn 0.9999 0.0132 -0.0004
vn 1.0000 0.0048 0.0005
vn 1.0000 0.0042 0.0006
vn -0.0003 1.0000 -0.0000
vn -0.0001 1.0000 -0.0000
vn 0.4962 0.8682 -0.0012
vn 0.0631 0.0003 -0.9980
vn 0.0564 0.0288 -0.9980
vn 0.0552 0.0283 -0.9981
vn 0.0267 0.0120 0.9996
vn 0.0438 0.0225 0.9988
vn 0.0259 0.0003 0.9997
vn 0.0802 -0.0633 -0.9948
vn 0.0702 -0.0517 -0.9962
vn 0.0704 -0.0526 -0.9961
vn 0.0675 -0.0495 -0.9965
vn -0.2542 0.9672 0.0003
vn -0.2542 0.9672 -0.0001
vn 0.0612 -0.0331 0.9976
vn 0.0243 -0.0187 0.9995
vn 0.0052 0.2179 -0.9760
vn 0.0054 0.2178 -0.9760
vn 0.2532 -0.9674 0.0008
vn 0.2571 -0.9664 0.0016
vn 0.0204 0.1119 0.9935
vn 0.0214 0.1041 0.9943
vn 0.0450 0.0720 -0.9964
vn 0.0451 0.0718 -0.9964
vn 0.0387 0.0424 0.9984
vn 0.0388 0.0413 0.9984
vn 0.2580 -0.9661 -0.0003
vn -0.0060 0.0039 1.0000
vn -0.0071 0.0044 1.0000
vn -0.0083 0.0089 0.9999
vn -0.0150 0.0103 0.9998
vn 0.2580 -0.9661 0.0001
vn 0.0128 -0.0108 -0.9999
vn 0.0039 -0.0024 -1.0000
vn -0.0106 -0.0052 0.9999
vn -0.0134 -0.0069 0.9999
vn 0.0045 0.0035 -1.0000
vn 0.0143 0.0073 -0.9999
vn -0.0121 -0.0001 0.9999
vn 0.0137 0.0002 -0.9999
vn -0.2611 0.9653 -0.0008
vn -0.2570 0.9664 -0.0017
vn -0.0053 -0.0370 0.9993
vn -0.0055 -0.0359 0.9993
vn -0.0204 0.1011 -0.9947
vn -0.0211 0.1012 -0.9946
vn -0.0116 -0.0136 0.9998
vn -0.0116 -0.0135 0.9998
vn -0.0008 0.0240 -0.9997
vn -0.0010 0.0244 -0.9997
vn -0.6699 0.0421 -0.7412
vn -0.6694 0.0423 -0.7417
vn 0.8117 0.5841 -0.0027
vn 0.8745 0.4850 -0.0083
vn 0.8582 0.5134 -0.0000
vn 0.8464 0.5325 -0.0064
vn -0.0000 1.0000 -0.0000
vn -0.0000 0.9852 0.1714
vn 0.0032 0.9373 0.3484
vn -0.9896 0.0895 -0.1127
vn -0.9951 0.0984 -0.0107
vn -0.9918 0.0763 -0.1028
vn -0.9927 0.0739 -0.0948
vn -0.1075 0.0763 -0.9913
vn 0.0205 0.0236 -0.9995
vn 0.0205 0.0207 -0.9996
vn -0.0974 0.0689 -0.9929
vn -0.0005 0.0588 -0.9983
vn 0.0067 0.0563 -0.9984
vn -0.0238 -0.9977 0.0640
vn -0.0382 -0.9988 0.0293
vn -0.0032 -0.9936 0.1130
vn 0.0047 -0.9959 -0.0905
vn -0.0008 -0.8707 -0.4919
vn 0.0012 -0.8414 -0.5405
vn 0.0011 -0.8425 -0.5387
vn -0.0009 -0.8712 -0.4910
vn 0.0200 0.7422 0.6699
vn 0.1107 0.6942 0.7112
vn 0.2730 0.5794 0.7680
vn 0.6378 0.1055 0.7629
vn 0.6581 0.1782 0.7315
vn 0.6719 0.1094 0.7325
vn 0.6448 0.0145 0.7642
vn -0.5622 0.7756 0.2872
vn -0.5238 0.7466 0.4102
vn -0.6043 0.7935 0.0717
vn -0.6384 0.7625 -0.1047
vn -0.6132 0.7324 -0.2959
vn -0.6370 0.7609 -0.1237
vn 0.5959 0.7923 -0.1312
vn 0.6727 0.6550 -0.3442
vn 0.6480 0.5832 -0.4899
vn -0.0000 0.7622 -0.6473
vn -0.0000 0.7617 -0.6479
vn -0.0009 0.8017 -0.5977
vn -0.0009 0.8021 -0.5972
vn -0.6842 0.0888 -0.7238
vn -0.6808 0.0889 -0.7271
vn -0.8341 0.0801 -0.5458
vn -0.8384 0.0798 -0.5393
vn 0.0006 -0.7597 -0.6503
vn 0.0006 -0.7607 -0.6491
vn -0.0035 -0.5680 -0.8230
vn -0.0036 -0.5633 -0.8262
vn -0.0167 -0.7243 -0.6893
vn -0.0131 -0.7375 -0.6752
vn -0.0259 -0.6896 -0.7237
vn -0.0274 -0.6840 -0.7290
vn 0.6701 -0.0114 -0.7422
vn 0.6583 -0.0110 -0.7527
vn 0.8431 -0.0188 -0.5374
vn 0.8541 -0.0194 -0.5198
vn -0.1512 0.7605 0.6315
vn -0.1401 0.7608 0.6337
vn 0.9359 0.3521 -0.0030
vn 0.9336 0.3580 -0.0184
vn 0.9341 0.3571 -0.0015
vn 0.9467 0.3221 0.0006
vn 0.9413 0.3375 -0.0003
vn 0.9969 0.0661 0.0434
vn 0.9985 0.0530 -0.0141
vn 0.9990 -0.0441 -0.0104
vn 0.9882 -0.1525 -0.0122
vn 0.0948 0.1637 0.9819
vn 0.9571 0.2899 -0.0003
vn 0.9636 0.2674 0.0014
vn 0.9468 0.3219 -0.0014
vn 0.9799 0.1995 -0.0007
vn 0.1320 -0.2749 0.9524
vn -0.0000 -0.0697 0.9976
vn 0.0011 -0.0354 0.9994
vn 0.1409 -0.2765 0.9506
vn -0.0000 0.5702 0.8215
vn -0.0000 0.5509 0.8346
vn -0.0000 0.6716 0.7409
vn -0.0000 0.2118 0.9773
vn -0.0000 0.2755 0.9613
vn 0.3608 -0.6353 0.6828
vn 0.3139 -0.5117 0.7998
vn 0.4136 -0.7547 0.5093
vn -0.2062 0.1494 -0.9670
vn -0.2063 0.1502 -0.9669
vn 0.6595 0.3726 -0.6529
vn 0.6585 0.3740 -0.6531
vn 0.6480 0.5831 -0.4899
vn 0.6727 0.6549 -0.3442
vn -0.1864 0.0447 -0.9815
vn -0.1871 0.0585 -0.9806
vn 0.7085 0.2598 -0.6562
vn 0.7046 0.2814 -0.6514
vn -0.1558 -0.1960 -0.9681
vn -0.1598 -0.1902 -0.9687
vn -0.1582 -0.1979 -0.9674
vn 0.7117 -0.1630 -0.6833
vn 0.7089 -0.1851 -0.6806
vn 0.6943 -0.2435 -0.6772
vn -0.1078 0.1748 -0.9787
vn -0.4762 0.0466 -0.8781
vn -0.4616 0.0531 -0.8855
vn -0.1100 0.1785 -0.9778
vn -0.7154 -0.0863 -0.6933
vn -0.7294 -0.0938 -0.6776
vn -0.4705 -0.1942 -0.8608
vn -0.9356 -0.3186 -0.1521
vn -0.7684 -0.2653 -0.5823
vn -0.8055 -0.2797 -0.5225
vn -0.9393 -0.3209 -0.1212
vn -0.9482 -0.3164 -0.0288
vn -0.9482 -0.3167 -0.0246
vn 0.8691 0.4944 -0.0131
vn 0.8065 0.5913 -0.0004
vn 0.8688 0.4949 -0.0131
vn 0.8473 0.5309 -0.0118
vn 0.8474 0.5308 -0.0113
vn 0.8735 0.4867 -0.0130
vn 0.8100 0.5865 -0.0034
vn 0.8047 0.5937 -0.0021
vn 0.8060 0.5919 -0.0025
vn 0.8028 0.5963 0.0012
vn 0.9999 0.0133 -0.0011
vn 0.9999 0.0142 -0.0010
vn 0.9999 0.0141 -0.0010
vn 0.9999 0.0132 -0.0012
vn 0.9706 0.1585 -0.1810
vn 0.9782 -0.0156 -0.2071
vn 0.9641 -0.0076 -0.2654
vn 0.9717 0.1483 0.1838
vn 0.9641 -0.0032 0.2654
vn 0.9785 -0.0103 0.2061
vn 0.9938 -0.0007 0.1116
vn 0.9822 0.1551 0.1059
vn 0.9974 -0.0000 0.0727
vn 0.9857 0.1524 0.0714
vn 0.9990 -0.0000 0.0443
vn 0.9860 0.1613 0.0427
vn 0.9859 0.1676 -0.0000
vn 0.9990 -0.0000 -0.0444
vn 0.9860 0.1613 -0.0427
vn 0.9971 0.0027 -0.0763
vn 0.9851 0.1523 -0.0799
vn 0.9937 0.0256 -0.1089
vn 0.9738 0.2037 -0.1013
vn 0.9687 -0.1650 0.1857
vn 0.9820 -0.1550 0.1076
vn 0.9857 -0.1524 0.0714
vn 0.9860 -0.1613 0.0427
vn 0.9859 -0.1676 -0.0000
vn 0.9860 -0.1613 -0.0427
vn 0.9857 -0.1524 -0.0714
vn 0.9820 -0.1550 -0.1083
vn 0.9676 -0.1732 -0.1839
vn 0.0019 -0.9074 -0.4202
vn -0.0177 -0.8211 -0.5706
vn 0.0653 -0.8280 -0.5569
vn 0.0580 -0.9159 -0.3972
vn -0.0326 -0.9787 -0.2026
vn 0.0479 -0.9810 -0.1882
vn -0.0133 -0.9954 -0.0946
vn 0.0468 -0.9947 -0.0911
vn 0.0453 -0.9981 -0.0410
vn -0.0119 -0.9990 -0.0423
vn -0.0121 -0.9979 -0.0637
vn -0.0104 -0.9999 0.0001
vn 0.0450 -0.9990 -0.0000
vn 0.0453 -0.9981 0.0410
vn -0.0109 -0.9991 0.0411
vn 0.0468 -0.9947 0.0911
vn -0.0061 -0.9979 0.0642
vn -0.0083 -0.9954 0.0952
vn 0.0478 -0.9812 0.1871
vn -0.0155 -0.9798 0.1995
vn 0.0584 -0.9139 0.4017
vn -0.0226 -0.8999 0.4354
vn -0.0206 -0.9638 0.2659
vn 0.0635 -0.8175 0.5724
vn -0.0378 -0.8114 0.5833
vn -0.0067 0.8971 0.4418
vn 0.0373 0.8042 0.5932
vn 0.0734 0.7883 0.6110
vn 0.0593 0.9098 0.4108
vn -0.0126 0.9829 0.1838
vn 0.0471 0.9835 0.1744
vn -0.0152 0.9953 0.0952
vn 0.0468 0.9947 0.0911
vn -0.0109 0.9990 0.0439
vn 0.0453 0.9981 0.0410
vn 0.0012 1.0000 -0.0017
vn 0.0450 0.9990 -0.0000
vn 0.0453 0.9981 -0.0410
vn -0.0109 0.9990 -0.0424
vn 0.0468 0.9948 -0.0910
vn -0.0122 0.9955 -0.0943
vn 0.0471 0.9835 -0.1745
vn -0.0195 0.9830 -0.1826
vn 0.0594 0.9092 -0.4121
vn -0.0139 0.8950 -0.4459
vn 0.0704 0.7860 -0.6142
vn 0.0004 0.7844 -0.6202
vn 0.7380 -0.4879 -0.4662
vn 0.7668 -0.4545 -0.4533
vn 0.5298 -0.7373 -0.4190
vn 0.5230 -0.7569 -0.3918
vn 0.5543 -0.8065 -0.2056
vn 0.5549 -0.8074 -0.2004
vn 0.5646 -0.8184 -0.1068
vn 0.5647 -0.8184 -0.1063
vn 0.5643 -0.8238 -0.0535
vn 0.5630 -0.8265 -0.0000
vn 0.5643 -0.8238 0.0535
vn 0.5646 -0.8184 0.1068
vn 0.5647 -0.8184 0.1063
vn 0.5544 -0.8068 0.2042
vn 0.5550 -0.8076 0.1992
vn 0.5042 -0.7296 0.4621
vn 0.5329 -0.7365 0.4166
vn 0.7439 -0.4914 0.4530
vn 0.7538 -0.4829 0.4456
vn 0.7641 0.4244 0.4858
vn 0.7928 0.3897 0.4686
vn 0.5267 0.7268 0.4409
vn 0.5202 0.7528 0.4033
vn 0.5558 0.8088 0.1922
vn 0.5562 0.8094 0.1885
vn 0.5646 0.8184 0.1068
vn 0.5646 0.8185 0.1063
vn 0.5643 0.8238 0.0535
vn 0.5630 0.8265 -0.0000
vn 0.5643 0.8238 -0.0535
vn 0.5643 0.8180 -0.1115
vn 0.5643 0.8180 -0.1111
vn 0.5561 0.8092 -0.1896
vn 0.5565 0.8097 -0.1865
vn 0.4989 0.7220 -0.4793
vn 0.5350 0.7348 -0.4170
vn 0.7631 0.4477 -0.4661
vn 0.7735 0.4388 -0.4573
vn -0.1091 -0.9763 -0.1867
vn -0.0503 -0.9152 -0.3999
vn -0.0743 -0.9930 -0.0918
vn -0.0698 -0.9955 -0.0638
vn -0.0692 -0.9967 -0.0415
vn -0.0659 -0.9978 0.0002
vn -0.0684 -0.9969 0.0385
vn -0.0971 -0.9002 0.4246
vn -0.0751 -0.9805 0.1813
vn -0.0604 0.9156 0.3975
vn 0.0436 0.8336 0.5506
vn -0.0753 0.9930 0.0912
vn -0.0667 0.9833 0.1696
vn -0.0698 0.9965 0.0454
vn -0.0427 0.9991 -0.0031
vn -0.0690 0.9929 -0.0965
vn -0.0645 0.9970 -0.0424
vn -0.0841 0.9816 -0.1714
vn -0.0884 0.9172 -0.3884
vn -0.0788 0.7843 -0.6154
vn -0.1088 -0.8092 -0.5774
vn -0.0584 -0.9962 0.0647
vn -0.0615 -0.9939 0.0915
vn -0.1190 -0.8051 0.5811
vn 0.9376 0.3477 -0.0083
vn 0.5659 0.1093 0.8172
vn 0.6219 0.7831 0.0003
vn 0.6727 0.6550 -0.3441
vn 0.5959 0.7923 -0.1311
vn 0.0001 0.9415 0.3369
vn 0.0054 0.8160 0.5780
vn 0.0101 0.7577 0.6525
vn 0.0114 0.7601 0.6497
vn 0.4311 0.9023 -0.0033
vn 0.4962 0.8682 -0.0022
vn -0.0000 1.0000 0.0020
vn 0.0206 0.9998 -0.0012
vn 0.0027 1.0000 0.0008
vn -0.0000 1.0000 0.0008
vn 0.9411 -0.0928 -0.3253
vn 0.9166 -0.1038 -0.3862
vn 0.9915 -0.0572 -0.1170
vn 0.9958 -0.0661 -0.0631
vn -0.0000 -0.0118 -0.9999
vn -0.0403 -0.0309 -0.9987
vn -0.0308 -0.0176 -0.9994
vn -0.0000 0.0025 -1.0000
vn -0.0222 0.7863 -0.6174
vn -0.0142 0.7140 -0.7000
vn 0.0098 0.9999 0.0051
vn 0.0065 0.9999 0.0076
vn -0.0000 1.0000 0.0062
vn -0.0000 1.0000 0.0037
vn -0.9945 0.1039 -0.0139
vn -0.9967 0.0809 -0.0012
vn -0.9980 0.0086 -0.0618
vn -0.9934 0.1148 -0.0068
vn -0.9935 -0.1140 0.0013
vn -0.9983 0.0547 -0.0190
vn -0.9983 -0.0583 0.0011
vn -0.9970 -0.0768 0.0109
vn -0.9959 0.0361 -0.0831
vn -0.9955 0.0361 -0.0874
vn -0.2963 -0.9550 0.0131
vn -0.5517 -0.8318 0.0610
vn -0.4019 -0.9155 0.0164
vn -0.2821 -0.9594 -0.0013
vn -0.8364 -0.5348 0.1202
vn -0.9576 -0.2636 0.1165
vn -0.9340 -0.3447 0.0941
vn -0.7963 -0.5976 0.0937
vn -0.9814 -0.1316 0.1396
vn -0.9810 -0.1024 0.1649
vn -0.9721 -0.0406 0.2310
vn -0.9475 -0.3026 0.1035
vn 0.8910 0.4528 -0.0321
vn 0.8909 0.4531 -0.0317
vn 0.8893 0.4571 -0.0158
vn 0.8888 0.4583 -0.0013
vn 0.8887 0.4585 -0.0023
vn 0.8892 0.4576 0.0002
vn 0.8894 0.4570 0.0018
vn 0.8889 0.4580 -0.0004
vn 0.8873 0.4612 -0.0039
vn 0.4913 -0.0308 0.8704
vn 0.4226 0.0951 0.9013
vn 0.4180 0.1656 0.8933
vn 0.4739 0.0610 0.8785
vn 0.5333 -0.1173 0.8377
vn 0.8873 0.4511 0.0961
vn 0.8883 0.4545 -0.0656
vn 0.3903 0.2031 0.8980
vn 0.3524 0.1921 0.9159
vn 0.3155 0.1813 0.9315
vn 0.0047 -0.7406 -0.6719
vn 0.0175 -0.6869 -0.7266
vn 0.9996 0.0193 -0.0206
vn -0.9892 -0.1379 -0.0499
vn -0.0009 1.0000 -0.0009
vn -0.0008 1.0000 -0.0013
vn 0.0417 0.9991 -0.0060
vn -0.0042 1.0000 0.0002
vn -0.0000 1.0000 0.0013
vn -0.0008 1.0000 0.0006
vn -0.0002 1.0000 -0.0008
vn 0.0002 1.0000 -0.0008
vn -0.0000 1.0000 -0.0008
vn -0.0003 1.0000 -0.0008
vn -0.0007 1.0000 -0.0009
vn -0.0004 1.0000 -0.0004
vn -0.0010 1.0000 0.0002
vn -0.0008 1.0000 -0.0017
vn -0.0007 1.0000 -0.0040
vn 0.4364 0.6345 0.6379
vn 0.3399 0.5605 0.7552
vn 0.3480 0.5686 0.7454
vn 0.4316 0.6417 0.6340
vn -0.0000 0.7919 -0.6107
vn 0.5872 0.6803 -0.4386
vn 0.4989 0.7314 -0.4650
vn -0.0000 0.8082 -0.5889
vn 0.7917 0.5020 -0.3482
vn 0.7575 0.5506 -0.3507
vn -0.0000 0.9855 -0.1696
vn -0.0000 0.9779 -0.2089
vn -0.0000 0.9833 -0.1820
vn 0.3810 0.5857 0.7154
vn 0.4627 0.6491 0.6038
vn 0.5002 0.6200 0.6045
vn 0.4006 0.5582 0.7266
vn -0.0000 0.5307 0.8476
vn -0.0000 0.5096 0.8604
vn 0.8328 0.4476 -0.3256
vn 0.8334 0.4465 -0.3257
vn 0.8307 0.4439 -0.3359
vn 0.8331 0.4448 -0.3287
vn 0.8311 0.4440 -0.3348
vn 0.8160 0.4784 -0.3246
vn 0.0565 -0.9854 0.1604
vn 0.0525 -0.9980 0.0337
vn 0.0489 -0.9987 0.0104
vn 0.0690 -0.9905 0.1191
vn -0.0000 -0.9813 0.1927
vn -0.0000 -0.9812 0.1930
vn 0.0585 0.9973 0.0453
vn 0.0448 0.9894 0.1380
vn 0.0557 0.9926 0.1083
vn 0.0564 0.9983 0.0154
vn 0.0540 0.9983 -0.0199
vn 0.2646 0.1434 0.9536
vn 0.2715 0.1518 0.9504
vn 0.2681 0.1478 0.9520
vn 0.2616 0.1398 0.9550
vn 0.0650 -0.9978 -0.0145
vn 0.0593 -0.9981 -0.0153
vn 0.8280 0.4615 -0.3185
vn 0.8226 0.4814 -0.3028
vn 0.8271 0.4650 -0.3157
vn 0.8309 0.4497 -0.3276
vn 0.4475 0.6461 0.6183
vn 0.3649 0.5654 0.7398
vn 0.3666 0.5724 0.7335
vn 0.4344 0.6612 0.6116
vn -0.0000 0.5161 0.8565
vn -0.0000 0.5084 0.8611
vn 0.8000 -0.6000 0.0002
vn 0.8011 -0.5985 -0.0004
vn 0.8030 -0.5960 -0.0006
vn 0.8033 -0.5955 -0.0072
vn 0.7751 -0.6304 -0.0423
vn 0.7970 -0.6040 -0.0010
vn 0.7999 -0.6002 -0.0014
vn -0.0196 -0.9992 0.0359
vn -0.0065 -1.0000 -0.0005
vn -0.0528 -0.9980 0.0357
vn -0.0257 -0.9989 0.0398
vn 0.0189 -0.9994 0.0278
vn 0.0458 -0.9989 -0.0005
vn -0.1709 -0.0375 -0.9846
vn -0.0745 0.0024 -0.9972
vn -0.3595 0.1760 -0.9164
vn 0.0269 -0.0002 -0.9996
vn -0.0887 0.0142 -0.9960
vn 0.0328 0.0028 -0.9995
vn 0.1415 0.9899 -0.0007
vn 0.0869 0.9962 -0.0023
vn 0.0899 0.9959 -0.0007
vn 0.1454 0.9893 0.0062
vn 0.1955 0.9807 0.0063
vn 0.2160 0.9762 0.0193
vn 0.0775 -0.0010 0.9970
vn 0.2439 -0.0651 0.9676
vn 0.2246 -0.0509 0.9731
vn 0.1057 -0.0333 0.9938
vn -0.0038 -0.0228 0.9997
vn 0.0220 -0.0613 0.9979
vn -0.0034 -1.0000 0.0008
vn -0.0093 -1.0000 0.0022
vn -0.0072 -1.0000 0.0007
vn -0.0010 -1.0000 -0.0006
vn 0.0021 -1.0000 -0.0015
vn 0.0024 -1.0000 -0.0019
vn -0.1972 -0.0253 -0.9800
vn -0.0961 -0.0003 -0.9954
vn -0.3445 0.1434 -0.9278
vn 0.0132 -0.0076 -0.9999
vn -0.0973 0.0155 -0.9951
vn 0.0031 -0.0117 -0.9999
vn 0.1748 0.9846 -0.0002
vn 0.1419 0.9899 -0.0005
vn 0.1427 0.9898 -0.0001
vn 0.1841 0.9829 0.0032
vn 0.1306 -0.0168 0.9913
vn 0.3114 -0.1140 0.9434
vn 0.2527 -0.0610 0.9656
vn 0.1456 -0.0395 0.9886
vn 0.0619 -0.0297 0.9976
vn 0.0901 -0.0719 0.9933
vn 0.2256 0.9742 0.0027
vn 0.2362 0.9716 0.0107
vn 0.2321 0.9726 -0.0147
vn 0.7844 -0.6197 -0.0261
vn 0.7932 -0.5779 -0.1921
vn 0.7786 -0.6276 -0.0033
vn 0.7811 -0.6244 -0.0018
vn 0.7904 -0.6106 0.0481
vn 0.8114 -0.5842 0.0185
vn 0.8063 -0.5914 0.0049
vn 0.8416 -0.5401 0.0001
vn 0.8034 -0.5955 -0.0059
vn 0.7840 -0.6207 -0.0051
vn 0.7913 -0.6113 -0.0099
vn 0.8020 -0.5974 0.0003
vn 0.2206 -0.0104 0.9753
vn -0.2658 0.0731 -0.9613
vn -0.2476 0.0761 -0.9659
vn 0.1718 0.0240 0.9848
vn -0.0574 0.9984 -0.0007
vn -0.0614 0.9981 -0.0063
vn -0.0015 1.0000 -0.0008
vn 0.0038 1.0000 -0.0029
vn -0.0678 0.9963 -0.0524
vn -0.0571 0.9983 -0.0135
vn 0.0518 0.9987 0.0031
vn 0.0469 0.9989 -0.0003
vn 0.0618 0.9981 0.0030
vn 0.1209 0.9916 0.0456
vn 0.1217 0.7028 -0.7009
vn -0.0143 0.6571 -0.7537
vn -0.0171 0.6573 -0.7535
vn 0.1359 0.7303 -0.6694
vn 0.7963 0.5627 0.2219
vn 0.9056 0.4241 -0.0003
vn 0.8202 0.5498 -0.1581
vn 0.8574 0.5012 0.1167
vn -0.0042 0.4358 0.9000
vn -0.0046 0.4161 0.9093
vn -0.5048 0.4538 0.7343
vn -0.4369 0.4841 0.7581
vn -0.8225 0.5275 0.2128
vn -0.7327 0.6080 0.3058
vn -0.7179 0.5324 0.4485
vn -0.7361 0.5029 0.4530
vn -0.8668 0.4874 0.1051
vn 0.7913 0.4511 0.4127
vn 0.7289 0.5409 0.4196
vn 0.7216 0.6106 0.3263
vn 0.4861 0.4664 0.7391
vn 0.4271 0.4787 0.7671
vn -0.5473 0.7037 -0.4532
vn -0.6693 0.6600 -0.3412
vn -0.8190 0.5497 -0.1645
vn -0.5749 0.6873 -0.4440
vn 0.6803 0.6492 -0.3403
vn 0.5452 0.6968 -0.4660
vn 0.5583 0.7009 -0.4438
vn 0.8201 0.5499 -0.1582
vn 0.4270 0.4788 0.7671
vn 0.4860 0.4664 0.7391
vn -0.0804 0.7235 -0.6856
vn -0.0958 0.7018 -0.7059
vn -0.8583 -0.3084 0.4101
vn -0.9413 -0.2478 0.2291
vn -0.7699 -0.4123 0.4870
vn -0.9020 -0.2827 0.3263
vn -0.8631 -0.2986 0.4073
vn 0.8447 -0.3179 0.4305
vn 0.8980 -0.3589 0.2544
vn 0.9471 -0.2445 0.2078
vn 0.9300 -0.2258 0.2902
vn 0.9441 -0.2458 0.2197
vn 0.8673 -0.2996 0.3976
vn -0.6999 -0.5077 -0.5024
vn -0.7065 -0.5078 -0.4930
vn -0.6876 -0.5052 -0.5216
vn -0.6521 -0.5161 -0.5553
vn -0.6509 -0.5165 -0.5564
vn 0.6597 -0.5016 -0.5597
vn 0.6570 -0.5029 -0.5617
vn 0.4977 -0.5715 -0.6525
vn 0.7133 -0.4733 -0.5170
vn 0.7312 -0.4619 -0.5019
vn -0.2430 -0.9700 -0.0103
vn -0.2168 -0.9760 0.0176
vn -0.1759 -0.9835 0.0423
vn -0.1013 -0.9935 -0.0517
vn 0.0632 -0.9961 -0.0622
vn 0.0009 -0.9972 -0.0748
vn 0.0006 -0.9972 -0.0749
vn 0.0348 -0.9971 -0.0676
vn 0.2121 -0.9769 0.0279
vn 0.2454 -0.9694 -0.0107
vn 0.0583 -0.9978 -0.0315
vn 0.0816 -0.9964 0.0244
vn -0.0193 -0.9996 0.0210
vn 0.0067 -0.9999 0.0153
vn 0.0027 -0.9999 0.0131
vn -0.0833 -0.9961 0.0282
vn -0.0395 -0.9980 0.0490
vn -0.1186 -0.9920 0.0436
vn 0.0457 -0.9962 0.0738
vn 0.0905 -0.9955 0.0287
vn 0.0313 -0.9986 0.0419
vn 0.0736 -0.9972 0.0136
vn -0.0607 -0.9963 -0.0608
vn -0.0351 -0.9970 -0.0689
vn -0.5553 -0.4147 0.7208
vn -0.5203 -0.4107 0.7487
vn -0.0036 -0.4685 0.8835
vn -0.0037 -0.4652 0.8852
vn 0.5622 -0.4039 0.7217
vn 0.5173 -0.4119 0.7501
vn 0.5622 -0.4039 0.7216
vn 0.5174 -0.4119 0.7501
vn 0.8939 0.2057 0.3983
vn 0.9260 0.2492 0.2836
vn 0.9248 0.2472 0.2892
vn 0.8921 0.2037 0.4032
vn 0.0040 0.8285 0.5600
vn -0.0509 0.8426 0.5361
vn -0.0508 0.8403 0.5398
vn 0.0012 0.8287 0.5597
vn 0.0472 0.8380 0.5437
vn 0.0457 0.8401 0.5405
vn -0.9451 0.2175 0.2441
vn -0.9220 0.1991 0.3319
vn -0.9238 0.2003 0.3263
vn -0.9456 0.2180 0.2415
vn 0.8498 -0.2258 0.4763
vn 0.2050 -0.1403 0.9687
vn 0.5190 -0.1924 0.8328
vn 0.9130 -0.2253 0.3401
vn -0.3333 -0.8923 0.3046
vn -0.0435 -0.9938 0.1023
vn -0.0504 -0.9921 0.1147
vn -0.3916 -0.8526 0.3459
vn 0.0025 -0.9957 0.0924
vn 0.0008 -0.9957 0.0926
vn 0.0407 -0.9935 0.1065
vn 0.0433 -0.9926 0.1131
vn -0.6984 0.0751 0.7117
vn -0.8416 -0.4506 0.2978
vn -0.8435 -0.3316 0.4226
vn -0.5119 0.3210 0.7968
vn 0.3693 -0.8655 0.3383
vn 0.4338 -0.8147 0.3848
vn -0.4299 -0.1080 0.8964
vn -0.2924 -0.2099 0.9330
vn -0.3073 -0.0822 0.9481
vn -0.4919 0.2272 0.8405
vn -0.2201 -0.2983 0.9287
vn 0.2150 -0.2902 0.9325
vn 0.3967 -0.0812 0.9143
vn 0.3104 -0.1858 0.9323
vn 0.4193 0.1088 0.9013
vn 0.3399 -0.1232 0.9324
vn -0.0041 -0.2102 0.9776
vn -0.0012 -0.2999 0.9540
vn -0.0029 -0.1229 0.9924
vn -0.0040 -0.2102 0.9776
vn 0.9891 0.1170 -0.0893
vn 0.9227 0.0846 -0.3761
vn 0.8554 0.1804 -0.4855
vn 0.8675 0.1655 -0.4690
vn 0.9258 0.0791 -0.3696
vn 0.5464 0.8313 0.1018
vn 0.6123 0.7906 -0.0004
vn 0.6113 0.7914 -0.0004
vn 0.5716 0.8048 0.1597
vn 0.5360 0.3389 0.7732
vn 0.7195 0.6175 0.3178
vn 0.7246 0.5769 0.3771
vn 0.5381 0.2452 0.8064
vn 0.6267 -0.6997 0.3430
vn 0.5656 -0.3919 0.7256
vn 0.5884 -0.3637 0.7221
vn 0.6496 -0.6655 0.3676
vn 0.5956 -0.8033 0.0008
vn 0.6796 -0.7292 0.0799
vn 0.7035 -0.6987 0.1301
vn 0.5955 -0.8034 0.0008
vn 0.9851 -0.1720 0.0036
vn 0.9749 -0.2228 0.0003
vn 0.9874 -0.1584 -0.0006
vn 0.9875 -0.1576 -0.0006
vn 0.9872 -0.1596 0.0038
vn 0.9940 -0.1030 0.0379
vn 0.9868 -0.1615 0.0115
vn 0.9845 -0.1740 0.0223
vn 0.9936 -0.1121 0.0094
vn 0.9979 -0.0227 0.0613
vn 0.9995 -0.0252 0.0200
vn 0.9916 -0.1293 0.0032
vn 0.9906 -0.1364 0.0031
vn 0.9913 -0.1320 -0.0004
vn -0.8223 -0.5447 -0.1648
vn -0.8670 -0.4983 -0.0000
vn -0.7997 -0.5514 -0.2374
vn 0.1606 -0.4629 -0.8717
vn 0.0086 -0.4221 -0.9065
vn 0.0087 -0.4225 -0.9063
vn 0.1581 -0.4703 -0.8682
vn 0.8671 -0.4981 -0.0000
vn 0.8236 -0.5400 -0.1736
vn 0.7908 -0.5611 -0.2444
vn -0.1581 -0.1730 0.9721
vn -0.0034 -0.1370 0.9906
vn -0.0037 -0.1371 0.9906
vn -0.1830 -0.1896 0.9646
vn -0.5997 -0.5785 0.5528
vn -0.7552 -0.4274 0.4970
vn -0.6260 -0.5569 0.5459
vn -0.4382 -0.6875 0.5790
vn 0.6036 -0.5403 0.5862
vn 0.6158 -0.6680 0.4178
vn 0.6078 -0.5649 0.5581
vn 0.5564 -0.3641 0.7469
vn 0.1533 -0.1805 0.9716
vn 0.2753 -0.2519 0.9278
vn 0.2685 -0.2331 0.9347
vn 0.1773 -0.1782 0.9679
vn -0.2587 -0.2304 0.9381
vn -0.2516 -0.2414 0.9373
vn -0.7247 -0.5627 -0.3978
vn -0.7259 -0.5502 -0.4128
vn 0.7427 -0.5466 -0.3868
vn 0.7273 -0.5622 -0.3936
vn -0.1666 -0.4732 -0.8651
vn -0.1652 -0.4626 -0.8710
vn -0.0003 -1.0000 -0.0000
vn 0.0001 -1.0000 -0.0000
vn -0.0001 -1.0000 -0.0000
vn -0.0004 -1.0000 -0.0000
vn -0.0038 -1.0000 0.0003
vn 0.0004 -1.0000 -0.0000
vn -0.0250 -0.9997 0.0018
vn -0.0067 -1.0000 -0.0002
vn -0.0003 -1.0000 -0.0006
vn -0.0098 -1.0000 -0.0003
vn -0.0156 -0.9999 0.0012
vn 0.0040 -1.0000 0.0001
vn 0.0146 -0.9999 -0.0005
vn 0.0154 -0.9999 -0.0006
vn -1.0000 -0.0000 -0.0000
vn -0.9579 -0.0000 0.2870
vn 0.1950 -0.0000 -0.9808
vn 0.0030 -0.0000 -1.0000
vn 0.9584 -0.0000 0.2856
vn 0.9707 -0.0000 -0.2405
vn 0.9575 -0.0000 0.2884
vn -0.1912 -0.0000 0.9815
vn -0.0034 -0.0000 1.0000
vn -0.0035 -0.0000 1.0000
vn -0.7386 -0.0000 0.6742
vn 0.7387 -0.0000 0.6740
vn 0.7384 -0.0000 0.6744
vn 0.6211 -0.0000 0.7838
vn -0.6211 -0.0000 0.7838
vn -0.6211 -0.0000 0.7837
vn -0.8869 -0.0000 -0.4620
vn 0.8869 -0.0000 -0.4620
vn 0.1844 -0.0000 0.9828
vn -0.1891 -0.0000 -0.9820
vn -0.0000 -1.0000 -0.0074
vn 0.0041 -1.0000 0.0040
vn 0.0573 -0.9968 0.0552
vn 0.0029 -1.0000 -0.0044
vn -0.0000 -0.9959 -0.0905
vn 0.5016 0.3199 -0.8038
vn 0.4604 -0.0443 -0.8866
vn 0.3674 -0.0135 -0.9300
vn 0.4280 0.3590 -0.8294
vn 0.5326 0.6141 -0.5824
vn 0.4735 0.6511 -0.5931
vn 0.5502 0.7913 -0.2666
vn 0.4994 0.8234 -0.2695
vn 0.5537 0.8278 0.0900
vn 0.5046 0.8585 0.0908
vn 0.5432 0.7193 0.4330
vn 0.4890 0.7537 0.4390
vn 0.5187 0.4793 0.7080
vn 0.4531 0.5182 0.7254
vn 0.4820 0.1426 0.8645
vn 0.3991 0.1793 0.8992
vn 0.4380 -0.2320 0.8685
vn 0.3341 -0.2104 0.9188
vn 0.3953 -0.5739 0.7172
vn 0.2698 -0.5778 0.7703
vn 0.3630 -0.8207 0.4412
vn 0.2202 -0.8498 0.4788
vn 0.3479 -0.9330 0.0919
vn 0.1969 -0.9753 0.1003
vn 0.3530 -0.8952 -0.2721
vn 0.2048 -0.9329 -0.2962
vn 0.3773 -0.7123 -0.5919
vn 0.2423 -0.7297 -0.6394
vn 0.4159 -0.4114 -0.8111
vn 0.3009 -0.4018 -0.8649
vn 0.7752 0.2138 -0.5944
vn 0.7585 -0.0569 -0.6492
vn 0.7876 0.4368 -0.4346
vn 0.7946 0.5732 -0.2001
vn 0.7959 0.6016 0.0676
vn 0.7918 0.5176 0.3242
vn 0.7821 0.3341 0.5261
vn 0.7673 0.0814 0.6361
vn 0.7492 -0.1944 0.6331
vn 0.7313 -0.4423 0.5191
vn 0.7176 -0.6197 0.3180
vn 0.7110 -0.7001 0.0662
vn 0.7132 -0.6730 -0.1959
vn 0.7237 -0.5419 -0.4273
vn 0.7400 -0.3249 -0.5889
vn 0.9683 0.0399 -0.2465
vn 0.9603 -0.0725 -0.2695
vn 0.9746 0.1328 -0.1805
vn 0.9783 0.1900 -0.0832
vn 0.9790 0.2019 0.0281
vn 0.9768 0.1666 0.1348
vn 0.9717 0.0899 0.2183
vn 0.9644 -0.0151 0.2639
vn 0.9560 -0.1298 0.2632
vn 0.9479 -0.2337 0.2167
vn 0.9417 -0.3089 0.1333
vn 0.9388 -0.3433 0.0278
vn 0.9398 -0.3317 -0.0823
vn 0.9444 -0.2758 -0.1788
vn 0.9518 -0.1843 -0.2453
vn 0.9972 -0.0752 -0.0000
vn 0.9923 -0.0973 0.0769
vn 0.9349 -0.3231 0.1469
vn 0.9637 -0.2126 0.1614
vn 0.9962 -0.0788 0.0361
vn 0.9461 -0.2752 0.1710
vn 0.8851 -0.4603 0.0682
vn 0.9881 -0.1435 -0.0549
vn 0.8303 -0.5573 0.0071
vn 0.9823 -0.1827 -0.0419
vn 0.9914 -0.1197 -0.0523
vn 0.9943 -0.0894 -0.0588
vn 0.9941 0.1082 0.0004
vn 0.9988 -0.0446 0.0220
vn 0.9995 0.0270 0.0135
vn 0.9977 -0.0628 0.0272
vn -0.0102 -0.9999 -0.0000
vn -0.0150 -0.9999 -0.0001
vn -0.0034 -0.5673 0.8235
vn 0.0667 -0.5674 0.8207
vn 0.0610 -0.5675 0.8211
vn -0.0085 -0.5672 0.8235
vn -0.0175 -0.5959 -0.8029
vn -0.0061 -0.5986 -0.8010
vn -0.0072 -0.5983 -0.8012
vn -0.0185 -0.5956 -0.8030
vn -0.0021 1.0000 0.0004
vn 0.0311 0.9995 0.0004
vn 0.9830 -0.1836 0.0001
vn 0.9833 -0.1823 0.0001
vn 0.9833 -0.1822 0.0001
vn -0.0000 -0.4926 0.8703
vn -0.0000 -0.5966 -0.8026
vn -0.0000 1.0000 -0.0022
vn -0.8939 -0.4483 0.0006
vn -0.9087 -0.4174 -0.0000
vn -0.9085 -0.4179 -0.0000
vn -0.8937 -0.4486 0.0006
vn -0.9054 0.4246 0.0001
vn -0.8948 0.4466 0.0002
vn -0.8931 0.4498 -0.0001
vn -0.8941 0.4480 -0.0001
vn -0.9011 0.4337 -0.0002
vn -0.9182 0.3960 -0.0001
vn -0.8191 0.5496 -0.1645
vn -0.8728 0.4880 0.0035
vn -0.9826 0.1857 -0.0020
vn -0.6693 0.6600 -0.3411
vn -0.9856 -0.1693 -0.0000
vn -0.9851 -0.1721 -0.0001
vn -0.9841 -0.1778 -0.0004
vn -0.9858 -0.1679 -0.0002
vn -0.9843 -0.1763 0.0011
vn -0.9825 -0.1861 -0.0017
vn -0.9853 -0.1707 0.0005
vn -0.9858 -0.1677 0.0008
vn -0.9852 -0.1716 -0.0007
vn -0.9855 -0.1695 -0.0003
vn 0.9283 -0.2866 0.2370
vn 0.9882 -0.1531 0.0003
vn 0.9974 -0.0716 0.0022
vn 0.9884 -0.1512 0.0121
vn 0.9885 -0.1511 0.0034
vn 0.9930 0.1180 -0.0007
vn 0.9656 0.2598 -0.0114
vn 0.9968 -0.0568 -0.0569
vn 0.9993 0.0142 -0.0346
vn 0.9983 -0.0389 -0.0433
vn 0.9964 -0.0659 -0.0532
vn 0.8026 -0.5965 0.0009
vn 0.8011 -0.5986 -0.0011
vn 0.8007 -0.5991 0.0008
vn 0.6804 0.6491 -0.3402
vn 0.9998 -0.0214 -0.0015
vn 0.8061 -0.5917 -0.0110
vn 0.8139 -0.5807 -0.0177
vn 0.7976 -0.6032 -0.0009
vn 0.9962 -0.0699 -0.0526
vn -0.1139 -0.7684 -0.6297
vn -0.1062 -0.8271 -0.5519
vn -0.1070 -0.8220 -0.5593
vn -0.1144 -0.7643 -0.6347
vn 0.6356 -0.0670 -0.7691
vn 0.6427 -0.0474 -0.7647
vn 0.6010 -0.1524 -0.7846
vn 0.5164 -0.3185 -0.7949
vn 0.0022 0.9825 -0.1861
vn 0.0019 0.9811 -0.1937
vn 0.0019 0.9811 -0.1934
vn 0.0022 0.9826 -0.1859
vn 0.7560 0.4091 -0.5110
vn 0.8602 0.4215 -0.2871
vn 0.8478 0.4263 -0.3155
vn 0.7543 0.4015 -0.5195
vn 0.8855 0.3181 -0.3387
vn 0.8768 0.2549 -0.4077
vn -0.9237 0.1052 -0.3685
vn -0.9287 0.0855 -0.3610
vn -0.9277 0.0847 -0.3635
vn -0.9232 0.1047 -0.3697
vn 0.8544 0.2270 -0.4673
vn 0.8533 0.2276 -0.4690
vn -0.9362 0.0693 -0.3445
vn -0.9345 0.0674 -0.3494
vn -0.0016 -0.9317 -0.3633
vn -0.0017 -0.9320 -0.3624
vn 0.0046 -0.9959 -0.0906
vn -0.8672 -0.2240 -0.4446
vn -0.9410 -0.2733 -0.1995
vn -0.8085 -0.1828 -0.5593
vn -0.8653 -0.2230 -0.4490
vn -0.0095 0.3375 -0.9413
vn -0.1349 0.1574 -0.9783
vn -0.0870 0.2313 -0.9690
vn -0.0130 0.3413 -0.9399
vn -0.0656 0.2392 -0.9688
vn -0.0404 0.2818 -0.9586
vn -0.0734 0.0754 -0.9945
vn 0.0401 0.2292 -0.9725
vn 0.0234 0.2577 -0.9659
vn 0.0090 0.9596 -0.2811
vn -0.0358 0.1816 -0.9827
vn 0.1026 0.2100 -0.9723
vn 0.1020 0.1994 -0.9746
vn 0.1029 0.1918 -0.9760
vn 0.1145 0.2075 -0.9715
vn -0.0983 0.0068 -0.9951
vn -0.0981 0.0063 -0.9952
vn -0.0433 -0.1212 -0.9917
vn -0.0673 -0.0688 -0.9954
vn -0.1477 -0.0912 -0.9848
vn -0.1472 -0.0947 -0.9846
vn -0.0147 0.9999 -0.0000
vn -0.9059 0.4235 -0.0000
vn -0.0040 -1.0000 -0.0000
vn -0.0070 -1.0000 -0.0000
vn -0.0010 -1.0000 -0.0000
vn -0.9265 -0.3763 -0.0000
vn -0.9154 -0.4025 -0.0000
vn -0.9289 -0.3704 -0.0000
vn -0.9639 -0.2661 -0.0016
vn -0.9689 -0.2473 -0.0016
vn 0.9927 -0.1209 -0.0000
vn 0.9947 -0.1024 -0.0000
vn -0.9860 -0.1667 -0.0001
vn -0.9860 -0.1667 -0.0000
vn 0.9965 -0.0839 -0.0000
vn 0.0026 1.0000 -0.0000
vn 0.9523 0.3050 -0.0000
vn -0.0062 0.1945 -0.9809
vn 0.2007 0.2219 -0.9542
vn -0.0691 0.1316 -0.9889
vn -0.2239 0.0541 -0.9731
vn -0.0449 0.0583 -0.9973
vn 0.0020 -0.0075 -1.0000
vn 0.0032 -0.0032 -1.0000
vn 0.0043 -0.0002 -1.0000
vn -0.0605 0.0936 -0.9938
vn -0.0956 0.1265 -0.9873
vn 0.0618 -0.6097 -0.7902
vn 0.0017 -0.6271 -0.7789
vn 0.0012 -0.6271 -0.7789
vn 0.0797 -0.6176 -0.7824
vn -0.0624 -0.6113 -0.7889
vn -0.0775 -0.6186 -0.7819
vn -0.0811 -0.5877 -0.8050
vn -0.0958 -0.5808 -0.8084
vn 0.0822 -0.5859 -0.8062
vn 0.0991 -0.5781 -0.8099
vn 0.0007 -0.5727 -0.8198
vn 0.0033 -0.5726 -0.8198
vn -0.0005 -0.9980 -0.0631
vn -0.0186 -0.9957 0.0904
vn -0.0159 -0.9959 0.0891
vn 0.0126 -0.9945 -0.1041
vn 0.0444 -0.9936 -0.1040
vn 0.0388 -0.9970 -0.0671
vn 0.9824 0.1860 0.0191
vn 0.9836 0.1801 0.0096
vn 0.9836 0.1803 0.0099
vn 0.9823 0.1862 0.0195
vn -0.9903 0.1390 0.0079
vn -0.9893 0.1450 0.0152
vn -0.9894 0.1445 0.0145
vn -0.9903 0.1385 0.0074
vn -0.0078 0.9999 -0.0074
vn 0.0183 0.9984 0.0532
vn 0.0143 0.9992 0.0365
vn -0.0065 1.0000 -0.0072
vn 0.0003 0.9994 0.0358
vn 0.0078 0.9986 0.0533
vn 0.0006 -0.6026 -0.7981
vn -0.0240 -0.6050 -0.7958
vn -0.0047 -0.5977 -0.8017
vn -0.0000 -0.6023 -0.7983
vn 0.0047 -0.5976 -0.8018
vn 0.0248 -0.6045 -0.7963
vn 0.8627 -0.5058 -0.0008
vn 0.8626 -0.5059 -0.0008
vn 0.0003 -1.0000 -0.0016
vn -0.0000 -1.0000 -0.0016
vn 0.8335 -0.5526 -0.0009
vn 0.8336 -0.5524 -0.0009
vn 0.8334 -0.5527 -0.0008
vn -0.4348 -0.9005 0.0022
vn -0.4230 -0.9061 0.0042
vn -0.4239 -0.9057 0.0040
vn -0.4360 -0.9000 0.0020
vn 0.0019 -1.0000 -0.0005
vn 0.0019 -1.0000 -0.0004
vn 0.0006 -1.0000 -0.0009
vn 0.0008 -0.6283 0.7780
vn 0.0013 -0.6407 0.7678
vn 0.0013 -0.6403 0.7681
vn 0.0008 -0.6282 0.7781
vn 0.0014 -0.7736 -0.6337
vn 0.0014 -0.7734 -0.6340
vn 0.0018 -0.7792 -0.6268
vn 0.0018 -0.7793 -0.6267
vn 0.0003 -1.0000 -0.0024
vn 0.0012 -1.0000 -0.0046
vn 0.0009 -1.0000 -0.0038
vn 0.0018 -1.0000 -0.0013
vn 0.0015 -1.0000 -0.0004
vn 0.0016 -1.0000 -0.0007
vn 0.0019 -1.0000 -0.0016
vn 0.0068 -1.0000 0.0009
vn 0.0012 -1.0000 -0.0007
vn -0.0000 -1.0000 -0.0004
vn 0.4434 -0.8963 -0.0014
vn 0.8336 -0.5523 -0.0009
vn 0.8337 -0.5522 -0.0009
vn 0.8335 -0.5525 -0.0009
vn 0.0011 -1.0000 -0.0007
vn 0.0014 -1.0000 -0.0016
vn 0.0013 -1.0000 -0.0014
vn 0.0010 -1.0000 -0.0005
vn -0.4346 -0.9006 0.0022
vn -0.4344 -0.9007 0.0021
vn -0.4363 -0.8998 0.0025
vn -0.4365 -0.8997 0.0025
vn 0.8338 -0.5521 -0.0009
vn 0.0007 -1.0000 -0.0009
vn 0.0010 -1.0000 -0.0016
vn 0.0009 -1.0000 -0.0014
vn 0.0007 -1.0000 -0.0007
vn 0.0023 -1.0000 -0.0013
vn 0.3803 -0.9249 -0.0040
vn 0.8338 -0.5521 -0.0008
vn 0.8339 -0.5520 -0.0009
vn 0.0004 -1.0000 -0.0009
vn 0.0006 -1.0000 -0.0016
vn 0.0006 -1.0000 -0.0013
vn 0.0003 -1.0000 -0.0006
vn -0.4326 -0.9016 0.0026
vn -0.4328 -0.9015 0.0026
vn -0.4301 -0.9028 0.0021
vn -0.4299 -0.9029 0.0021
vn 0.8339 -0.5520 -0.0005
vn 0.0002 -1.0000 -0.0006
vn 0.0003 -1.0000 -0.0009
vn 0.0002 -1.0000 -0.0007
vn 0.0001 -1.0000 -0.0004
vn -0.4291 -0.9033 0.0014
vn -0.4292 -0.9032 0.0014
vn -0.4285 -0.9035 0.0013
vn -0.4285 -0.9036 0.0013
vn 0.8338 -0.5520 -0.0005
vn -0.0000 -1.0000 -0.0005
vn 0.0001 -1.0000 -0.0010
vn -0.0001 -1.0000 -0.0004
vn -0.4265 -0.9045 0.0015
vn -0.4275 -0.9040 0.0013
vn -0.4274 -0.9041 0.0013
vn -0.4263 -0.9046 0.0015
vn 0.0016 -1.0000 -0.0009
vn -0.0002 -1.0000 -0.0005
vn -0.0002 -1.0000 -0.0009
vn -0.0003 -1.0000 -0.0008
vn 0.0010 -1.0000 -0.0007
vn 0.0012 -1.0000 -0.0009
vn -0.0119 -0.9999 -0.0010
vn 0.0005 -1.0000 -0.0007
vn 0.0008 -1.0000 -0.0007
vn 0.0007 -1.0000 -0.0010
vn 0.0002 -1.0000 -0.0016
vn 0.0004 -1.0000 -0.0016
vn 0.0005 -1.0000 -0.0077
vn 0.0005 -1.0000 -0.0079
vn 0.0004 -1.0000 -0.0011
vn 0.0003 -1.0000 -0.0015
vn -0.0000 -1.0000 -0.0015
vn 0.0002 -1.0000 -0.0009
vn 0.0001 -1.0000 -0.0012
vn 0.0002 -1.0000 -0.0012
vn 0.0001 -1.0000 -0.0007
vn 0.0001 -1.0000 -0.0009
vn -0.0000 -0.0014 1.0000
vn 0.0013 -0.0547 0.9985
vn 0.0013 -0.0541 0.9985
vn -0.0000 -0.0000 1.0000
vn 0.0064 0.0027 1.0000
vn 0.0064 0.0001 1.0000
vn -0.0000 0.0002 1.0000
vn -0.0001 -0.0015 1.0000
vn -0.0001 -0.0000 1.0000
vn -0.0001 -0.0001 1.0000
vn -0.0016 -0.0013 1.0000
vn -0.0017 -0.0000 1.0000
vn -0.0017 -0.0001 1.0000
vn -0.0014 0.0561 -0.9984
vn -0.0014 0.0567 -0.9984
vn -0.0000 0.0014 -1.0000
vn -0.0000 -0.0000 -1.0000
vn -0.0064 0.0001 -1.0000
vn -0.0064 -0.0001 -1.0000
vn -0.0066 0.0058 -1.0000
vn -0.0000 0.0003 -1.0000
vn -0.0000 0.0004 -1.0000
vn -0.0000 -0.0001 -1.0000
vn 0.0001 -0.0000 -1.0000
vn 0.0001 -0.0003 -1.0000
vn 0.0001 -0.0004 -1.0000
vn 0.0001 -0.0001 -1.0000
vn 0.0017 -0.0000 -1.0000
vn 0.0018 -1.0000 0.0011
vn 0.0004 -1.0000 0.0053
vn -0.4157 -0.9095 0.0024
vn -0.4149 -0.9099 0.0023
vn -0.4214 -0.9068 0.0037
vn -0.4222 -0.9065 0.0039
vn 0.7444 -0.6676 0.0149
vn 0.0020 -1.0000 -0.0023
vn 0.0023 -1.0000 -0.0019
vn -0.4198 -0.9076 -0.0109
vn -0.4198 -0.9075 -0.0109
vn -0.4191 -0.9079 -0.0110
vn 0.0035 -1.0000 -0.0045
vn -0.4116 -0.9113 -0.0120
vn -0.4182 -0.9082 -0.0132
vn -0.4176 -0.9085 -0.0131
vn -0.4111 -0.9115 -0.0119
vn 0.8633 -0.5047 -0.0008
vn 0.8630 -0.5052 -0.0008
vn 0.8631 -0.5050 -0.0008
vn 0.0021 -1.0000 -0.0010
vn 0.0023 -1.0000 -0.0016
vn 0.0022 -1.0000 -0.0014
vn 0.0020 -1.0000 -0.0009
vn 0.8629 -0.5053 -0.0008
vn 0.0025 -1.0000 -0.0016
vn 0.0024 -1.0000 -0.0013
vn 0.0024 -1.0000 -0.0012
vn 0.0023 -1.0000 -0.0009
vn 0.8629 -0.5054 -0.0008
vn 0.0025 -1.0000 -0.0018
vn 0.8628 -0.5056 -0.0008
vn 0.8628 -0.5055 -0.0008
vn 0.0024 -1.0000 -0.0016
vn 0.0023 -1.0000 -0.0015
vn 0.0024 -1.0000 -0.0018
vn 0.8627 -0.5057 -0.0008
vn 0.0021 -1.0000 -0.0036
vn 0.0013 -1.0000 -0.0015
vn 0.0016 -1.0000 -0.0022
vn 0.0023 -1.0000 -0.0042
vn 0.0020 -1.0000 0.0041
vn 0.0020 -1.0000 0.0043
vn 0.0006 -1.0000 -0.0015
vn 0.0023 -1.0000 0.0052
vn 0.0023 -1.0000 0.0053
vn 0.0007 -1.0000 -0.0015
vn 0.0019 -1.0000 -0.0076
vn 0.0019 -1.0000 -0.0077
vn 0.0007 -1.0000 -0.0016
vn 0.0020 -1.0000 0.0045
vn 0.0020 -1.0000 0.0046
vn 0.0006 -0.9999 -0.0116
vn 0.0006 -0.9999 -0.0119
vn 0.0004 -1.0000 -0.0017
vn 0.0004 -1.0000 -0.0015
vn 0.0029 -0.0233 -0.9997
vn 0.0029 -0.0235 -0.9997
vn 0.0023 -0.0006 -1.0000
vn 0.0023 -0.0000 -1.0000
vn -0.0030 0.0250 0.9997
vn -0.0023 -0.0000 1.0000
vn -0.0023 0.0006 1.0000
vn -0.0030 0.0252 0.9997
vn 0.0009 0.0006 1.0000
vn 0.0003 0.0233 0.9997
vn 0.0003 0.0231 0.9997
vn 0.0009 -0.0000 1.0000
vn -0.0003 -0.0257 -0.9997
vn -0.0003 -0.0259 -0.9997
vn -0.0009 -0.0006 -1.0000
vn -0.0009 -0.0000 -1.0000
vn -0.0005 0.0165 -0.9999
vn -0.0005 0.0167 -0.9999
vn -0.0001 0.0004 -1.0000
vn -0.0001 -0.0000 -1.0000
vn 0.0003 -0.0086 1.0000
vn 0.0001 -0.0000 1.0000
vn 0.0001 -0.0002 1.0000
vn 0.0003 -0.0087 1.0000
vn 0.0004 0.0009 1.0000
vn -0.0005 0.0361 0.9993
vn -0.0005 0.0357 0.9994
vn 0.0004 -0.0000 1.0000
vn 0.0006 -0.0399 -0.9992
vn 0.0007 -0.0403 -0.9992
vn -0.0004 -0.0010 -1.0000
vn -0.0004 -0.0000 -1.0000
vn -0.0007 -0.0376 -0.9993
vn -0.0007 -0.0379 -0.9993
vn -0.0015 -0.0043 -1.0000
vn -0.0015 -0.0034 -1.0000
vn 0.0003 0.0511 0.9987
vn 0.0015 0.0034 1.0000
vn 0.0015 0.0046 1.0000
vn 0.0003 0.0516 0.9987
vn -0.1659 -0.1174 -0.9791
vn -0.1609 -0.1250 -0.9790
vn 0.7253 0.0133 -0.6883
vn 0.7242 0.0562 -0.6873
vn -0.5384 -0.1661 -0.8262
vn -0.5081 -0.2388 -0.8275
vn 0.5658 0.1117 0.8169
vn 0.9342 0.3567 -0.0083
vn -0.0284 -0.1580 -0.9870
vn -0.0324 -0.1947 -0.9803
vn -0.0254 -0.1945 -0.9806
vn -0.0112 -0.1988 -0.9800
vn -0.0228 0.0800 -0.9965
vn -0.0153 0.0586 -0.9982
vn -0.0239 0.1062 -0.9941
vn -0.0000 -0.2273 -0.9738
vn -0.0194 0.0924 -0.9955
vn -0.0265 0.1407 -0.9897
vn -0.0007 -0.0322 -0.9995
vn -0.0149 -0.0092 -0.9998
vn -0.0150 -0.0368 -0.9992
vn -0.0001 -0.0996 -0.9950
vn 0.0138 -0.0482 -0.9987
vn -0.0087 -0.0523 -0.9986
vn -0.0145 -0.1188 -0.9928
vn -0.0184 -0.1802 -0.9835
vn -0.0154 -0.1829 -0.9830
vn -0.0004 0.1162 -0.9932
vn -0.0000 0.1210 -0.9926
vn -0.0027 0.1143 -0.9934
vn 0.0272 0.0919 -0.9954
vn 0.0388 0.0811 -0.9960
vn 0.0435 0.0749 -0.9962
vn 0.0244 0.1021 -0.9945
vn -0.0153 0.1058 -0.9943
vn -0.0095 0.1064 -0.9943
vn -0.0194 0.1411 -0.9898
vn -0.0132 0.1331 -0.9910
vn -0.0110 0.1301 -0.9914
vn 0.0151 0.0407 -0.9991
vn 0.0159 0.0547 -0.9984
vn 0.0115 0.1322 -0.9912
vn 0.0355 0.1449 -0.9888
vn -0.0106 -0.0823 -0.9965
vn 0.0015 -0.0778 -0.9970
vn -0.0010 -0.2247 -0.9744
vn 0.0014 0.0001 -1.0000
vn -0.0123 -0.0682 -0.9976
vn -0.0133 -0.1883 -0.9820
vn -0.0084 -0.2059 -0.9785
vn 0.0008 -0.0795 -0.9968
vn -0.0000 -0.2207 -0.9753
vn -0.0038 -0.1889 -0.9820
vn -0.0002 -0.2263 -0.9741
vn -0.0000 -0.2178 -0.9760
vn 0.0083 1.0000 -0.0000
vn 0.0075 1.0000 -0.0000
vn -0.0043 1.0000 -0.0001
vn -0.0043 1.0000 -0.0000
vn 0.7618 0.6478 -0.0000
vn -0.7579 -0.6524 -0.0000
vn -0.5528 -0.8333 -0.0000
vn -0.5538 -0.8327 -0.0000
vn -0.7560 -0.6546 -0.0000
vn -0.2973 -0.9548 -0.0000
vn -0.2946 -0.9556 -0.0000
vn 0.9535 0.3015 -0.0000
vn 0.9572 0.2893 -0.0000
vn 0.9578 0.2875 -0.0000
vn -0.9455 -0.3255 -0.0000
vn -0.9570 -0.2901 -0.0000
vn -0.9436 -0.3310 -0.0000
vn 0.9914 0.1308 -0.0000
vn 0.9925 0.1224 -0.0000
vn -0.9308 -0.3656 -0.0000
vn 0.1406 0.9901 -0.0000
vn 0.1069 0.9943 -0.0009
vn 0.1069 0.9943 -0.0000
vn -0.8213 0.5704 -0.0000
vn 0.8216 -0.5701 -0.0000
vn -0.8107 0.5855 -0.0000
vn -0.8099 0.5866 -0.0000
vn -0.8105 0.5857 -0.0000
vn 0.0071 1.0000 -0.0000
vn -0.9646 -0.2638 -0.0000
vn -0.9544 -0.2987 -0.0000
vn 0.9997 -0.0260 -0.0000
vn -0.0175 -0.9998 -0.0000
vn 1.0000 0.0060 -0.0000
vn 0.9911 0.1334 -0.0000
vn 0.9944 0.1059 -0.0000
vn -0.9680 0.2509 -0.0000
vn -0.9803 0.1975 -0.0000
vn -0.9003 0.4353 -0.0000
vn 0.9728 0.2318 -0.0000
vn -0.0108 0.9999 -0.0000
vn -0.8113 0.5846 -0.0000
vn 0.7946 -0.6072 -0.0000
vn -0.0647 0.9979 -0.0000
vn 0.0245 0.0361 -0.9990
vn 0.7813 -0.4924 -0.3835
vn 0.7783 -0.6279 -0.0001
vn 0.7793 -0.6266 -0.0000
vn 0.7839 -0.6209 -0.0021
vn -0.0000 0.7754 0.6315
vn -0.0000 0.7754 0.6314
vn -0.0000 0.9798 0.2000
vn -0.0000 0.9973 0.0738
vn -0.0000 0.9176 0.3974
vn -0.0000 1.0000 -0.0002
vn 0.0022 1.0000 -0.0000
vn -0.0000 0.6764 0.7365
vn 0.0018 0.6764 0.7366
vn 0.0018 0.6763 0.7366
vn -0.0000 1.0000 -0.0010
vn -0.0000 1.0000 -0.0003
vn 0.0023 1.0000 -0.0003
vn 0.0112 0.9999 -0.0010
vn -0.0000 0.2499 0.9683
vn -0.0000 -0.9483 0.3174
vn -0.0001 -0.9483 0.3173
vn 0.0010 0.9092 -0.4164
vn -0.0000 0.9070 0.4212
vn 0.0199 0.9047 0.4255
vn -0.0000 0.8412 0.5407
vn 0.0001 0.8416 0.5401
vn 0.0078 0.9161 -0.4008
vn 0.0080 0.9154 -0.4024
vn 0.0075 0.9154 -0.4024
vn 0.0072 0.9165 -0.3999
vn -0.0035 -0.7056 -0.7086
vn -0.0000 -0.8890 -0.4579
vn -0.0000 0.6251 -0.7805
vn -0.0000 0.6231 -0.7822
vn -0.0048 0.8219 -0.5695
vn -0.0048 0.8233 -0.5676
vn -0.0000 0.5132 0.8583
vn -0.0000 0.9998 -0.0201
vn -0.0000 0.9982 -0.0594
vn -0.0000 0.9991 -0.0427
vn -0.0000 0.9961 -0.0880
vn -0.0000 0.9956 -0.0935
vn -0.0000 0.9918 -0.1280
vn -0.0000 0.9911 -0.1328
vn -0.0000 0.9875 0.1576
vn -0.0000 -1.0000 -0.0012
vn -0.0000 -1.0000 -0.0009
vn 0.0003 -1.0000 -0.0017
vn -0.0000 0.1365 -0.9906
vn -0.0008 0.1363 -0.9907
vn 0.0029 0.1371 -0.9905
vn 0.0074 0.1378 -0.9904
vn -0.0000 0.1379 -0.9904
vn 0.0102 -0.9999 -0.0000
vn -0.0941 -0.9953 -0.0228
vn -0.1037 -0.9946 -0.0000
vn -0.6045 0.6252 0.4937
vn -0.6134 0.6269 0.4803
vn -0.5888 0.6005 0.5410
vn -0.6879 0.6649 0.2911
vn -0.6496 0.6555 0.3851
vn -0.6483 0.6409 0.4109
vn -0.6906 0.6230 0.3673
vn -0.7972 0.5986 0.0780
vn -0.7661 0.6253 0.1485
vn -0.7737 0.5869 0.2386
vn -0.8084 0.5600 0.1816
vn -0.8244 0.5652 0.0314
vn -0.8352 0.5324 0.1377
vn -0.8537 0.5200 0.0288
vn -0.8467 0.5201 0.1123
vn -0.8583 0.5081 0.0717
vn -0.8769 0.4807 0.0014
vn -0.8905 0.4547 0.0173
vn -0.4288 0.4318 0.7935
vn -0.4725 0.3461 0.8105
vn -0.8901 0.4558 -0.0000
vn -0.8898 0.4564 0.0005
vn -0.8900 0.4560 -0.0021
vn -0.8900 0.4560 -0.0018
vn -0.8897 0.4565 0.0010
vn -0.7774 0.2339 0.5839
vn -0.7571 0.2236 0.6138
vn -0.8725 0.0154 0.4884
vn -0.8736 -0.0000 0.4867
vn -0.0001 0.2334 0.9724
vn -0.9255 0.0001 0.3788
vn -0.9272 0.0002 0.3746
vn -0.9972 0.0001 0.0744
vn -0.9854 0.0005 0.1703
vn -0.9854 0.0004 0.1704
vn -0.9973 -0.0000 0.0740
vn -0.9998 -0.0000 0.0181
vn -0.9998 -0.0000 0.0182
vn -1.0000 -0.0000 0.0010
vn -1.0000 -0.0000 0.0003
vn -1.0000 0.0036 -0.0003
vn -1.0000 -0.0000 0.0006
vn -1.0000 0.0006 0.0004
vn -1.0000 0.0042 -0.0004
vn -1.0000 -0.0007 0.0013
vn -0.9999 -0.0105 0.0025
vn -0.9999 -0.0100 0.0025
vn -1.0000 0.0001 0.0012
vn -0.6211 -0.7112 0.3294
vn -0.5801 -0.7109 0.3977
vn -0.6244 -0.7077 0.3306
vn -0.7100 -0.6832 0.1706
vn -0.6613 -0.6991 0.2719
vn -0.7095 -0.6835 0.1717
vn -0.7448 -0.6637 0.0692
vn -0.7040 -0.6983 0.1293
vn -0.7513 -0.6570 0.0627
vn -0.7853 -0.6189 0.0168
vn -0.7841 -0.6204 0.0175
vn -0.7977 -0.6030 -0.0008
vn -0.7991 -0.6011 0.0013
vn 0.2194 0.0331 -0.9751
vn 0.2084 -0.0426 -0.9771
vn 0.2256 0.0314 -0.9737
vn -0.0003 -0.9994 0.0353
vn 0.0003 -1.0000 -0.0005
vn 0.0003 -1.0000 -0.0011
vn -0.0025 0.6760 -0.7369
vn -0.0026 0.6760 -0.7369
vn 0.0636 -0.0593 -0.9962
vn 0.0915 -0.1024 -0.9905
vn 0.2069 -0.0283 -0.9780
vn 0.2166 0.0492 -0.9750
vn 0.1954 0.0326 -0.9802
vn 0.1448 -0.0159 -0.9893
vn 0.1045 -0.1102 -0.9884
vn 0.0804 -0.1680 -0.9825
vn 0.1946 0.0270 -0.9805
vn 0.2020 0.0269 -0.9790
vn -0.2974 0.1917 -0.9353
vn -0.3010 0.1923 -0.9341
vn -0.2909 0.2318 -0.9283
vn -0.6709 0.4800 0.5653
vn -0.6680 0.4651 0.5809
vn -0.6498 0.4757 0.5929
vn -0.5638 -0.7141 0.4148
vn -0.5563 -0.7029 0.4431
vn -0.9647 -0.0000 0.2632
vn -0.9645 -0.0001 0.2640
vn -0.7344 0.6021 0.3132
vn -0.7295 0.6465 0.2232
vn 0.9278 -0.0000 -0.3732
vn 0.0089 -0.0000 -1.0000
vn 0.0167 -0.0000 -0.9999
vn -1.0000 -0.0000 0.0004
vn 0.0002 -1.0000 -0.0003
vn -0.0024 -1.0000 -0.0010
vn 0.0060 -1.0000 0.0034
vn -0.0017 -1.0000 -0.0004
vn 0.0006 -1.0000 -0.0005
vn -0.0015 -1.0000 -0.0019
vn 0.0052 -1.0000 -0.0068
vn -0.0015 -1.0000 -0.0020
vn -0.0036 -1.0000 -0.0030
vn 0.0053 -0.9999 -0.0106
vn -0.0018 -1.0000 -0.0035
vn 0.4322 -0.9018 0.0034
vn 0.4283 -0.9036 0.0026
vn 0.4287 -0.9035 0.0027
vn 0.4327 -0.9016 0.0035
vn 0.0009 -0.7724 0.6351
vn 0.0009 -0.7714 0.6363
vn -0.0001 -0.7537 0.6572
vn 0.4153 -0.9097 0.0038
vn 0.4135 -0.9105 0.0034
vn 0.4137 -0.9104 0.0035
vn 0.4155 -0.9096 0.0038
vn 0.4189 -0.9079 -0.0111
vn 0.4180 -0.9084 -0.0113
vn 0.4181 -0.9083 -0.0112
vn 0.4190 -0.9079 -0.0111
vn 0.4153 -0.9096 -0.0122
vn 0.4135 -0.9104 -0.0125
vn 0.4137 -0.9103 -0.0125
vn 0.4154 -0.9095 -0.0122
vn -0.0069 -0.2499 -0.9682
vn 0.9999 0.0036 0.0139
vn 0.9999 0.0030 0.0115
vn 0.0013 -0.9367 0.3502
vn -0.0001 0.8612 0.5082
vn -0.0004 0.8829 0.4695
vn -0.0003 0.8833 0.4688
vn 0.0005 0.9075 0.4201
vn 0.0006 0.9085 0.4179
vn -0.0001 0.9447 0.3279
vn 0.9296 0.3194 0.1839
vn 0.9294 0.3198 0.1841
vn 0.9251 0.3434 0.1621
vn 0.9249 0.3439 0.1624
vn 0.9231 0.3523 0.1539
vn 0.9242 0.3501 0.1530
vn 0.9243 0.3624 0.1201
vn 0.9229 0.3655 0.1211
vn 0.9279 0.3636 0.0824
vn 0.9261 0.3680 0.0834
vn -0.0115 0.9631 0.2691
vn -0.0219 0.9450 0.3263
vn -0.0064 0.8824 0.4704
vn -0.0027 0.8598 0.5107
vn -0.8000 -0.6000 0.0005
vn -0.8008 -0.5990 -0.0006
vn -0.8003 -0.5996 0.0001
vn -0.8010 -0.5987 -0.0009
vn -0.2586 0.7108 0.6542
vn -0.2564 0.7137 0.6519
vn -0.2757 0.6602 0.6986
vn -0.3025 0.7571 0.5791
vn -0.2564 0.7137 0.6518
vn -0.2586 0.7108 0.6541
vn -0.3044 0.7615 0.5723
vn -0.3381 0.8187 0.4641
vn -0.3169 0.8030 0.5047
vn -0.3184 0.8062 0.4987
vn -0.3388 0.8192 0.4628
vn -0.4223 0.8715 0.2493
vn -0.3982 0.8564 0.3287
vn -0.3994 0.8577 0.3239
vn -0.4231 0.8719 0.2468
vn -0.4482 0.8765 0.1755
vn -0.4487 0.8764 0.1748
vn -0.4864 0.8676 0.1035
vn -0.4634 0.8782 0.1183
vn -0.4638 0.8780 0.1185
vn -0.4868 0.8673 0.1035
vn -0.4725 0.3462 0.8105
vn -0.4287 0.4319 0.7935
vn -0.3553 0.5621 0.7469
vn -0.3581 0.5536 0.7519
vn -0.4959 0.8684 -0.0012
vn -0.4967 0.8679 -0.0012
vn -0.3606 0.8343 0.4171
vn -0.3625 0.8369 0.4101
vn -0.5331 0.8460 -0.0062
vn -0.5337 0.8456 -0.0062
vn -0.0023 0.9156 0.4020
vn -0.0023 0.9155 0.4024
vn -0.0019 0.9156 0.4022
vn -0.0021 0.9150 0.4035
vn -0.5300 0.5445 -0.6501
vn -0.5349 0.5472 -0.6438
vn -0.6707 0.0001 -0.7417
vn -0.6659 -0.0018 -0.7460
vn -0.4399 -0.5509 -0.7093
vn -0.5373 -0.5951 -0.5976
vn 0.6492 0.3375 -0.6816
vn 0.5573 0.2457 -0.7931
vn 0.5585 0.2469 -0.7919
vn 0.6501 0.3385 -0.6803
vn 0.6873 -0.1230 -0.7159
vn 0.6732 -0.0423 -0.7382
vn 0.6740 -0.0316 -0.7381
vn 0.8085 -0.1827 -0.5594
vn -0.0045 -0.6899 -0.7239
vn -0.0046 -0.6873 -0.7264
vn 0.0010 -0.8378 -0.5460
vn 0.0011 -0.8395 -0.5434
vn 0.0270 -0.7376 -0.6747
vn 0.0273 -0.7399 -0.6721
vn 0.7033 -0.1331 -0.6984
vn 0.6877 -0.1251 -0.7151
vn 0.6879 -0.1252 -0.7149
vn 0.7034 -0.1332 -0.6982
vn -0.8010 -0.5987 -0.0010
vn -0.8003 -0.5995 -0.0000
vn -0.8002 -0.5998 0.0003
vn -0.8000 -0.6000 0.0004
vn -0.8896 0.4567 0.0003
vn -0.8893 0.4573 -0.0014
vn -0.8892 0.4576 -0.0021
vn -0.9999 0.0126 -0.0003
vn -1.0000 0.0042 0.0006
vn -1.0000 0.0048 0.0005
vn -0.9999 0.0132 -0.0004
vn 0.0001 1.0000 -0.0000
vn 0.0003 1.0000 -0.0000
vn -0.4962 0.8682 -0.0012
vn -0.0631 0.0003 -0.9980
vn -0.0552 0.0283 -0.9981
vn -0.0564 0.0288 -0.9980
vn -0.0438 0.0225 0.9988
vn -0.0267 0.0120 0.9996
vn -0.0259 0.0003 0.9997
vn -0.0702 -0.0517 -0.9962
vn -0.0802 -0.0633 -0.9948
vn -0.0675 -0.0495 -0.9965
vn -0.0704 -0.0526 -0.9961
vn 0.2542 0.9672 0.0003
vn 0.2542 0.9672 -0.0001
vn -0.0243 -0.0187 0.9995
vn -0.0612 -0.0331 0.9976
vn -0.0054 0.2178 -0.9760
vn -0.0052 0.2179 -0.9760
vn -0.2571 -0.9664 0.0016
vn -0.2532 -0.9674 0.0008
vn -0.0214 0.1041 0.9943
vn -0.0204 0.1119 0.9935
vn -0.0451 0.0718 -0.9964
vn -0.0450 0.0720 -0.9964
vn -0.0388 0.0413 0.9984
vn -0.0387 0.0424 0.9984
vn -0.2580 -0.9661 -0.0003
vn 0.0071 0.0044 1.0000
vn 0.0060 0.0039 1.0000
vn 0.0150 0.0103 0.9998
vn 0.0083 0.0089 0.9999
vn -0.2580 -0.9661 0.0001
vn -0.0039 -0.0024 -1.0000
vn -0.0128 -0.0108 -0.9999
vn 0.0134 -0.0069 0.9999
vn 0.0106 -0.0052 0.9999
vn -0.0143 0.0073 -0.9999
vn -0.0045 0.0035 -1.0000
vn 0.0121 -0.0001 0.9999
vn -0.0137 0.0002 -0.9999
vn 0.2570 0.9664 -0.0017
vn 0.2611 0.9653 -0.0008
vn 0.0055 -0.0359 0.9993
vn 0.0053 -0.0370 0.9993
vn 0.0211 0.1012 -0.9946
vn 0.0204 0.1011 -0.9947
vn 0.0116 -0.0135 0.9998
vn 0.0116 -0.0136 0.9998
vn 0.0010 0.0244 -0.9997
vn 0.0008 0.0240 -0.9997
vn 0.6694 0.0423 -0.7417
vn 0.6699 0.0421 -0.7412
vn -0.8117 0.5840 -0.0027
vn -0.8464 0.5325 -0.0064
vn -0.8582 0.5134 -0.0000
vn -0.8745 0.4850 -0.0083
vn -0.0032 0.9373 0.3484
vn 0.9896 0.0895 -0.1127
vn 0.9927 0.0739 -0.0948
vn 0.9918 0.0763 -0.1028
vn 0.9951 0.0984 -0.0107
vn 0.1075 0.0763 -0.9913
vn 0.0974 0.0689 -0.9929
vn -0.0205 0.0207 -0.9996
vn -0.0205 0.0236 -0.9995
vn -0.0067 0.0563 -0.9984
vn 0.0005 0.0588 -0.9983
vn 0.0238 -0.9977 0.0640
vn -0.0047 -0.9959 -0.0905
vn 0.0032 -0.9936 0.1130
vn 0.0382 -0.9988 0.0293
vn 0.0008 -0.8707 -0.4919
vn 0.0009 -0.8712 -0.4910
vn -0.0011 -0.8425 -0.5387
vn -0.0012 -0.8414 -0.5405
vn -0.0200 0.7422 0.6699
vn -0.2730 0.5794 0.7680
vn -0.1107 0.6942 0.7112
vn -0.6378 0.1055 0.7629
vn -0.6448 0.0145 0.7642
vn -0.6719 0.1094 0.7325
vn -0.6581 0.1782 0.7315
vn 0.5622 0.7756 0.2872
vn 0.6043 0.7935 0.0717
vn 0.5238 0.7466 0.4102
vn 0.6384 0.7625 -0.1047
vn 0.6370 0.7609 -0.1237
vn 0.6132 0.7324 -0.2959
vn -0.5959 0.7923 -0.1312
vn -0.6480 0.5832 -0.4899
vn -0.6727 0.6550 -0.3442
vn 0.0009 0.8021 -0.5972
vn 0.0009 0.8017 -0.5977
vn 0.6842 0.0888 -0.7238
vn 0.8383 0.0798 -0.5393
vn 0.8341 0.0801 -0.5458
vn 0.6808 0.0889 -0.7271
vn -0.0006 -0.7597 -0.6503
vn 0.0036 -0.5633 -0.8262
vn 0.0035 -0.5680 -0.8230
vn -0.0006 -0.7607 -0.6491
vn 0.0167 -0.7243 -0.6893
vn 0.0274 -0.6840 -0.7290
vn 0.0259 -0.6896 -0.7237
vn 0.0131 -0.7375 -0.6752
vn -0.6701 -0.0114 -0.7422
vn -0.8541 -0.0194 -0.5198
vn -0.8431 -0.0188 -0.5374
vn -0.6583 -0.0110 -0.7527
vn 0.1512 0.7605 0.6315
vn 0.1401 0.7608 0.6337
vn -0.9341 0.3571 -0.0015
vn -0.9336 0.3580 -0.0184
vn -0.9360 0.3521 -0.0030
vn -0.9413 0.3375 -0.0003
vn -0.9467 0.3221 0.0006
vn -0.9990 -0.0441 -0.0104
vn -0.9985 0.0530 -0.0141
vn -0.9969 0.0661 0.0434
vn -0.0948 0.1637 0.9819
vn -0.9882 -0.1525 -0.0122
vn -0.9636 0.2674 0.0014
vn -0.9571 0.2899 -0.0003
vn -0.9468 0.3219 -0.0014
vn -0.9799 0.1995 -0.0007
vn -0.1320 -0.2749 0.9524
vn -0.1409 -0.2765 0.9506
vn -0.0011 -0.0354 0.9994
vn -0.3608 -0.6353 0.6828
vn -0.4136 -0.7547 0.5093
vn -0.3139 -0.5117 0.7998
vn 0.2062 0.1494 -0.9670
vn 0.2063 0.1502 -0.9669
vn -0.6595 0.3726 -0.6529
vn -0.6480 0.5831 -0.4899
vn -0.6585 0.3740 -0.6531
vn 0.1864 0.0447 -0.9815
vn 0.1871 0.0585 -0.9806
vn -0.7084 0.2598 -0.6562
vn -0.7046 0.2814 -0.6514
vn 0.1558 -0.1960 -0.9681
vn 0.1582 -0.1979 -0.9674
vn 0.1598 -0.1902 -0.9687
vn -0.7117 -0.1630 -0.6833
vn -0.6943 -0.2435 -0.6772
vn -0.7089 -0.1851 -0.6806
vn 0.1078 0.1748 -0.9787
vn 0.1100 0.1785 -0.9778
vn 0.4616 0.0531 -0.8855
vn 0.4762 0.0466 -0.8781
vn 0.7154 -0.0863 -0.6933
vn 0.7294 -0.0938 -0.6776
vn 0.4705 -0.1942 -0.8608
vn 0.9356 -0.3186 -0.1521
vn 0.9393 -0.3209 -0.1212
vn 0.8055 -0.2797 -0.5225
vn 0.7685 -0.2653 -0.5823
vn 0.9482 -0.3164 -0.0288
vn 0.9482 -0.3167 -0.0246
vn -0.8691 0.4944 -0.0131
vn -0.8688 0.4949 -0.0131
vn -0.8065 0.5913 -0.0004
vn -0.8473 0.5309 -0.0118
vn -0.8474 0.5308 -0.0113
vn -0.8100 0.5865 -0.0034
vn -0.8735 0.4867 -0.0130
vn -0.8047 0.5937 -0.0021
vn -0.8028 0.5963 0.0012
vn -0.8060 0.5919 -0.0025
vn -0.9999 0.0133 -0.0011
vn -0.9999 0.0132 -0.0012
vn -0.9999 0.0141 -0.0010
vn -0.9999 0.0142 -0.0010
vn -0.9706 0.1585 -0.1810
vn -0.9641 -0.0076 -0.2654
vn -0.9782 -0.0156 -0.2071
vn -0.9717 0.1483 0.1838
vn -0.9785 -0.0103 0.2061
vn -0.9641 -0.0032 0.2654
vn -0.9938 -0.0007 0.1116
vn -0.9822 0.1551 0.1059
vn -0.9974 -0.0000 0.0727
vn -0.9857 0.1524 0.0714
vn -0.9990 -0.0000 0.0443
vn -0.9860 0.1613 0.0427
vn -0.9859 0.1676 -0.0000
vn -0.9860 0.1613 -0.0427
vn -0.9990 -0.0000 -0.0444
vn -0.9851 0.1523 -0.0799
vn -0.9971 0.0027 -0.0763
vn -0.9738 0.2037 -0.1013
vn -0.9937 0.0256 -0.1089
vn -0.9687 -0.1650 0.1857
vn -0.9820 -0.1550 0.1076
vn -0.9857 -0.1524 0.0714
vn -0.9860 -0.1613 0.0427
vn -0.9859 -0.1676 -0.0000
vn -0.9860 -0.1613 -0.0427
vn -0.9857 -0.1524 -0.0714
vn -0.9820 -0.1550 -0.1083
vn -0.9676 -0.1732 -0.1839
vn -0.0019 -0.9074 -0.4202
vn -0.0580 -0.9159 -0.3972
vn -0.0653 -0.8280 -0.5569
vn 0.0177 -0.8211 -0.5706
vn 0.0326 -0.9787 -0.2026
vn -0.0479 -0.9810 -0.1882
vn 0.0133 -0.9954 -0.0946
vn -0.0468 -0.9947 -0.0911
vn 0.0121 -0.9979 -0.0637
vn 0.0119 -0.9990 -0.0423
vn -0.0453 -0.9981 -0.0410
vn 0.0104 -0.9999 0.0001
vn -0.0450 -0.9990 -0.0000
vn 0.0109 -0.9991 0.0411
vn -0.0453 -0.9981 0.0410
vn 0.0061 -0.9979 0.0642
vn -0.0468 -0.9947 0.0911
vn 0.0083 -0.9954 0.0952
vn 0.0155 -0.9798 0.1995
vn -0.0478 -0.9812 0.1871
vn 0.0205 -0.9638 0.2659
vn 0.0226 -0.8999 0.4354
vn -0.0584 -0.9139 0.4017
vn 0.0378 -0.8114 0.5833
vn -0.0635 -0.8175 0.5724
vn 0.0067 0.8971 0.4418
vn -0.0593 0.9098 0.4108
vn -0.0734 0.7883 0.6110
vn -0.0373 0.8042 0.5932
vn 0.0126 0.9829 0.1838
vn -0.0471 0.9835 0.1744
vn 0.0152 0.9953 0.0952
vn -0.0468 0.9947 0.0911
vn 0.0109 0.9990 0.0439
vn -0.0453 0.9981 0.0410
vn -0.0012 1.0000 -0.0017
vn -0.0450 0.9990 -0.0000
vn 0.0109 0.9990 -0.0424
vn -0.0453 0.9981 -0.0410
vn 0.0122 0.9955 -0.0943
vn -0.0468 0.9948 -0.0910
vn 0.0195 0.9830 -0.1826
vn -0.0471 0.9835 -0.1745
vn 0.0139 0.8950 -0.4459
vn -0.0594 0.9092 -0.4121
vn -0.0004 0.7844 -0.6202
vn -0.0704 0.7860 -0.6142
vn -0.7380 -0.4879 -0.4662
vn -0.5230 -0.7569 -0.3918
vn -0.5298 -0.7374 -0.4190
vn -0.7668 -0.4545 -0.4533
vn -0.5549 -0.8074 -0.2004
vn -0.5543 -0.8065 -0.2056
vn -0.5647 -0.8184 -0.1063
vn -0.5646 -0.8184 -0.1068
vn -0.5643 -0.8238 -0.0535
vn -0.5630 -0.8265 -0.0000
vn -0.5643 -0.8238 0.0535
vn -0.5647 -0.8184 0.1063
vn -0.5646 -0.8184 0.1068
vn -0.5550 -0.8076 0.1992
vn -0.5544 -0.8068 0.2042
vn -0.5329 -0.7365 0.4166
vn -0.5042 -0.7296 0.4621
vn -0.7538 -0.4829 0.4456
vn -0.7439 -0.4914 0.4530
vn -0.7641 0.4244 0.4858
vn -0.5202 0.7528 0.4033
vn -0.5267 0.7268 0.4409
vn -0.7928 0.3897 0.4686
vn -0.5562 0.8094 0.1885
vn -0.5558 0.8088 0.1922
vn -0.5646 0.8185 0.1063
vn -0.5646 0.8184 0.1068
vn -0.5643 0.8238 0.0535
vn -0.5630 0.8265 -0.0000
vn -0.5643 0.8238 -0.0535
vn -0.5643 0.8180 -0.1111
vn -0.5643 0.8180 -0.1115
vn -0.5565 0.8097 -0.1865
vn -0.5561 0.8092 -0.1896
vn -0.5350 0.7348 -0.4170
vn -0.4989 0.7220 -0.4793
vn -0.7735 0.4388 -0.4573
vn -0.7631 0.4477 -0.4661
vn 0.1091 -0.9763 -0.1867
vn 0.0503 -0.9152 -0.3999
vn 0.0743 -0.9930 -0.0918
vn 0.0698 -0.9955 -0.0638
vn 0.0692 -0.9967 -0.0415
vn 0.0659 -0.9978 0.0002
vn 0.0684 -0.9969 0.0385
vn 0.0971 -0.9002 0.4246
vn 0.0751 -0.9805 0.1813
vn 0.0604 0.9156 0.3975
vn -0.0436 0.8336 0.5506
vn 0.0753 0.9930 0.0912
vn 0.0667 0.9833 0.1696
vn 0.0698 0.9965 0.0454
vn 0.0427 0.9991 -0.0031
vn 0.0690 0.9929 -0.0965
vn 0.0645 0.9970 -0.0424
vn 0.0841 0.9816 -0.1714
vn 0.0884 0.9172 -0.3884
vn 0.0788 0.7843 -0.6154
vn 0.1088 -0.8092 -0.5774
vn 0.0584 -0.9962 0.0647
vn 0.0615 -0.9939 0.0915
vn 0.1190 -0.8051 0.5811
vn -0.9376 0.3477 -0.0083
vn -0.5659 0.1093 0.8172
vn -0.6219 0.7831 0.0003
vn -0.5959 0.7923 -0.1311
vn -0.6727 0.6550 -0.3441
vn -0.0001 0.9415 0.3369
vn -0.0054 0.8160 0.5780
vn -0.0114 0.7601 0.6497
vn -0.0101 0.7577 0.6525
vn -0.4962 0.8682 -0.0022
vn -0.4311 0.9023 -0.0033
vn -0.0027 1.0000 0.0008
vn -0.0206 0.9998 -0.0012
vn -0.9411 -0.0928 -0.3253
vn -0.9915 -0.0572 -0.1170
vn -0.9166 -0.1038 -0.3862
vn -0.9958 -0.0661 -0.0631
vn 0.0308 -0.0176 -0.9994
vn 0.0403 -0.0309 -0.9987
vn 0.0142 0.7140 -0.7000
vn 0.0222 0.7863 -0.6174
vn -0.0098 0.9999 0.0051
vn -0.0065 0.9999 0.0076
vn 0.9945 0.1039 -0.0139
vn 0.9967 0.0809 -0.0012
vn 0.9980 0.0086 -0.0618
vn 0.9935 -0.1140 0.0013
vn 0.9934 0.1148 -0.0068
vn 0.9983 0.0547 -0.0190
vn 0.9983 -0.0583 0.0011
vn 0.9970 -0.0768 0.0109
vn 0.9959 0.0361 -0.0831
vn 0.9955 0.0361 -0.0874
vn 0.2963 -0.9550 0.0131
vn 0.2821 -0.9594 -0.0013
vn 0.4019 -0.9155 0.0164
vn 0.5517 -0.8318 0.0610
vn 0.8364 -0.5348 0.1202
vn 0.7963 -0.5976 0.0937
vn 0.9340 -0.3447 0.0941
vn 0.9576 -0.2636 0.1165
vn 0.9721 -0.0406 0.2310
vn 0.9810 -0.1024 0.1649
vn 0.9814 -0.1316 0.1396
vn 0.9475 -0.3026 0.1035
vn -0.8910 0.4528 -0.0321
vn -0.8909 0.4531 -0.0317
vn -0.8888 0.4583 -0.0013
vn -0.8893 0.4571 -0.0158
vn -0.8894 0.4570 0.0018
vn -0.8892 0.4576 0.0002
vn -0.8887 0.4585 -0.0023
vn -0.8873 0.4612 -0.0039
vn -0.8889 0.4580 -0.0004
vn -0.4913 -0.0308 0.8704
vn -0.4739 0.0610 0.8785
vn -0.4180 0.1656 0.8932
vn -0.4226 0.0951 0.9013
vn -0.5333 -0.1173 0.8377
vn -0.8883 0.4545 -0.0656
vn -0.8873 0.4511 0.0961
vn -0.3155 0.1813 0.9315
vn -0.3524 0.1921 0.9159
vn -0.3903 0.2031 0.8980
vn -0.0174 -0.6869 -0.7266
vn -0.0047 -0.7406 -0.6719
vn -0.9996 0.0193 -0.0206
vn 0.9892 -0.1379 -0.0499
vn 0.0007 1.0000 -0.0011
vn 0.0042 1.0000 0.0002
vn -0.0417 0.9991 -0.0060
vn 0.0007 1.0000 -0.0013
vn 0.0008 1.0000 0.0006
vn 0.0001 1.0000 -0.0008
vn 0.0004 1.0000 -0.0009
vn 0.0006 1.0000 -0.0008
vn 0.0004 1.0000 -0.0004
vn 0.0010 1.0000 0.0002
vn 0.0009 1.0000 -0.0014
vn 0.0008 1.0000 -0.0017
vn 0.0007 1.0000 -0.0041
vn -0.4364 0.6345 0.6379
vn -0.4316 0.6417 0.6340
vn -0.3480 0.5686 0.7454
vn -0.3399 0.5605 0.7552
vn -0.4989 0.7314 -0.4650
vn -0.5872 0.6803 -0.4386
vn -0.7575 0.5506 -0.3507
vn -0.7917 0.5020 -0.3482
vn -0.3810 0.5857 0.7154
vn -0.4006 0.5582 0.7266
vn -0.5002 0.6200 0.6045
vn -0.4627 0.6491 0.6038
vn -0.8334 0.4465 -0.3257
vn -0.8328 0.4476 -0.3256
vn -0.8160 0.4784 -0.3246
vn -0.8311 0.4440 -0.3348
vn -0.8331 0.4448 -0.3287
vn -0.8307 0.4439 -0.3359
vn -0.0565 -0.9854 0.1604
vn -0.0690 -0.9905 0.1190
vn -0.0489 -0.9987 0.0105
vn -0.0525 -0.9980 0.0338
vn -0.0585 0.9973 0.0453
vn -0.0564 0.9983 0.0154
vn -0.0557 0.9926 0.1083
vn -0.0448 0.9894 0.1380
vn -0.0540 0.9983 -0.0199
vn -0.2646 0.1434 0.9536
vn -0.2616 0.1398 0.9550
vn -0.2681 0.1478 0.9520
vn -0.2715 0.1518 0.9504
vn -0.0593 -0.9981 -0.0153
vn -0.0650 -0.9978 -0.0145
vn -0.8280 0.4615 -0.3185
vn -0.8309 0.4497 -0.3276
vn -0.8271 0.4650 -0.3157
vn -0.8226 0.4814 -0.3028
vn -0.4475 0.6461 0.6183
vn -0.4344 0.6612 0.6116
vn -0.3666 0.5724 0.7335
vn -0.3649 0.5654 0.7398
vn -0.8030 -0.5960 -0.0006
vn -0.8011 -0.5985 -0.0004
vn -0.8000 -0.6000 0.0002
vn -0.7999 -0.6002 -0.0014
vn -0.7970 -0.6040 -0.0010
vn -0.7751 -0.6304 -0.0423
vn -0.8033 -0.5955 -0.0072
vn 0.0196 -0.9992 0.0359
vn 0.0257 -0.9989 0.0398
vn 0.0528 -0.9980 0.0357
vn 0.0065 -1.0000 -0.0005
vn -0.0189 -0.9994 0.0278
vn -0.0458 -0.9989 -0.0005
vn 0.1709 -0.0375 -0.9846
vn 0.3595 0.1760 -0.9164
vn 0.0746 0.0024 -0.9972
vn -0.0269 -0.0002 -0.9996
vn -0.0328 0.0028 -0.9995
vn 0.0887 0.0142 -0.9960
vn -0.1415 0.9899 -0.0007
vn -0.1454 0.9893 0.0062
vn -0.0899 0.9959 -0.0007
vn -0.0869 0.9962 -0.0023
vn -0.1955 0.9807 0.0063
vn -0.2160 0.9762 0.0193
vn -0.0775 -0.0010 0.9970
vn -0.1057 -0.0333 0.9938
vn -0.2246 -0.0509 0.9731
vn -0.2439 -0.0651 0.9676
vn 0.0038 -0.0228 0.9997
vn -0.0220 -0.0613 0.9979
vn 0.0034 -1.0000 0.0008
vn 0.0010 -1.0000 -0.0006
vn 0.0072 -1.0000 0.0007
vn 0.0093 -1.0000 0.0022
vn -0.0021 -1.0000 -0.0015
vn -0.0024 -1.0000 -0.0019
vn 0.1972 -0.0253 -0.9800
vn 0.3445 0.1434 -0.9278
vn 0.0961 -0.0003 -0.9954
vn -0.0132 -0.0076 -0.9999
vn -0.0031 -0.0117 -0.9999
vn 0.0973 0.0155 -0.9951
vn -0.1748 0.9846 -0.0002
vn -0.1841 0.9829 0.0032
vn -0.1427 0.9898 -0.0001
vn -0.1419 0.9899 -0.0005
vn -0.1306 -0.0168 0.9913
vn -0.1456 -0.0395 0.9886
vn -0.2527 -0.0610 0.9656
vn -0.3114 -0.1140 0.9434
vn -0.0619 -0.0297 0.9976
vn -0.0901 -0.0719 0.9933
vn -0.2256 0.9742 0.0027
vn -0.2362 0.9716 0.0107
vn -0.2321 0.9726 -0.0147
vn -0.7844 -0.6197 -0.0261
vn -0.7811 -0.6244 -0.0018
vn -0.7786 -0.6276 -0.0033
vn -0.7932 -0.5779 -0.1921
vn -0.8063 -0.5914 0.0049
vn -0.8114 -0.5842 0.0185
vn -0.7904 -0.6106 0.0481
vn -0.8020 -0.5974 0.0003
vn -0.7913 -0.6113 -0.0099
vn -0.7840 -0.6207 -0.0051
vn -0.8034 -0.5955 -0.0059
vn -0.8416 -0.5401 0.0001
vn -0.2206 -0.0104 0.9753
vn 0.2658 0.0731 -0.9613
vn 0.2476 0.0761 -0.9659
vn -0.1718 0.0240 0.9848
vn 0.0574 0.9984 -0.0007
vn 0.0571 0.9983 -0.0135
vn 0.0678 0.9963 -0.0524
vn -0.0038 1.0000 -0.0029
vn 0.0015 1.0000 -0.0008
vn 0.0614 0.9981 -0.0063
vn -0.0518 0.9987 0.0031
vn -0.1209 0.9916 0.0456
vn -0.0618 0.9981 0.0030
vn -0.0469 0.9989 -0.0003
vn -0.1217 0.7028 -0.7009
vn -0.1359 0.7303 -0.6694
vn 0.0171 0.6573 -0.7535
vn 0.0143 0.6571 -0.7537
vn -0.7963 0.5627 0.2219
vn -0.8574 0.5012 0.1167
vn -0.8202 0.5498 -0.1581
vn -0.9056 0.4241 -0.0003
vn 0.0042 0.4358 0.9000
vn 0.4369 0.4841 0.7581
vn 0.5048 0.4538 0.7343
vn 0.0046 0.4161 0.9093
vn 0.7179 0.5324 0.4485
vn 0.7327 0.6080 0.3058
vn 0.8225 0.5275 0.2128
vn 0.8668 0.4874 0.1051
vn 0.7361 0.5029 0.4530
vn -0.7216 0.6106 0.3263
vn -0.7289 0.5409 0.4196
vn -0.7913 0.4511 0.4127
vn -0.4271 0.4787 0.7671
vn -0.4861 0.4664 0.7391
vn 0.5473 0.7037 -0.4532
vn 0.5749 0.6873 -0.4440
vn 0.8190 0.5496 -0.1646
vn 0.6693 0.6600 -0.3412
vn -0.6803 0.6491 -0.3403
vn -0.8201 0.5499 -0.1582
vn -0.5583 0.7009 -0.4438
vn -0.5452 0.6968 -0.4660
vn -0.4860 0.4663 0.7391
vn -0.4270 0.4787 0.7671
vn 0.0958 0.7018 -0.7059
vn 0.0804 0.7235 -0.6856
vn 0.8583 -0.3084 0.4101
vn 0.8631 -0.2986 0.4073
vn 0.9020 -0.2827 0.3263
vn 0.7699 -0.4123 0.4870
vn 0.9413 -0.2478 0.2291
vn -0.9471 -0.2445 0.2078
vn -0.8980 -0.3589 0.2544
vn -0.8447 -0.3179 0.4305
vn -0.8673 -0.2996 0.3976
vn -0.9441 -0.2458 0.2197
vn -0.9300 -0.2258 0.2902
vn 0.6876 -0.5052 -0.5216
vn 0.7065 -0.5078 -0.4930
vn 0.6999 -0.5077 -0.5024
vn 0.6509 -0.5165 -0.5564
vn 0.6521 -0.5161 -0.5553
vn -0.6597 -0.5016 -0.5597
vn -0.7312 -0.4619 -0.5019
vn -0.7133 -0.4733 -0.5170
vn -0.4977 -0.5715 -0.6525
vn -0.6570 -0.5029 -0.5617
vn 0.2430 -0.9700 -0.0103
vn 0.1013 -0.9935 -0.0517
vn 0.1759 -0.9835 0.0423
vn 0.2168 -0.9760 0.0176
vn -0.0632 -0.9961 -0.0622
vn -0.0348 -0.9971 -0.0676
vn -0.0006 -0.9972 -0.0749
vn -0.0009 -0.9972 -0.0748
vn -0.2121 -0.9769 0.0279
vn -0.0816 -0.9964 0.0244
vn -0.0583 -0.9978 -0.0315
vn -0.2454 -0.9694 -0.0107
vn 0.0193 -0.9996 0.0210
vn 0.0833 -0.9961 0.0282
vn -0.0027 -0.9999 0.0131
vn -0.0067 -0.9999 0.0153
vn 0.1186 -0.9920 0.0436
vn 0.0395 -0.9980 0.0490
vn -0.0457 -0.9962 0.0738
vn -0.0905 -0.9955 0.0287
vn -0.0313 -0.9986 0.0419
vn -0.0736 -0.9972 0.0136
vn 0.0607 -0.9963 -0.0608
vn 0.0351 -0.9970 -0.0689
vn 0.5553 -0.4147 0.7208
vn 0.5203 -0.4107 0.7487
vn 0.0036 -0.4685 0.8835
vn 0.0037 -0.4652 0.8852
vn -0.5622 -0.4039 0.7217
vn -0.5173 -0.4119 0.7501
vn -0.5174 -0.4119 0.7501
vn -0.5622 -0.4039 0.7216
vn -0.8939 0.2057 0.3983
vn -0.8921 0.2037 0.4032
vn -0.9248 0.2472 0.2892
vn -0.9260 0.2492 0.2836
vn -0.0040 0.8285 0.5600
vn -0.0012 0.8287 0.5597
vn 0.0508 0.8403 0.5398
vn 0.0509 0.8426 0.5361
vn -0.0472 0.8380 0.5437
vn -0.0457 0.8401 0.5405
vn 0.9451 0.2175 0.2441
vn 0.9456 0.2180 0.2415
vn 0.9238 0.2003 0.3263
vn 0.9220 0.1991 0.3319
vn -0.8498 -0.2258 0.4763
vn -0.9130 -0.2253 0.3401
vn -0.5190 -0.1924 0.8328
vn -0.2050 -0.1403 0.9687
vn 0.3333 -0.8923 0.3046
vn 0.3916 -0.8526 0.3459
vn 0.0504 -0.9921 0.1147
vn 0.0435 -0.9938 0.1023
vn -0.0008 -0.9957 0.0926
vn -0.0025 -0.9957 0.0924
vn -0.0433 -0.9926 0.1131
vn -0.0407 -0.9935 0.1065
vn 0.6984 0.0751 0.7117
vn 0.5119 0.3210 0.7968
vn 0.8435 -0.3316 0.4226
vn 0.8416 -0.4506 0.2978
vn -0.4338 -0.8147 0.3848
vn -0.3693 -0.8655 0.3383
vn 0.4299 -0.1080 0.8964
vn 0.4919 0.2272 0.8405
vn 0.3073 -0.0822 0.9481
vn 0.2924 -0.2099 0.9330
vn 0.2201 -0.2983 0.9287
vn -0.2150 -0.2902 0.9325
vn -0.3104 -0.1858 0.9323
vn -0.3967 -0.0812 0.9143
vn -0.4193 0.1088 0.9013
vn -0.3399 -0.1232 0.9324
vn 0.0041 -0.2102 0.9776
vn 0.0012 -0.2999 0.9540
vn 0.0029 -0.1229 0.9924
vn 0.0040 -0.2102 0.9776
vn -0.9891 0.1170 -0.0893
vn -0.9227 0.0846 -0.3761
vn -0.9258 0.0791 -0.3696
vn -0.8675 0.1655 -0.4690
vn -0.8554 0.1804 -0.4855
vn -0.5464 0.8313 0.1018
vn -0.5716 0.8048 0.1597
vn -0.6113 0.7914 -0.0004
vn -0.6123 0.7906 -0.0004
vn -0.5360 0.3389 0.7732
vn -0.5381 0.2452 0.8064
vn -0.7246 0.5769 0.3771
vn -0.7195 0.6175 0.3178
vn -0.6267 -0.6997 0.3430
vn -0.6496 -0.6655 0.3676
vn -0.5884 -0.3637 0.7221
vn -0.5656 -0.3919 0.7256
vn -0.5956 -0.8033 0.0008
vn -0.5955 -0.8034 0.0008
vn -0.7035 -0.6987 0.1301
vn -0.6796 -0.7292 0.0799
vn -0.9868 -0.1615 0.0115
vn -0.9940 -0.1030 0.0379
vn -0.9872 -0.1596 0.0038
vn -0.9875 -0.1576 -0.0006
vn -0.9874 -0.1584 -0.0006
vn -0.9749 -0.2228 0.0003
vn -0.9851 -0.1720 0.0036
vn -0.9845 -0.1740 0.0223
vn -0.9995 -0.0252 0.0200
vn -0.9979 -0.0227 0.0613
vn -0.9936 -0.1121 0.0094
vn -0.9913 -0.1320 -0.0004
vn -0.9906 -0.1364 0.0031
vn -0.9916 -0.1293 0.0032
vn 0.8223 -0.5447 -0.1648
vn 0.7997 -0.5514 -0.2374
vn 0.8670 -0.4983 -0.0000
vn -0.1606 -0.4629 -0.8717
vn -0.1581 -0.4703 -0.8682
vn -0.0087 -0.4225 -0.9063
vn -0.0086 -0.4221 -0.9065
vn -0.8671 -0.4981 -0.0000
vn -0.7908 -0.5611 -0.2444
vn -0.8236 -0.5400 -0.1736
vn 0.1581 -0.1730 0.9721
vn 0.1830 -0.1896 0.9646
vn 0.0037 -0.1371 0.9906
vn 0.0034 -0.1370 0.9906
vn 0.5997 -0.5785 0.5528
vn 0.4382 -0.6875 0.5790
vn 0.6260 -0.5569 0.5459
vn 0.7552 -0.4274 0.4970
vn -0.6036 -0.5403 0.5862
vn -0.5564 -0.3642 0.7469
vn -0.6078 -0.5649 0.5581
vn -0.6158 -0.6680 0.4178
vn -0.1533 -0.1805 0.9716
vn -0.1774 -0.1782 0.9679
vn -0.2685 -0.2331 0.9347
vn -0.2753 -0.2519 0.9278
vn 0.2587 -0.2304 0.9381
vn 0.2516 -0.2414 0.9373
vn 0.7247 -0.5627 -0.3978
vn 0.7259 -0.5502 -0.4128
vn -0.7273 -0.5622 -0.3936
vn -0.7427 -0.5466 -0.3868
vn 0.1652 -0.4626 -0.8710
vn 0.1666 -0.4732 -0.8651
vn 0.0003 -1.0000 -0.0000
vn 0.0038 -1.0000 0.0003
vn 0.0250 -0.9997 0.0018
vn 0.0067 -1.0000 -0.0002
vn 0.0098 -1.0000 -0.0003
vn 0.0156 -0.9999 0.0012
vn -0.0040 -1.0000 0.0001
vn -0.0146 -0.9999 -0.0005
vn -0.0154 -0.9999 -0.0006
vn 0.9579 -0.0000 0.2870
vn -0.1950 -0.0000 -0.9808
vn -0.0030 -0.0000 -1.0000
vn -0.9584 -0.0000 0.2856
vn -0.9575 -0.0000 0.2884
vn -0.9707 -0.0000 -0.2405
vn 0.1912 -0.0000 0.9815
vn 0.0035 -0.0000 1.0000
vn 0.0034 -0.0000 1.0000
vn 0.7386 -0.0000 0.6742
vn -0.7387 -0.0000 0.6740
vn -0.7384 -0.0000 0.6744
vn 0.6211 -0.0000 0.7837
vn -0.1844 -0.0000 0.9828
vn 0.1891 -0.0000 -0.9820
vn -0.0029 -1.0000 -0.0044
vn -0.0573 -0.9968 0.0552
vn -0.0041 -1.0000 0.0040
vn -0.5016 0.3199 -0.8038
vn -0.4280 0.3590 -0.8294
vn -0.3674 -0.0135 -0.9300
vn -0.4604 -0.0443 -0.8866
vn -0.5326 0.6141 -0.5824
vn -0.4735 0.6511 -0.5931
vn -0.5502 0.7913 -0.2666
vn -0.4994 0.8234 -0.2695
vn -0.5537 0.8278 0.0900
vn -0.5046 0.8585 0.0908
vn -0.5432 0.7193 0.4330
vn -0.4890 0.7537 0.4390
vn -0.5187 0.4793 0.7080
vn -0.4530 0.5182 0.7254
vn -0.4820 0.1426 0.8645
vn -0.3991 0.1793 0.8992
vn -0.4380 -0.2320 0.8685
vn -0.3341 -0.2104 0.9188
vn -0.3953 -0.5739 0.7172
vn -0.2698 -0.5778 0.7703
vn -0.3630 -0.8207 0.4412
vn -0.2202 -0.8498 0.4788
vn -0.3479 -0.9330 0.0919
vn -0.1969 -0.9753 0.1003
vn -0.3530 -0.8952 -0.2721
vn -0.2048 -0.9329 -0.2962
vn -0.3773 -0.7123 -0.5919
vn -0.2423 -0.7297 -0.6394
vn -0.4159 -0.4114 -0.8111
vn -0.3009 -0.4018 -0.8649
vn -0.7752 0.2138 -0.5944
vn -0.7585 -0.0569 -0.6492
vn -0.7876 0.4368 -0.4346
vn -0.7946 0.5732 -0.2001
vn -0.7959 0.6016 0.0676
vn -0.7918 0.5176 0.3242
vn -0.7821 0.3341 0.5261
vn -0.7673 0.0814 0.6361
vn -0.7492 -0.1944 0.6331
vn -0.7313 -0.4423 0.5191
vn -0.7176 -0.6197 0.3180
vn -0.7110 -0.7001 0.0662
vn -0.7132 -0.6730 -0.1959
vn -0.7237 -0.5419 -0.4273
vn -0.7400 -0.3249 -0.5889
vn -0.9683 0.0399 -0.2465
vn -0.9603 -0.0725 -0.2695
vn -0.9746 0.1328 -0.1805
vn -0.9783 0.1900 -0.0832
vn -0.9790 0.2019 0.0281
vn -0.9768 0.1666 0.1348
vn -0.9717 0.0899 0.2183
vn -0.9644 -0.0151 0.2639
vn -0.9560 -0.1298 0.2632
vn -0.9479 -0.2337 0.2167
vn -0.9417 -0.3089 0.1333
vn -0.9388 -0.3433 0.0278
vn -0.9398 -0.3317 -0.0823
vn -0.9444 -0.2758 -0.1788
vn -0.9518 -0.1843 -0.2453
vn -0.9972 -0.0752 -0.0000
vn -0.9923 -0.0973 0.0769
vn -0.9962 -0.0788 0.0361
vn -0.9637 -0.2126 0.1614
vn -0.9349 -0.3231 0.1469
vn -0.9461 -0.2752 0.1710
vn -0.8851 -0.4603 0.0682
vn -0.8303 -0.5573 0.0071
vn -0.9881 -0.1435 -0.0549
vn -0.9823 -0.1827 -0.0419
vn -0.9914 -0.1197 -0.0523
vn -0.9943 -0.0894 -0.0588
vn -0.9941 0.1082 0.0004
vn -0.9988 -0.0446 0.0220
vn -0.9995 0.0270 0.0135
vn -0.9977 -0.0628 0.0272
vn 0.0150 -0.9999 -0.0001
vn 0.0033 -0.5673 0.8235
vn 0.0085 -0.5672 0.8235
vn -0.0610 -0.5675 0.8211
vn -0.0668 -0.5674 0.8207
vn 0.0176 -0.5959 -0.8029
vn 0.0185 -0.5956 -0.8030
vn 0.0071 -0.5983 -0.8012
vn 0.0061 -0.5986 -0.8010
vn 0.0021 1.0000 0.0004
vn -0.0311 0.9995 0.0004
vn -0.9830 -0.1836 0.0001
vn -0.9833 -0.1823 0.0001
vn 0.8939 -0.4483 0.0006
vn 0.8937 -0.4486 0.0006
vn 0.9085 -0.4179 -0.0000
vn 0.9087 -0.4174 -0.0000
vn 0.8948 0.4466 0.0002
vn 0.9054 0.4246 0.0001
vn 0.9011 0.4337 -0.0002
vn 0.8941 0.4480 -0.0001
vn 0.8931 0.4498 -0.0001
vn 0.9182 0.3960 -0.0001
vn 0.9826 0.1857 -0.0020
vn 0.8728 0.4880 0.0035
vn 0.8191 0.5496 -0.1645
vn 0.6693 0.6600 -0.3411
vn 0.9852 -0.1716 -0.0007
vn 0.9853 -0.1707 0.0005
vn 0.9825 -0.1861 -0.0017
vn 0.9843 -0.1763 0.0011
vn 0.9858 -0.1677 0.0008
vn 0.9858 -0.1679 -0.0002
vn 0.9841 -0.1778 -0.0004
vn 0.9851 -0.1721 -0.0001
vn 0.9856 -0.1693 -0.0000
vn 0.9855 -0.1695 -0.0003
vn -0.9283 -0.2866 0.2370
vn -0.9882 -0.1531 0.0003
vn -0.9885 -0.1511 0.0034
vn -0.9884 -0.1512 0.0121
vn -0.9974 -0.0716 0.0022
vn -0.9930 0.1180 -0.0007
vn -0.9968 -0.0568 -0.0569
vn -0.9656 0.2598 -0.0114
vn -0.9993 0.0142 -0.0346
vn -0.9983 -0.0389 -0.0433
vn -0.9964 -0.0659 -0.0532
vn -0.8026 -0.5965 0.0009
vn -0.8007 -0.5991 0.0008
vn -0.8011 -0.5986 -0.0011
vn -0.6804 0.6491 -0.3402
vn -0.9998 -0.0214 -0.0015
vn -0.8061 -0.5917 -0.0110
vn -0.7976 -0.6032 -0.0009
vn -0.8139 -0.5807 -0.0177
vn -0.9962 -0.0699 -0.0526
vn 0.1139 -0.7684 -0.6297
vn 0.1144 -0.7643 -0.6347
vn 0.1070 -0.8220 -0.5593
vn 0.1062 -0.8271 -0.5519
vn -0.6356 -0.0670 -0.7691
vn -0.5164 -0.3185 -0.7949
vn -0.6010 -0.1524 -0.7846
vn -0.6427 -0.0475 -0.7647
vn -0.0022 0.9825 -0.1861
vn -0.0022 0.9826 -0.1859
vn -0.0019 0.9811 -0.1934
vn -0.0019 0.9811 -0.1937
vn -0.7560 0.4091 -0.5110
vn -0.7543 0.4015 -0.5195
vn -0.8478 0.4263 -0.3155
vn -0.8602 0.4215 -0.2871
vn -0.8855 0.3181 -0.3387
vn -0.8768 0.2549 -0.4077
vn 0.9237 0.1052 -0.3685
vn 0.9232 0.1047 -0.3697
vn 0.9277 0.0847 -0.3635
vn 0.9287 0.0855 -0.3610
vn -0.8544 0.2270 -0.4673
vn -0.8533 0.2276 -0.4690
vn 0.9345 0.0674 -0.3494
vn 0.9362 0.0693 -0.3445
vn 0.0016 -0.9317 -0.3633
vn -0.0047 -0.9959 -0.0906
vn 0.0017 -0.9320 -0.3624
vn 0.8672 -0.2240 -0.4446
vn 0.8653 -0.2230 -0.4490
vn 0.8085 -0.1828 -0.5593
vn 0.9410 -0.2733 -0.1995
vn 0.0095 0.3375 -0.9413
vn 0.0130 0.3413 -0.9399
vn 0.0870 0.2313 -0.9690
vn 0.1349 0.1574 -0.9783
vn 0.0404 0.2818 -0.9586
vn 0.0656 0.2392 -0.9688
vn 0.0734 0.0753 -0.9945
vn 0.0358 0.1816 -0.9827
vn -0.0090 0.9596 -0.2811
vn -0.0234 0.2577 -0.9659
vn -0.0401 0.2292 -0.9725
vn -0.1026 0.2100 -0.9723
vn -0.1020 0.1994 -0.9746
vn -0.1029 0.1918 -0.9760
vn -0.1145 0.2075 -0.9715
vn 0.0981 0.0063 -0.9952
vn 0.0983 0.0068 -0.9951
vn 0.0673 -0.0688 -0.9954
vn 0.0433 -0.1212 -0.9917
vn 0.1472 -0.0947 -0.9846
vn 0.1477 -0.0912 -0.9848
vn 0.0147 0.9999 -0.0000
vn 0.9059 0.4235 -0.0000
vn 0.0040 -1.0000 -0.0000
vn 0.0010 -1.0000 -0.0000
vn 0.0070 -1.0000 -0.0000
vn 0.9265 -0.3763 -0.0000
vn 0.9289 -0.3704 -0.0000
vn 0.9154 -0.4025 -0.0000
vn 0.9639 -0.2661 -0.0016
vn 0.9689 -0.2473 -0.0016
vn -0.9927 -0.1209 -0.0000
vn -0.9947 -0.1024 -0.0000
vn 0.9860 -0.1667 -0.0001
vn 0.9860 -0.1667 -0.0000
vn -0.9965 -0.0839 -0.0000
vn -0.0026 1.0000 -0.0000
vn -0.9523 0.3050 -0.0000
vn 0.0691 0.1316 -0.9889
vn -0.2007 0.2219 -0.9542
vn 0.0062 0.1945 -0.9809
vn 0.0449 0.0583 -0.9973
vn 0.2239 0.0541 -0.9731
vn 0.0956 0.1265 -0.9873
vn 0.0605 0.0936 -0.9938
vn -0.0043 -0.0002 -1.0000
vn -0.0032 -0.0032 -1.0000
vn -0.0020 -0.0075 -1.0000
vn -0.0618 -0.6097 -0.7902
vn -0.0797 -0.6176 -0.7824
vn -0.0012 -0.6271 -0.7789
vn -0.0017 -0.6271 -0.7789
vn 0.0775 -0.6186 -0.7819
vn 0.0624 -0.6113 -0.7889
vn 0.0958 -0.5808 -0.8084
vn 0.0811 -0.5877 -0.8050
vn -0.0822 -0.5859 -0.8062
vn -0.0991 -0.5781 -0.8099
vn -0.0007 -0.5727 -0.8198
vn -0.0033 -0.5726 -0.8198
vn 0.0005 -0.9980 -0.0631
vn -0.0126 -0.9945 -0.1041
vn 0.0159 -0.9959 0.0891
vn 0.0186 -0.9957 0.0904
vn -0.0388 -0.9970 -0.0671
vn -0.0444 -0.9936 -0.1040
vn -0.9824 0.1860 0.0191
vn -0.9823 0.1862 0.0195
vn -0.9836 0.1803 0.0099
vn -0.9836 0.1801 0.0096
vn 0.9903 0.1390 0.0079
vn 0.9903 0.1385 0.0074
vn 0.9894 0.1445 0.0145
vn 0.9893 0.1450 0.0152
vn 0.0078 0.9999 -0.0074
vn 0.0065 1.0000 -0.0072
vn -0.0143 0.9992 0.0365
vn -0.0183 0.9984 0.0532
vn -0.0003 0.9994 0.0358
vn -0.0078 0.9986 0.0533
vn 0.0047 -0.5977 -0.8017
vn 0.0240 -0.6050 -0.7958
vn -0.0006 -0.6026 -0.7981
vn -0.0248 -0.6045 -0.7963
vn -0.0047 -0.5976 -0.8018
vn -0.8626 -0.5059 -0.0008
vn -0.8627 -0.5058 -0.0008
vn -0.8336 -0.5524 -0.0009
vn -0.8335 -0.5526 -0.0009
vn 0.4348 -0.9005 0.0022
vn 0.4360 -0.9000 0.0020
vn 0.4239 -0.9057 0.0040
vn 0.4230 -0.9061 0.0042
vn -0.0019 -1.0000 -0.0005
vn -0.0006 -1.0000 -0.0009
vn -0.0019 -1.0000 -0.0004
vn -0.0008 -0.6283 0.7780
vn -0.0008 -0.6282 0.7781
vn -0.0013 -0.6403 0.7681
vn -0.0013 -0.6407 0.7678
vn -0.0014 -0.7736 -0.6337
vn -0.0018 -0.7793 -0.6267
vn -0.0018 -0.7792 -0.6268
vn -0.0014 -0.7734 -0.6340
vn -0.0009 -1.0000 -0.0038
vn -0.0012 -1.0000 -0.0046
vn -0.0003 -1.0000 -0.0024
vn -0.0018 -1.0000 -0.0013
vn -0.0019 -1.0000 -0.0016
vn -0.0016 -1.0000 -0.0007
vn -0.0015 -1.0000 -0.0004
vn -0.0068 -1.0000 0.0009
vn -0.4431 -0.8965 -0.0014
vn -0.0012 -1.0000 -0.0007
vn -0.8335 -0.5525 -0.0009
vn -0.8337 -0.5522 -0.0009
vn -0.8338 -0.5521 -0.0009
vn -0.8336 -0.5523 -0.0009
vn -0.0011 -1.0000 -0.0007
vn -0.0010 -1.0000 -0.0005
vn -0.0013 -1.0000 -0.0014
vn -0.0014 -1.0000 -0.0016
vn 0.4346 -0.9006 0.0022
vn 0.4365 -0.8997 0.0025
vn 0.4363 -0.8998 0.0025
vn 0.4344 -0.9007 0.0021
vn -0.0007 -1.0000 -0.0009
vn -0.0007 -1.0000 -0.0007
vn -0.0009 -1.0000 -0.0014
vn -0.0010 -1.0000 -0.0016
vn -0.0023 -1.0000 -0.0013
vn -0.3805 -0.9248 -0.0040
vn -0.8339 -0.5520 -0.0009
vn -0.8338 -0.5521 -0.0008
vn -0.0004 -1.0000 -0.0009
vn -0.0006 -1.0000 -0.0013
vn -0.0006 -1.0000 -0.0016
vn 0.4326 -0.9016 0.0026
vn 0.4299 -0.9029 0.0021
vn 0.4301 -0.9028 0.0021
vn 0.4328 -0.9015 0.0026
vn -0.8339 -0.5520 -0.0005
vn -0.0003 -1.0000 -0.0009
vn -0.0002 -1.0000 -0.0006
vn 0.4291 -0.9033 0.0014
vn 0.4285 -0.9036 0.0013
vn 0.4285 -0.9035 0.0013
vn 0.4292 -0.9032 0.0014
vn -0.8338 -0.5520 -0.0005
vn -0.0001 -1.0000 -0.0009
vn -0.0001 -1.0000 -0.0010
vn 0.4265 -0.9045 0.0015
vn 0.4263 -0.9046 0.0015
vn 0.4274 -0.9041 0.0013
vn 0.4275 -0.9040 0.0013
vn -0.0016 -1.0000 -0.0009
vn 0.0002 -1.0000 -0.0005
vn 0.0003 -1.0000 -0.0008
vn -0.0010 -1.0000 -0.0007
vn -0.0012 -1.0000 -0.0009
vn 0.0120 -0.9999 -0.0010
vn -0.0008 -1.0000 -0.0007
vn -0.0005 -1.0000 -0.0007
vn -0.0007 -1.0000 -0.0010
vn -0.0003 -1.0000 -0.0016
vn -0.0004 -1.0000 -0.0016
vn -0.0005 -1.0000 -0.0077
vn -0.0002 -1.0000 -0.0016
vn -0.0005 -1.0000 -0.0079
vn -0.0003 -1.0000 -0.0015
vn -0.0002 -1.0000 -0.0012
vn -0.0001 -1.0000 -0.0012
vn -0.0001 -1.0000 -0.0007
vn -0.0013 -0.0541 0.9985
vn -0.0013 -0.0547 0.9985
vn -0.0064 0.0027 1.0000
vn -0.0064 0.0001 1.0000
vn 0.0001 -0.0015 1.0000
vn 0.0001 -0.0001 1.0000
vn 0.0016 -0.0013 1.0000
vn 0.0017 -0.0001 1.0000
vn 0.0017 -0.0000 1.0000
vn 0.0014 0.0561 -0.9984
vn 0.0014 0.0567 -0.9984
vn 0.0064 0.0001 -1.0000
vn 0.0066 0.0058 -1.0000
vn 0.0064 -0.0001 -1.0000
vn -0.0000 -0.0002 -1.0000
vn -0.0001 -0.0004 -1.0000
vn -0.0017 -0.0000 -1.0000
vn -0.0018 -1.0000 0.0011
vn -0.0004 -1.0000 0.0053
vn 0.4157 -0.9095 0.0024
vn 0.4222 -0.9065 0.0039
vn 0.4214 -0.9068 0.0037
vn 0.4149 -0.9099 0.0023
vn -0.0023 -1.0000 -0.0019
vn -0.0020 -1.0000 -0.0023
vn -0.7447 -0.6672 0.0149
vn 0.4198 -0.9076 -0.0109
vn 0.4191 -0.9079 -0.0110
vn 0.4198 -0.9075 -0.0109
vn -0.0035 -1.0000 -0.0045
vn 0.4116 -0.9113 -0.0120
vn 0.4111 -0.9115 -0.0119
vn 0.4176 -0.9085 -0.0131
vn 0.4182 -0.9082 -0.0132
vn -0.8631 -0.5050 -0.0008
vn -0.8630 -0.5052 -0.0008
vn -0.8632 -0.5048 -0.0008
vn -0.0021 -1.0000 -0.0010
vn -0.0020 -1.0000 -0.0009
vn -0.0022 -1.0000 -0.0014
vn -0.0023 -1.0000 -0.0016
vn -0.8629 -0.5053 -0.0008
vn -0.0023 -1.0000 -0.0009
vn -0.0024 -1.0000 -0.0012
vn -0.0024 -1.0000 -0.0013
vn -0.0025 -1.0000 -0.0016
vn -0.8629 -0.5054 -0.0008
vn -0.0025 -1.0000 -0.0018
vn -0.8628 -0.5055 -0.0008
vn -0.8628 -0.5056 -0.0008
vn -0.0024 -1.0000 -0.0018
vn -0.0024 -1.0000 -0.0016
vn -0.8627 -0.5057 -0.0008
vn -0.0021 -1.0000 -0.0036
vn -0.0023 -1.0000 -0.0042
vn -0.0016 -1.0000 -0.0022
vn -0.0013 -1.0000 -0.0015
vn -0.0020 -1.0000 0.0041
vn -0.0006 -1.0000 -0.0015
vn -0.0020 -1.0000 0.0043
vn -0.0023 -1.0000 0.0052
vn -0.0007 -1.0000 -0.0015
vn -0.0023 -1.0000 0.0053
vn -0.0019 -1.0000 -0.0076
vn -0.0007 -1.0000 -0.0016
vn -0.0019 -1.0000 -0.0077
vn -0.0020 -1.0000 0.0045
vn -0.0020 -1.0000 0.0046
vn -0.0006 -0.9999 -0.0116
vn -0.0004 -1.0000 -0.0015
vn -0.0004 -1.0000 -0.0017
vn -0.0006 -0.9999 -0.0119
vn -0.0029 -0.0233 -0.9997
vn -0.0023 -0.0000 -1.0000
vn -0.0023 -0.0006 -1.0000
vn -0.0029 -0.0235 -0.9997
vn 0.0030 0.0250 0.9997
vn 0.0030 0.0252 0.9997
vn 0.0023 0.0006 1.0000
vn 0.0023 -0.0000 1.0000
vn -0.0009 0.0006 1.0000
vn -0.0009 -0.0000 1.0000
vn -0.0003 0.0231 0.9997
vn -0.0003 0.0233 0.9997
vn 0.0003 -0.0257 -0.9997
vn 0.0009 -0.0000 -1.0000
vn 0.0009 -0.0006 -1.0000
vn 0.0003 -0.0259 -0.9997
vn 0.0005 0.0165 -0.9999
vn 0.0001 0.0004 -1.0000
vn 0.0005 0.0167 -0.9999
vn -0.0003 -0.0086 1.0000
vn -0.0003 -0.0087 1.0000
vn -0.0001 -0.0002 1.0000
vn -0.0004 0.0009 1.0000
vn -0.0004 -0.0000 1.0000
vn 0.0005 0.0357 0.9994
vn 0.0005 0.0361 0.9993
vn -0.0006 -0.0399 -0.9992
vn 0.0004 -0.0000 -1.0000
vn 0.0004 -0.0010 -1.0000
vn -0.0007 -0.0403 -0.9992
vn 0.0007 -0.0376 -0.9993
vn 0.0015 -0.0034 -1.0000
vn 0.0015 -0.0043 -1.0000
vn 0.0007 -0.0379 -0.9993
vn -0.0003 0.0511 0.9987
vn -0.0003 0.0516 0.9987
vn -0.0015 0.0046 1.0000
vn -0.0015 0.0034 1.0000
vn 0.1609 -0.1250 -0.9790
vn 0.1659 -0.1174 -0.9791
vn -0.7242 0.0562 -0.6873
vn -0.7253 0.0133 -0.6883
vn 0.5384 -0.1661 -0.8262
vn 0.5081 -0.2388 -0.8275
vn -0.5658 0.1117 0.8169
vn -0.9342 0.3567 -0.0083
vn 0.0284 -0.1580 -0.9870
vn 0.0112 -0.1988 -0.9800
vn 0.0254 -0.1945 -0.9806
vn 0.0324 -0.1947 -0.9803
vn 0.0228 0.0800 -0.9965
vn 0.0239 0.1062 -0.9941
vn 0.0153 0.0586 -0.9982
vn 0.0194 0.0924 -0.9955
vn 0.0265 0.1407 -0.9897
vn 0.0150 -0.0368 -0.9992
vn 0.0149 -0.0092 -0.9998
vn 0.0041 -0.0332 -0.9994
vn -0.0000 -0.2305 -0.9731
vn 0.0146 -0.1188 -0.9928
vn 0.0154 -0.1829 -0.9830
vn 0.0184 -0.1802 -0.9835
vn -0.0017 0.1085 -0.9941
vn 0.0012 0.1117 -0.9937
vn 0.0140 0.1342 -0.9909
vn 0.0120 0.1296 -0.9915
vn -0.0245 0.0361 -0.9990
vn -0.0014 0.0001 -1.0000
vn -0.0388 0.0811 -0.9960
vn -0.0435 0.0749 -0.9962
vn 0.0194 0.1411 -0.9898
vn 0.0095 0.1064 -0.9943
vn 0.0153 0.1058 -0.9943
vn -0.0151 0.0407 -0.9991
vn -0.0159 0.0547 -0.9984
vn -0.0129 0.1341 -0.9909
vn -0.0365 0.1433 -0.9890
vn -0.0244 0.1021 -0.9945
vn -0.0272 0.0919 -0.9954
vn 0.0106 -0.0823 -0.9965
vn 0.0010 -0.2247 -0.9744
vn -0.0015 -0.0778 -0.9970
vn 0.0123 -0.0682 -0.9976
vn 0.0133 -0.1883 -0.9820
vn -0.0008 -0.0795 -0.9968
vn 0.0084 -0.2059 -0.9785
vn 0.0002 -0.2263 -0.9741
vn 0.0038 -0.1889 -0.9820
vn -0.0083 1.0000 -0.0000
vn -0.0075 1.0000 -0.0000
vn 0.0043 1.0000 -0.0001
vn 0.0043 1.0000 -0.0000
vn -0.7618 0.6478 -0.0000
vn 0.7579 -0.6523 -0.0000
vn 0.7560 -0.6546 -0.0000
vn 0.5538 -0.8327 -0.0000
vn 0.5528 -0.8333 -0.0000
vn 0.2946 -0.9556 -0.0000
vn 0.2973 -0.9548 -0.0000
vn -0.9535 0.3015 -0.0000
vn -0.9578 0.2875 -0.0000
vn -0.9572 0.2893 -0.0000
vn 0.9455 -0.3255 -0.0000
vn 0.9436 -0.3310 -0.0000
vn 0.9570 -0.2900 -0.0000
vn -0.9925 0.1224 -0.0000
vn -0.9914 0.1308 -0.0000
vn 0.9308 -0.3656 -0.0000
vn -0.1406 0.9901 -0.0000
vn -0.1059 0.9944 -0.0009
vn -0.1060 0.9944 -0.0000
vn 0.8213 0.5704 -0.0000
vn -0.8216 -0.5701 -0.0000
vn 0.8107 0.5855 -0.0000
vn 0.8105 0.5857 -0.0000
vn 0.8099 0.5866 -0.0000
vn -0.0071 1.0000 -0.0000
vn 0.9646 -0.2638 -0.0000
vn 0.9544 -0.2987 -0.0000
vn -0.9997 -0.0260 -0.0000
vn 0.0175 -0.9998 -0.0000
vn -1.0000 0.0060 -0.0000
vn -0.9944 0.1059 -0.0000
vn -0.9911 0.1334 -0.0000
vn 0.9680 0.2509 -0.0000
vn 0.9803 0.1975 -0.0000
vn 0.9003 0.4353 -0.0000
vn -0.9728 0.2318 -0.0000
vn 0.0108 0.9999 -0.0000
vn 0.8113 0.5846 -0.0000
vn -0.7946 -0.6072 -0.0000
vn 0.0647 0.9979 -0.0000
vn -0.7813 -0.4924 -0.3835
vn -0.7839 -0.6209 -0.0021
vn -0.7793 -0.6266 -0.0000
vn -0.7783 -0.6279 -0.0001
vn -0.0022 1.0000 -0.0000
vn -0.0018 0.6763 0.7366
vn -0.0018 0.6764 0.7366
vn -0.0112 0.9999 -0.0010
vn -0.0023 1.0000 -0.0003
vn 0.0001 -0.9483 0.3173
vn -0.0010 0.9092 -0.4164
vn -0.0199 0.9047 0.4255
vn -0.0001 0.8416 0.5401
vn -0.0080 0.9154 -0.4024
vn -0.0078 0.9161 -0.4008
vn -0.0072 0.9165 -0.3999
vn -0.0075 0.9154 -0.4024
vn 0.0035 -0.7056 -0.7086
vn 0.0048 0.8233 -0.5676
vn 0.0048 0.8219 -0.5695
vn -0.0003 -1.0000 -0.0017
vn -0.0074 0.1378 -0.9904
vn -0.0029 0.1371 -0.9905
vn 0.0008 0.1363 -0.9907
vn 0.0790 -0.9966 -0.0234
vn 0.0702 -0.9975 -0.0000
vn 0.0016 0.1215 -0.9926
vn 0.0013 0.1460 -0.9893
vn 0.0011 0.1460 -0.9893
vn -0.0009 1.0000 -0.0052
vn 0.0233 -0.9917 -0.1262
vn 0.0238 -0.9917 -0.1263
vn 0.0701 -0.9975 -0.0000
vn -0.0940 -0.9953 -0.0228
vn -0.0256 -0.1696 -0.9852
vn -0.0168 -0.1654 -0.9861
vn -0.0128 -0.1647 -0.9863
vn -0.0003 -0.1647 -0.9863
vn 0.0130 -0.1648 -0.9862
vn 0.0170 -0.1653 -0.9861
vn 0.0249 -0.1688 -0.9853
vn 0.9994 0.0339 -0.0000
vn 0.9824 0.1867 -0.0000
vn 0.9874 0.1585 -0.0000
vn 0.9824 0.1868 -0.0000
vn 0.9518 0.3068 -0.0000
vn 0.5844 0.8114 -0.0000
vn 0.4304 0.9027 -0.0000
vn 0.4432 0.8964 -0.0000
vn 0.2818 0.9595 -0.0000
vn -0.9891 0.1472 -0.0000
vn -0.9995 0.0329 -0.0000
vn -0.9920 0.1259 -0.0000
vn -0.9712 0.2382 -0.0000
vn -0.9891 0.1473 -0.0000
vn -0.2006 0.9797 -0.0000
vn -0.4143 0.9102 -0.0000
vn -0.4319 0.9019 -0.0000
vn -0.6311 0.7757 -0.0000
vn -0.0008 -0.1583 -0.9874
vn -0.0043 -0.1635 -0.9865
vn 0.0007 -0.1635 -0.9866
vn 0.0015 -0.1586 -0.9873
vn 0.0130 -0.1647 -0.9863
vn 0.0007 -0.1437 -0.9896
vn -0.0129 -0.1648 -0.9862
vt 0.029138 0.091062
vt 0.001438 0.110205
vt 0.032252 0.109616
vt 0.088008 0.108650
vt 0.088194 0.061018
vt 0.059525 0.074350
vt 0.058500 0.109115
vt 0.173870 0.107466
vt 0.174347 0.029037
vt 0.145152 0.038574
vt 0.148531 0.107791
vt 0.204781 0.107288
vt 0.202000 0.023406
vt 0.231555 0.107134
vt 0.289241 0.107005
vt 0.280304 0.016381
vt 0.231753 0.019942
vt 0.291261 0.107005
vt 0.282315 0.015523
vt 0.309594 0.106949
vt 0.309594 0.015526
vt 0.033574 0.113949
vt 0.058500 0.113426
vt 0.686722 0.350746
vt 0.677115 0.350746
vt 0.677116 0.355033
vt 0.687281 0.355033
vt 0.686947 0.351441
vt 0.087883 0.112962
vt 0.173870 0.111777
vt 0.148596 0.112101
vt 0.204824 0.111599
vt 0.231555 0.111445
vt 0.289241 0.111315
vt 0.291261 0.111315
vt 0.309594 0.111315
vt 0.682238 0.111315
vt 0.682238 0.107003
vt 0.646954 0.107017
vt 0.640699 0.111298
vt 0.068749 0.139125
vt 0.133090 0.157545
vt 0.209895 0.166749
vt 0.116185 0.112517
vt 0.287617 0.171013
vt 0.332171 0.170798
vt 0.775567 0.744059
vt 0.746420 0.737241
vt 0.775762 0.748095
vt 0.134004 0.709621
vt 0.134004 0.670766
vt 0.211713 0.670766
vt 0.211713 0.751501
vt 0.134004 0.748400
vt 0.284895 0.670766
vt 0.290352 0.676916
vt 0.290352 0.738828
vt 0.290352 0.753014
vt 0.592008 0.670766
vt 0.674099 0.670766
vt 0.674099 0.753886
vt 0.618701 0.753863
vt 0.618416 0.721887
vt 0.592686 0.711513
vt 0.851361 0.574036
vt 0.851489 0.579527
vt 0.862515 0.579448
vt 0.862515 0.573963
vt 0.800577 0.780857
vt 0.746432 0.741164
vt 0.787296 0.792408
vt 0.861667 0.792043
vt 0.861667 0.781221
vt 0.781651 0.721269
vt 0.758269 0.720904
vt 0.776570 0.748193
vt 0.801277 0.780426
vt 0.777035 0.748383
vt 0.776928 0.744227
vt 0.783389 0.721433
vt 0.782435 0.721238
vt 0.776359 0.744051
vt 0.802578 0.660143
vt 0.000567 0.110932
vt -0.000469 0.114628
vt 0.032847 0.126419
vt -0.001129 0.729492
vt -0.001129 0.670766
vt 0.033081 0.670766
vt 0.032780 0.710801
vt 0.032579 0.737454
vt 0.116185 0.108206
vt 0.116939 0.049360
vt 0.862515 0.208034
vt 0.862515 0.182127
vt 0.800298 0.181299
vt 0.798434 0.208034
vt 0.613519 0.753861
vt 0.583834 0.739515
vt 0.583837 0.676916
vt 0.589301 0.670766
vt 0.412032 0.740606
vt 0.443744 0.740404
vt 0.381298 0.753761
vt 0.408989 0.740905
vt 0.380718 0.741404
vt 0.359395 0.740649
vt 0.334933 0.740403
vt 0.335430 0.753749
vt 0.316032 0.739732
vt 0.290397 0.663436
vt 0.291590 0.662705
vt 0.291590 0.637739
vt 0.291590 0.611403
vt 0.290397 0.608669
vt 0.517864 0.610380
vt 0.517864 0.607756
vt 0.498003 0.607601
vt 0.497919 0.610245
vt 0.580930 0.662612
vt 0.582531 0.663436
vt 0.582535 0.608062
vt 0.580850 0.610683
vt 0.405407 0.607072
vt 0.405450 0.609841
vt 0.426477 0.610047
vt 0.427608 0.607315
vt 0.362679 0.607336
vt 0.362653 0.610056
vt 0.382821 0.609654
vt 0.382789 0.606930
vt 0.317441 0.608148
vt 0.317493 0.610907
vt 0.338335 0.610536
vt 0.338283 0.607779
vt 0.068904 0.710321
vt 0.068904 0.742381
vt 0.033496 0.710801
vt 0.033798 0.670766
vt 0.069621 0.710321
vt 0.134720 0.709621
vt 0.072284 0.670766
vt 0.822172 0.053361
vt 0.822705 0.025981
vt 0.811473 0.025969
vt 0.809597 0.053361
vt 0.821586 0.078703
vt 0.807756 0.079074
vt 0.820913 0.104955
vt 0.805950 0.104919
vt 0.820236 0.130265
vt 0.804321 0.130224
vt 0.819471 0.156476
vt 0.802386 0.156476
vt 0.822870 0.055099
vt 0.823394 0.028239
vt 0.822295 0.079960
vt 0.821633 0.105715
vt 0.820968 0.130543
vt 0.820216 0.156257
vt 0.862515 0.156476
vt 0.862515 0.156257
vt 0.862515 0.132240
vt 0.862515 0.057359
vt 0.862515 0.083003
vt 0.309606 0.124486
vt 0.686973 0.350734
vt 0.810070 0.026052
vt 0.813398 0.000571
vt 0.812114 0.001173
vt 0.806407 0.079094
vt 0.808233 0.053345
vt 0.801121 0.156472
vt 0.803024 0.130251
vt 0.799061 0.181309
vt 0.793740 0.251639
vt 0.794919 0.251574
vt 0.797220 0.208032
vt 0.791179 0.253444
vt 0.792338 0.253380
vt 0.791236 0.277946
vt 0.792397 0.277950
vt 0.804625 0.104911
vt 0.850692 0.425528
vt 0.849820 0.424304
vt 0.852208 0.572807
vt 0.862515 0.417586
vt 0.849685 0.417595
vt 0.849796 0.418817
vt 0.862515 0.418812
vt 0.862515 0.424297
vt 0.862515 0.425522
vt 0.758100 0.721687
vt 0.757289 0.721733
vt 0.745524 0.738127
vt 0.746353 0.738307
vt 0.745524 0.742078
vt 0.746365 0.742177
vt 0.786144 0.791189
vt 0.786867 0.790901
vt 0.845004 0.659554
vt 0.801935 0.659661
vt 0.844966 0.660329
vt 0.861667 0.659402
vt 0.851337 0.659629
vt 0.851357 0.660357
vt 0.861667 0.660154
vt 0.310015 0.143079
vt 0.336747 0.143079
vt 0.309998 0.124486
vt 0.349983 0.143079
vt 0.349968 0.111315
vt 0.309986 0.111315
vt 0.349968 0.106826
vt 0.349968 0.015526
vt 0.309986 0.015526
vt 0.309986 0.106949
vt 0.792596 0.314190
vt 0.799119 0.314052
vt 0.799345 0.278339
vt 0.792509 0.278301
vt 0.791434 0.314207
vt 0.791348 0.278297
vt 0.310076 0.113388
vt 0.310076 0.109083
vt 0.310105 0.017595
vt 0.350010 0.017558
vt 0.350118 0.105992
vt 0.350405 0.106826
vt 0.350405 0.015526
vt 0.350118 0.110419
vt 0.350405 0.111315
vt 0.310042 0.126630
vt 0.310052 0.145132
vt 0.309624 0.143079
vt 0.336776 0.145132
vt 0.336910 0.143079
vt 60.899658 -109.726639
vt 0.350008 0.145132
vt 0.350420 0.143079
vt 0.799542 0.278408
vt 0.806273 0.278444
vt 0.799234 0.277988
vt 57.783920 -109.726639
vt 57.911316 -109.726639
vt 0.806042 0.314097
vt 0.799611 0.314229
vt 0.792484 0.314582
vt 0.799008 0.314441
vt 0.798398 0.278404
vt 0.798465 0.314245
vt 0.791323 0.314600
vt 0.478318 0.092485
vt 0.443045 0.092274
vt 0.442790 0.094655
vt 0.849603 0.608651
vt 0.849603 0.402624
vt 0.779897 0.402624
vt 0.779843 0.608651
vt 0.851841 0.596774
vt 0.850474 0.608651
vt 0.852162 0.608651
vt 0.852107 0.596531
vt 0.779853 0.644873
vt 0.844074 0.644853
vt 0.848259 0.640354
vt 0.776738 0.640355
vt 0.845395 0.660609
vt 0.849580 0.660535
vt 0.846353 0.608660
vt 0.845745 0.596441
vt 0.328798 0.839299
vt 0.329543 0.838589
vt 0.355853 0.841977
vt 0.356695 0.841842
vt 0.779123 0.401763
vt 0.792838 0.387351
vt 0.791555 0.387344
vt 0.448584 0.012198
vt 0.447452 0.000879
vt 0.431398 0.015581
vt 0.445466 0.017075
vt 0.850474 0.401893
vt 0.849659 0.401325
vt 0.849993 0.609383
vt 0.778893 0.608696
vt 0.779569 0.609383
vt 0.850453 0.661105
vt 0.848739 0.640367
vt 0.843629 0.645392
vt 0.780585 0.645365
vt 0.844554 0.661339
vt 0.852271 0.386574
vt 0.851303 0.386277
vt 0.454740 0.017492
vt 0.681771 0.017740
vt 0.677850 0.000998
vt 0.691294 0.071319
vt 0.454236 0.079973
vt 0.517768 0.091440
vt 0.678185 0.089640
vt 0.692193 0.073141
vt 0.456673 0.070786
vt 0.693287 0.068867
vt 0.449927 0.022736
vt 0.456479 0.075517
vt 0.558879 0.931254
vt 0.587489 0.970237
vt 0.593967 0.970237
vt 0.565685 0.929324
vt 0.597479 0.978059
vt 0.593275 0.978059
vt 0.598296 0.988532
vt 0.590723 0.974264
vt 0.596375 0.974264
vt 0.548489 0.925984
vt 0.554584 0.924505
vt 0.529165 0.923233
vt 0.772128 0.656236
vt 0.775243 0.660754
vt 60.899654 -109.726639
vt 0.758186 0.704454
vt 0.761347 0.704863
vt 0.760299 0.708610
vt 0.757517 0.708210
vt 60.899654 -109.726646
vt 0.776160 0.661279
vt 0.761688 0.707245
vt 0.327611 0.870737
vt 0.357826 0.875813
vt 0.322141 0.964319
vt 0.357425 0.973737
vt 0.557600 0.092531
vt 0.478156 0.091963
vt 0.594568 0.094878
vt 0.621734 0.098236
vt 0.640370 0.102392
vt 0.395085 0.111305
vt 0.388817 0.106717
vt 0.640017 0.102719
vt 0.640016 0.107093
vt 0.644746 0.107093
vt 0.395929 0.102719
vt 0.391200 0.107093
vt 0.395929 0.107093
vt 0.414156 0.107093
vt 0.414156 0.098432
vt 0.442546 0.107093
vt 0.442546 0.095031
vt 0.478319 0.107093
vt 0.478319 0.092847
vt 0.517973 0.107093
vt 0.517973 0.092094
vt 0.557627 0.107093
vt 0.557627 0.092847
vt 0.593400 0.107093
vt 0.593400 0.095031
vt 0.621789 0.107093
vt 0.621789 0.098432
vt 0.395929 0.110923
vt 0.414156 0.115754
vt 0.442546 0.119155
vt 0.478319 0.121340
vt 0.517973 0.122092
vt 0.557627 0.121340
vt 0.593400 0.119155
vt 0.621789 0.115754
vt 0.639804 0.110775
vt 0.746500 0.575413
vt 0.746500 0.581291
vt 0.737782 0.580357
vt 0.736877 0.574525
vt 0.746500 0.559101
vt 0.735077 0.558345
vt 0.746500 0.533396
vt 0.733580 0.532847
vt 0.731788 0.500718
vt 0.746500 0.501006
vt 0.746500 0.504359
vt 0.746500 0.465102
vt 0.731200 0.465102
vt 0.731789 0.429486
vt 0.746500 0.429198
vt 0.733580 0.397357
vt 0.746500 0.401699
vt 0.746500 0.396808
vt 0.735077 0.371859
vt 0.746500 0.371103
vt 0.736877 0.355488
vt 0.746500 0.354600
vt 0.746500 0.370077
vt 0.737782 0.349847
vt 0.746500 0.348913
vt 0.736877 0.574716
vt 0.746500 0.575604
vt 0.736959 0.578964
vt 0.736386 0.574525
vt 0.734583 0.558345
vt 0.733088 0.532847
vt 0.731293 0.500718
vt 0.730702 0.465102
vt 0.731293 0.429486
vt 0.733088 0.397357
vt 0.734583 0.371859
vt 0.736386 0.355488
vt 0.736959 0.351240
vt 0.736386 0.574716
vt 0.752226 0.558186
vt 0.748893 0.575329
vt 0.754756 0.532857
vt 0.756042 0.502139
vt 0.756100 0.500743
vt 0.756679 0.465141
vt 0.756115 0.429616
vt 0.748979 0.354730
vt 0.752379 0.371953
vt 0.751031 0.354907
vt 0.749032 0.349100
vt 0.754653 0.397576
vt 0.753164 0.372022
vt 0.756273 0.429486
vt 0.757336 0.464918
vt 0.756676 0.533896
vt 0.757313 0.500693
vt 0.754604 0.558296
vt 0.751859 0.575033
vt 0.748837 0.580947
vt 0.754857 0.405062
vt 0.754489 0.397934
vt 0.449256 0.017472
vt 0.946341 0.606079
vt 0.947115 0.606972
vt 0.947346 0.403190
vt 0.946395 0.403237
vt 0.862515 0.401130
vt 0.850925 0.401903
vt 0.862515 0.401896
vt 0.326130 0.854307
vt 0.340991 0.868183
vt 0.861667 0.652246
vt 0.850772 0.652283
vt 0.849951 0.651420
vt 0.849993 0.652242
vt 0.860828 0.652138
vt 0.860820 0.651303
vt 0.851518 0.580749
vt 0.851810 0.595889
vt 0.862515 0.595603
vt 0.862515 0.580673
vt 0.529187 0.923206
vt 0.546339 0.925984
vt 0.556884 0.931254
vt 0.589531 0.974187
vt 0.592724 0.984259
vt 0.460784 0.087255
vt 0.460850 0.075230
vt 0.457075 0.015549
vt 0.395283 0.102346
vt 0.414339 0.097939
vt 0.534492 0.928660
vt 0.538310 0.932144
vt 0.460866 0.026047
vt 0.459914 0.021955
vt 0.582034 0.974021
vt 0.321956 1.001328
vt 0.843921 0.318804
vt 0.855456 0.348396
vt 0.862515 0.359135
vt 0.858647 0.356581
vt 0.851556 0.313606
vt 0.862515 0.310812
vt 0.862515 0.253380
vt 0.844888 0.319477
vt 0.852100 0.314316
vt 0.862515 0.354145
vt 0.860781 0.352817
vt 0.857002 0.344205
vt 0.862515 0.352817
vt 0.852981 0.315466
vt 0.846379 0.320513
vt 0.849529 0.322703
vt 0.854926 0.318005
vt 0.862515 0.312802
vt 0.862515 0.315531
vt 0.847307 0.322867
vt 0.846227 0.322867
vt 0.853704 0.315664
vt 0.847669 0.320385
vt 0.862515 0.313199
vt 0.846193 0.319386
vt 0.852887 0.314597
vt 0.847436 0.322533
vt 0.848451 0.322542
vt 0.450667 0.837344
vt 0.447261 0.837308
vt 0.445683 0.840707
vt 0.450653 0.840698
vt 0.439804 0.837308
vt 0.438119 0.840760
vt 0.435912 0.837281
vt 0.434063 0.840837
vt 0.353596 0.154440
vt 0.366562 0.154348
vt 0.414261 0.116254
vt 0.448642 0.937611
vt 0.439003 0.948491
vt 0.438974 0.948502
vt 0.460149 0.929418
vt 0.459894 0.929567
vt 0.440120 0.937511
vt 0.454088 0.918082
vt 0.448642 0.922549
vt 0.438899 0.933257
vt 0.438848 0.933309
vt 0.454222 0.918395
vt 0.440044 0.937491
vt 0.448640 0.937611
vt 0.439023 0.948535
vt 0.439027 0.948488
vt 0.459071 0.930643
vt 0.459133 0.930871
vt 0.440059 0.937492
vt 0.452944 0.918279
vt 0.448640 0.922549
vt 0.439073 0.933831
vt 0.439076 0.933841
vt 0.440058 0.937506
vt 0.452984 0.918291
vt 0.453078 0.918372
vt 0.607066 0.154154
vt 0.612143 0.166958
vt 0.666896 0.166903
vt 0.478463 0.121728
vt 0.451125 0.120050
vt 0.499695 0.170653
vt 0.589430 0.165491
vt 0.589069 0.154463
vt 0.559209 0.121621
vt 0.557656 0.121715
vt 0.518017 0.122490
vt 0.456890 0.434694
vt 0.463871 0.432966
vt 0.466282 0.430491
vt 0.032224 0.430374
vt 0.034265 0.434872
vt 0.037180 0.435517
vt 0.449263 0.435517
vt 0.449263 0.425371
vt 0.037180 0.425371
vt 0.034265 0.426015
vt 0.463871 0.427921
vt 0.456890 0.426194
vt 0.726956 0.802662
vt 0.740476 0.802662
vt 0.740500 0.796951
vt 0.728517 0.797914
vt 0.252290 0.190987
vt 0.625751 0.191127
vt 0.673289 0.185657
vt 0.255745 0.185657
vt 0.020053 0.427480
vt 0.021328 0.424120
vt 0.023718 0.424774
vt 0.022452 0.427473
vt 0.034973 0.430943
vt 0.027265 0.430943
vt 0.029392 0.427468
vt 0.030638 0.425270
vt 0.038200 0.425270
vt 0.248017 0.185657
vt 0.246728 0.187768
vt 0.244568 0.191047
vt 0.240944 0.185185
vt 0.239641 0.187764
vt 0.754433 0.802662
vt 0.756432 0.802662
vt 0.754641 0.797914
vt 0.752870 0.797914
vt 0.724957 0.802662
vt 0.726745 0.797914
vt 0.022443 0.427487
vt 0.044914 0.462619
vt 0.047797 0.471808
vt 0.041840 0.471808
vt 0.259466 0.229874
vt 0.265569 0.229893
vt 0.263488 0.223911
vt 0.262716 0.221696
vt 0.255028 0.198995
vt 0.750352 0.836866
vt 0.751850 0.836866
vt 0.752747 0.830028
vt 0.728037 0.831448
vt 0.728616 0.836866
vt 0.730090 0.836866
vt 0.649041 0.794977
vt 0.277291 0.794977
vt 0.268720 0.791909
vt 0.661464 0.791909
vt 0.651698 0.815694
vt 0.653559 0.806191
vt 0.666234 0.806232
vt 0.664270 0.818345
vt 0.277291 0.817099
vt 0.649041 0.817099
vt 0.661464 0.820135
vt 0.268736 0.820087
vt 0.274743 0.800538
vt 0.274360 0.805935
vt 0.254191 0.805900
vt 0.255651 0.798664
vt 0.275830 0.796772
vt 0.262542 0.793614
vt 0.275830 0.815304
vt 0.262542 0.818462
vt 0.274743 0.811538
vt 0.255651 0.813412
vt 0.651698 0.796382
vt 0.664270 0.793729
vt 0.033666 0.465588
vt 0.035197 0.472209
vt 0.033789 0.472905
vt 0.032246 0.466190
vt 0.033670 0.465603
vt 0.251115 0.223979
vt 0.252675 0.230255
vt 0.035039 0.464504
vt 0.029714 0.431323
vt 0.033653 0.465039
vt 0.035042 0.464519
vt 0.029618 0.428002
vt 0.026198 0.427975
vt 0.024517 0.427966
vt 0.026189 0.427988
vt 0.029604 0.428025
vt 0.029378 0.427492
vt 0.034833 0.182164
vt 0.048971 0.182138
vt 0.049006 0.178229
vt 0.037622 0.178261
vt 0.052401 0.221166
vt 0.054321 0.221183
vt 0.069610 0.182164
vt 0.055479 0.182138
vt 0.066838 0.178288
vt 0.055444 0.178245
vt 0.065322 0.182119
vt 0.066504 0.221794
vt 0.065323 0.178218
vt 0.038498 0.178218
vt 0.038497 0.182119
vt 0.039679 0.221794
vt 0.620538 0.199510
vt 0.620538 0.199579
vt 0.626616 0.202035
vt 0.312882 0.220929
vt 0.300685 0.200001
vt 0.298348 0.199046
vt 0.310434 0.221836
vt 0.619242 0.220929
vt 0.619951 0.221870
vt 0.631760 0.213270
vt 0.625357 0.218929
vt 0.626125 0.219684
vt 0.632590 0.213499
vt 0.625843 0.202780
vt 0.631854 0.209028
vt 0.632686 0.208863
vt 0.619823 0.200533
vt 0.606581 0.203080
vt 0.601042 0.201040
vt 0.307351 0.200558
vt 0.318576 0.219549
vt 0.600507 0.219549
vt 0.606134 0.217735
vt 0.612026 0.212599
vt 0.612113 0.208749
vt 0.628229 0.223628
vt 0.656611 0.223724
vt 0.678070 0.191047
vt 0.648201 0.796004
vt 0.278737 0.796004
vt 0.650833 0.814798
vt 0.652676 0.806177
vt 0.278737 0.816072
vt 0.648201 0.816073
vt 0.275000 0.801049
vt 0.274621 0.805945
vt 0.276077 0.797632
vt 0.276077 0.814444
vt 0.275000 0.811028
vt 0.650833 0.797279
vt 0.620532 0.797234
vt 0.297464 0.797234
vt 0.622841 0.813725
vt 0.624458 0.806161
vt 0.297464 0.814843
vt 0.620532 0.814843
vt 0.292528 0.801661
vt 0.291628 0.805957
vt 0.295083 0.798663
vt 0.295083 0.813415
vt 0.292528 0.810417
vt 0.622841 0.798353
vt 0.294821 0.207771
vt 0.295539 0.211143
vt 0.296022 0.210918
vt 0.295262 0.207350
vt 0.292791 0.204982
vt 0.293114 0.204399
vt 0.289799 0.203259
vt 0.289948 0.202575
vt 0.286364 0.202898
vt 0.286314 0.202194
vt 0.283079 0.203964
vt 0.282838 0.203321
vt 0.280512 0.206270
vt 0.280122 0.205762
vt 0.279107 0.209420
vt 0.278636 0.209094
vt 0.279107 0.212867
vt 0.278636 0.212741
vt 0.280512 0.216016
vt 0.280122 0.216074
vt 0.283079 0.218323
vt 0.282838 0.218514
vt 0.286364 0.219389
vt 0.286314 0.219642
vt 0.289799 0.219028
vt 0.289948 0.219260
vt 0.292791 0.217304
vt 0.293114 0.217436
vt 0.294821 0.214515
vt 0.295262 0.214486
vt 0.293859 0.208279
vt 0.294487 0.211224
vt 0.292086 0.205844
vt 0.289474 0.204338
vt 0.286474 0.204024
vt 0.283605 0.204954
vt 0.281364 0.206968
vt 0.280137 0.209719
vt 0.280137 0.212729
vt 0.281364 0.215479
vt 0.283605 0.217494
vt 0.286474 0.218424
vt 0.289474 0.218109
vt 0.292086 0.216604
vt 0.293859 0.214169
vt 0.290413 0.209888
vt 0.290714 0.211301
vt 0.289562 0.208719
vt 0.288308 0.207996
vt 0.286869 0.207845
vt 0.285492 0.208292
vt 0.284416 0.209258
vt 0.283827 0.210578
vt 0.283827 0.212023
vt 0.284416 0.213343
vt 0.285492 0.214310
vt 0.286869 0.214756
vt 0.288308 0.214605
vt 0.289562 0.213883
vt 0.290413 0.212714
vt 0.287233 0.211328
vt 0.661464 0.820815
vt 0.268736 0.820778
vt 0.265569 0.229906
vt 0.263541 0.223910
vt 0.665563 0.821570
vt 0.665563 0.820840
vt 0.656611 0.223751
vt 0.652572 0.229882
vt 0.431453 0.463639
vt 0.426466 0.471808
vt 0.128812 0.427115
vt 0.128738 0.430936
vt 0.365029 0.430920
vt 0.147708 0.430921
vt 0.147697 0.427125
vt 0.365176 0.426518
vt 0.446737 0.425270
vt 0.382133 0.430941
vt 0.382091 0.426573
vt 0.451414 0.430943
vt 0.147797 0.442402
vt 0.365098 0.442367
vt 0.382084 0.442356
vt 0.129214 0.442354
vt 0.346036 0.154360
vt 0.346680 0.166778
vt 0.377505 0.170714
vt 0.443189 0.119534
vt 0.366720 0.166553
vt 0.323332 0.866657
vt 0.399525 0.990363
vt 0.399547 0.990048
vt 0.396595 0.991359
vt 0.396572 0.991689
vt 0.398535 0.988354
vt 0.395534 0.991480
vt 0.375502 0.914843
vt 0.375981 0.914451
vt 0.371889 0.914002
vt 0.371386 0.914413
vt 0.380085 0.929093
vt 0.376192 0.929352
vt 0.392156 0.971698
vt 0.388846 0.974018
vt 0.375985 0.921851
vt 0.371893 0.921760
vt 0.375910 0.925895
vt 0.371814 0.926777
vt 0.375747 0.925912
vt 0.371643 0.926795
vt 0.399112 0.989716
vt 0.399134 0.989410
vt 0.398150 0.987763
vt 0.375767 0.915312
vt 0.375767 0.915311
vt 0.376233 0.914930
vt 0.380221 0.928916
vt 0.391951 0.970320
vt 0.376236 0.921879
vt 0.376163 0.925253
vt 0.376005 0.925270
vt 0.405508 0.900861
vt 0.405528 0.900588
vt 0.409999 0.900588
vt 0.409978 0.900861
vt 0.404581 0.899120
vt 0.409051 0.899120
vt 0.371128 0.915312
vt 0.387299 0.846628
vt 0.383005 0.834492
vt 0.387476 0.834492
vt 0.391770 0.846628
vt 0.398608 0.883567
vt 0.403076 0.883560
vt 0.383455 0.834152
vt 0.383458 0.840351
vt 0.387929 0.840351
vt 0.387925 0.834152
vt 0.383388 0.843360
vt 0.387858 0.843360
vt 0.383235 0.843375
vt 0.387706 0.843375
vt 0.008183 0.954317
vt 0.002644 0.992598
vt 0.004089 0.996213
vt 0.043175 0.996884
vt 0.080541 0.860370
vt 0.162014 0.860118
vt 0.161138 0.847945
vt 0.159551 0.832689
vt 0.048023 0.832814
vt 0.037072 0.861958
vt 0.730498 0.807171
vt 0.740455 0.807171
vt 0.750732 0.807171
vt 0.747727 0.832357
vt 0.732807 0.832357
vt 0.740149 0.832357
vt 0.740060 0.836866
vt 0.730498 0.807432
vt 0.740455 0.806798
vt 0.750732 0.807432
vt 0.747727 0.832501
vt 0.732807 0.832501
vt 0.740149 0.831919
vt 0.579238 0.871646
vt 0.589726 0.872465
vt 0.593884 0.837168
vt 0.579661 0.836276
vt 0.565883 0.837168
vt 0.569077 0.872465
vt 0.583837 0.670766
vt 0.290352 0.670766
vt 0.315147 0.663436
vt 0.315153 0.662705
vt 0.290397 0.668875
vt 0.315154 0.668875
vt 0.452469 0.662612
vt 0.450766 0.663436
vt 0.473087 0.663436
vt 0.473093 0.662612
vt 0.473488 0.607475
vt 0.450732 0.607345
vt 0.452470 0.610014
vt 0.473473 0.610117
vt 0.427641 0.663436
vt 0.426475 0.662706
vt 0.315241 0.610948
vt 0.480570 0.740415
vt 0.504928 0.753816
vt 0.454145 0.740338
vt 0.478281 0.740185
vt 0.475345 0.662612
vt 0.475339 0.663436
vt 0.495667 0.663436
vt 0.495667 0.662612
vt 0.475725 0.610128
vt 0.495667 0.610232
vt 0.475753 0.607477
vt 0.495749 0.607618
vt 0.497919 0.662612
vt 0.497919 0.663436
vt 0.517865 0.663436
vt 0.517865 0.662612
vt 0.505575 0.740561
vt 0.503641 0.740024
vt 0.520117 0.662612
vt 0.520117 0.663436
vt 0.540135 0.663436
vt 0.540135 0.662612
vt 0.520116 0.610395
vt 0.540129 0.610526
vt 0.520116 0.607774
vt 0.540130 0.607900
vt 0.542386 0.662612
vt 0.542387 0.663436
vt 0.560837 0.663436
vt 0.560835 0.662612
vt 0.542380 0.610538
vt 0.560739 0.610605
vt 0.542379 0.607908
vt 0.560736 0.607979
vt 0.563087 0.662612
vt 0.563089 0.663436
vt 0.562991 0.610613
vt 0.562986 0.607981
vt 0.528955 0.740263
vt 0.595688 0.753853
vt 0.567805 0.739748
vt 0.569597 0.739605
vt 0.554072 0.739901
vt 0.531607 0.739846
vt 0.556159 0.739690
vt 0.382908 0.740791
vt 0.403198 0.609819
vt 0.403153 0.607068
vt 0.385037 0.606922
vt 0.385073 0.609643
vt 0.336590 0.739836
vt 0.357084 0.740278
vt 0.370072 0.753758
vt 0.349529 0.753753
vt 0.360402 0.610100
vt 0.360415 0.607362
vt 0.340527 0.607748
vt 0.340587 0.610494
vt 0.313960 0.739343
vt 0.315168 0.608180
vt 0.405588 0.662706
vt 0.405590 0.663436
vt 0.385018 0.662705
vt 0.385017 0.663436
vt 0.403338 0.663436
vt 0.403336 0.662705
vt 0.362648 0.662705
vt 0.362648 0.663436
vt 0.382765 0.663436
vt 0.382766 0.662705
vt 0.340564 0.662705
vt 0.340564 0.663436
vt 0.360396 0.663436
vt 0.360396 0.662705
vt 0.317405 0.662705
vt 0.317398 0.663436
vt 0.338312 0.663436
vt 0.338312 0.662705
vt 0.757852 0.706332
vt 0.760823 0.706737
vt 0.830795 0.747433
vt 0.784618 0.748249
vt 0.787550 0.752338
vt 0.830669 0.768559
vt 0.786141 0.739639
vt 0.834933 0.739288
vt 0.792125 0.724253
vt 0.804085 0.775517
vt 0.828963 0.775789
vt 0.841388 0.731621
vt 0.805563 0.679470
vt 0.852894 0.733319
vt 0.846041 0.736797
vt 0.841962 0.740340
vt 0.861667 0.746629
vt 0.859046 0.732449
vt 0.861667 0.732449
vt 0.837647 0.747312
vt 0.839696 0.775530
vt 0.851205 0.776284
vt 0.837608 0.771169
vt 0.861667 0.669584
vt 0.848139 0.726404
vt 0.808693 0.669036
vt 0.859048 0.724840
vt 0.777036 0.748383
vt 0.861667 0.780426
vt 0.861667 0.780219
vt 0.861667 0.776990
vt 0.881248 0.740286
vt 0.877170 0.736744
vt 0.870316 0.733265
vt 0.931085 0.724200
vt 0.917648 0.679416
vt 0.937069 0.739585
vt 0.881823 0.731568
vt 0.935660 0.752285
vt 0.938593 0.748195
vt 0.938592 0.748195
vt 0.888277 0.739235
vt 0.885563 0.747258
vt 0.885602 0.771116
vt 0.883514 0.775477
vt 0.894247 0.775736
vt 0.919125 0.775464
vt 0.872006 0.776230
vt 0.607060 0.165344
vt 0.621611 0.116045
vt 0.593410 0.119536
vt 0.862515 0.000571
vt 0.862515 0.026025
vt 0.862515 0.251574
vt 0.862515 0.572738
vt 0.134720 0.670766
vt 0.862515 0.028282
vt 0.862515 0.108297
vt 0.860857 0.791105
vt 0.860865 0.790457
vt 0.862515 0.311539
vt 0.862515 0.318005
vt 0.862515 0.322703
vt 0.862515 0.344205
vt 0.862515 0.312029
vt 0.450766 0.668876
vt 0.473048 0.668876
vt 0.427641 0.668876
vt 0.475300 0.668876
vt 0.495667 0.668876
vt 0.497919 0.668876
vt 0.517865 0.668876
vt 0.520117 0.668876
vt 0.540135 0.668876
vt 0.542387 0.668876
vt 0.560847 0.668876
vt 0.563099 0.668876
vt 0.582531 0.668876
vt 0.405604 0.668875
vt 0.385011 0.668875
vt 0.403352 0.668875
vt 0.362647 0.668875
vt 0.382759 0.668875
vt 0.340561 0.668875
vt 0.360396 0.668875
vt 0.317406 0.668875
vt 0.338310 0.668875
vt 0.861667 0.724645
vt 0.861543 0.669530
vt 0.914517 0.668983
vt 0.864165 0.732396
vt 0.947767 0.744059
vt 0.947573 0.748095
vt 0.976914 0.737241
vt 0.922758 0.780857
vt 0.936038 0.792408
vt 0.976902 0.741164
vt 0.965065 0.720904
vt 0.941683 0.721269
vt 0.946764 0.748193
vt 0.946299 0.748383
vt 0.922057 0.780426
vt 0.946406 0.744227
vt 0.946976 0.744051
vt 0.940899 0.721238
vt 0.939945 0.721433
vt 0.920756 0.660143
vt 0.878331 0.659554
vt 0.878368 0.660329
vt 0.921399 0.659661
vt 0.871977 0.660357
vt 0.871997 0.659629
vt 0.780770 0.606079
vt 0.780716 0.403237
vt 0.779765 0.403190
vt 0.779996 0.606972
vt 0.348609 0.875296
vt 0.872562 0.652283
vt 0.455907 0.427566
vt 0.448279 0.426743
vt 0.036196 0.426743
vt 0.033281 0.427387
vt 0.031240 0.431886
vt 0.465298 0.431768
vt 0.462887 0.429293
vt 0.448279 0.436888
vt 0.455907 0.436065
vt 0.462887 0.434338
vt 0.033281 0.436244
vt 0.036196 0.436888
vt 0.282389 0.996213
vt 0.283834 0.992598
vt 0.278295 0.954317
vt 0.205937 0.860370
vt 0.243303 0.996884
vt 0.249407 0.861958
vt 0.238456 0.832814
vt 0.126928 0.832689
vt 0.125340 0.847945
vt 0.124465 0.860118
vt 0.892540 0.747433
vt 0.892665 0.768559
vt 0.935784 0.752338
vt 0.938717 0.748249
vt 0.937193 0.739639
vt 0.931209 0.724253
vt 0.888401 0.739288
vt 0.894371 0.775789
vt 0.919249 0.775517
vt 0.881947 0.731621
vt 0.917772 0.679470
vt 0.881372 0.740340
vt 0.877294 0.736797
vt 0.870440 0.733319
vt 0.864289 0.732449
vt 0.885687 0.747312
vt 0.883638 0.775530
vt 0.885726 0.771169
vt 0.872130 0.776284
vt 0.914641 0.669036
vt 0.864286 0.724840
vt 0.875195 0.726404
vt 0.938716 0.748249
vt 0.841838 0.740286
vt 0.845917 0.736744
vt 0.852770 0.733265
vt 0.792001 0.724200
vt 0.805439 0.679416
vt 0.786017 0.739585
vt 0.841264 0.731568
vt 0.787426 0.752285
vt 0.784494 0.748195
vt 0.834809 0.739235
vt 0.837523 0.747258
vt 0.837484 0.771116
vt 0.839572 0.775477
vt 0.828839 0.775736
vt 0.803961 0.775464
vt 0.851081 0.776230
vt 0.808569 0.668983
vt 0.858922 0.732396
vt 0.861667 0.732264
vt 0.861667 0.724652
vt 0.851772 0.759415
vt 0.853417 0.754260
vt 0.857509 0.751283
vt 0.861667 0.750049
vt 0.866441 0.751037
vt 0.870355 0.754253
vt 0.871576 0.759280
vt 0.871439 0.759362
vt 0.869794 0.754207
vt 0.865701 0.751229
vt 0.861543 0.749996
vt 0.852856 0.754199
vt 0.851635 0.759227
vt 0.856769 0.750983
s 1
usemtl 01_-_Default
f 9/15/7 10/16/8 11/17/9
f 12/18/10 13/19/11 14/20/12
f 14/20/12 15/21/13 12/18/10
f 16/22/14 17/23/15 18/24/16
f 18/24/16 19/25/17 16/22/14
f 20/26/18 21/27/19 17/23/15
f 17/23/15 16/22/14 20/26/18
f 22/28/20 23/29/21 24/30/22
f 24/30/22 25/31/23 22/28/20
f 26/29/24 27/32/25 28/33/26
f 28/33/26 29/30/27 26/29/24
f 30/32/28 31/34/29 32/35/30
f 32/35/30 33/33/31 30/32/28
f 34/36/32 35/37/33 36/21/34
f 36/21/34 37/17/35 34/36/32
s 0
f 38/38/36 39/39/36 40/40/36
f 38/38/36 40/40/36 41/41/36
f 38/38/36 41/41/36 42/42/36
s 1
f 43/43/37 44/18/38 36/21/34
f 36/21/34 35/37/33 43/43/37
f 45/44/39 46/22/40 47/25/41
f 47/25/41 48/45/42 45/44/39
f 49/46/43 50/26/44 46/22/40
f 46/22/40 45/44/39 49/46/43
f 51/47/45 52/48/46 53/29/46
f 53/29/46 54/28/45 51/47/45
s 0
f 55/48/47 56/49/47 57/32/47
f 57/32/47 58/29/47 55/48/47
s 1
f 59/50/48 60/34/49 61/32/50
f 61/32/50 62/49/51 59/50/48
f 63/51/52 64/52/53 65/53/54
f 65/53/54 66/54/55 63/51/52
f 67/55/56 68/56/57 69/37/58
f 69/37/58 70/36/59 67/55/56
f 68/56/57 71/57/60 72/58/61
f 72/58/61 73/43/62 68/56/57
f 71/57/60 74/59/63 75/44/64
f 75/44/64 76/45/65 71/57/60
f 74/59/63 77/60/66 78/47/67
f 78/47/67 79/46/68 74/59/63
f 80/61/69 81/62/70 82/63/71
f 83/64/72 84/65/73 85/66/74
f 85/66/74 86/67/75 87/68/76
f 83/64/72 85/66/74 87/68/76
f 88/69/77 89/70/77 90/71/78
f 90/71/78 91/72/79 86/67/75
f 88/69/77 90/71/78 86/67/75
f 88/69/77 86/67/75 85/66/74
s 0
f 92/73/80 93/74/80 94/75/80
s 1
f 94/75/81 95/76/82 96/77/83
f 92/73/84 94/75/81 96/77/83
f 92/73/84 96/77/83 97/78/85
f 98/79/86 99/80/87 100/81/88
f 100/81/88 101/82/89 98/79/86
f 102/83/90 82/63/71 103/84/91
f 103/84/91 104/85/92 102/83/90
f 102/83/90 104/85/92 105/86/93
f 105/86/93 106/87/93 102/83/90
f 81/62/70 103/84/91 82/63/71
f 80/61/69 107/88/94 108/89/95
f 108/89/95 81/62/70 80/61/69
f 109/90/96 110/91/97 111/92/98
f 112/93/99 113/94/100 114/95/101
f 114/95/101 115/96/102 112/93/99
f 116/97/103 114/95/101 113/94/100
f 11/17/9 15/21/13 14/20/12
f 14/20/12 9/15/7 11/17/9
f 117/98/104 118/99/105 34/36/32
f 117/98/104 34/36/32 37/17/35
f 117/98/104 37/17/35 119/16/106
f 70/36/59 120/99/107 121/100/108
s 0
f 122/101/109 123/102/109 124/103/109
f 122/101/109 124/103/109 125/104/109
f 122/101/109 125/104/109 126/105/109
s 1
f 70/36/59 121/100/108 67/55/56
f 44/18/38 43/43/37 127/58/110
f 127/58/110 128/106/111 44/18/38
f 13/19/11 12/18/10 129/106/112
f 129/106/112 130/107/113 13/19/11
f 73/43/62 69/37/58 68/56/57
f 19/25/17 18/24/16 130/107/113
f 130/107/113 129/106/112 19/25/17
f 48/45/42 47/25/41 128/106/111
f 128/106/111 127/58/110 48/45/42
f 76/45/65 72/58/61 71/57/60
f 50/26/44 49/46/43 51/47/45
f 51/47/45 54/28/45 50/26/44
f 21/27/19 20/26/18 22/28/20
f 22/28/20 25/31/23 21/27/19
f 131/108/114 132/109/115 133/110/116
f 133/110/116 134/111/117 131/108/114
f 79/46/68 75/44/64 74/59/63
s 0
f 135/78/118 136/77/118 137/77/118
f 137/77/118 138/78/118 135/78/118
f 139/77/119 140/76/119 141/76/119
f 141/76/119 142/77/119 139/77/119
f 143/78/120 144/78/120 145/73/120
f 145/73/120 146/73/120 143/78/120
f 147/76/121 148/76/121 149/112/121
s 1
f 150/78/122 151/77/85 152/76/123
s 0
f 150/78/124 152/76/124 153/113/124
s 1
f 153/113/125 154/114/126 155/115/127
f 150/78/128 153/113/125 155/115/127
f 150/78/128 155/115/127 156/73/129
f 157/116/130 158/117/131 159/118/132
f 159/118/132 160/119/133 157/116/130
f 161/120/134 162/118/135 163/121/136
f 164/122/137 165/123/138 166/124/139
s 0
f 167/125/140 168/126/140 169/127/140
f 167/125/140 169/127/140 170/128/140
f 167/125/140 170/128/140 171/129/140
s 1
f 172/130/141 173/131/142 174/132/143
f 174/132/143 175/133/144 172/130/141
f 176/134/145 177/135/146 178/136/147
f 178/136/147 179/137/148 176/134/145
f 180/138/149 181/139/150 182/140/151
f 182/140/151 183/141/152 180/138/149
f 184/142/153 185/143/154 186/144/155
f 186/144/155 187/145/156 184/142/153
f 188/146/157 189/147/158 190/148/159
f 190/148/159 191/149/160 188/146/157
f 192/150/161 193/151/162 126/105/109
f 126/105/109 125/104/109 192/150/161
f 83/64/72 87/68/76 193/151/162
f 193/151/162 192/150/161 83/64/72
s 0
f 194/152/163 195/104/163 196/103/163
f 197/103/163 198/153/163 199/152/163
f 200/152/164 201/154/164 202/150/164
f 202/150/164 203/104/164 200/152/164
f 204/154/165 205/155/165 206/64/165
f 206/64/165 207/150/165 204/154/165
s 1
f 208/153/166 209/156/167 210/154/168
f 210/154/168 211/152/109 208/153/166
f 212/157/169 213/158/170 214/159/171
f 214/159/171 215/160/172 212/157/169
f 216/161/173 212/157/169 215/160/172
f 215/160/172 217/162/174 216/161/173
f 218/163/175 216/161/173 217/162/174
f 217/162/174 219/164/176 218/163/175
f 220/165/177 218/163/175 219/164/176
f 219/164/176 221/166/178 220/165/177
f 222/167/179 220/165/177 221/166/178
f 221/166/178 223/168/180 222/167/179
s 0
f 224/169/181 225/170/181 226/158/181
f 227/158/182 228/157/182 229/169/182
f 230/171/183 231/169/183 232/157/183
f 233/157/184 234/161/184 235/171/184
f 236/172/185 237/171/185 238/161/185
f 239/161/186 240/163/186 241/172/186
f 242/173/187 243/172/187 244/163/187
f 245/163/188 246/165/188 247/173/188
f 248/174/189 249/167/189 250/175/189
f 251/175/189 252/176/189 253/174/189
f 254/174/190 255/173/190 256/165/190
f 257/165/191 258/167/191 259/174/191
s 1
f 260/177/192 261/173/193 262/174/194
f 262/174/194 263/176/195 260/177/192
f 264/178/196 265/169/197 266/171/198
f 266/171/198 267/179/199 264/178/196
f 268/50/200 269/49/201 270/180/202
f 270/180/202 269/49/201 271/48/203
f 272/38/204 273/42/205 274/181/206
f 275/182/207 276/159/208 277/183/204
f 277/183/204 278/184/209 275/182/207
f 279/185/210 280/162/211 281/160/212
f 281/160/212 282/186/213 279/185/210
f 283/187/214 284/168/215 285/166/216
f 285/166/216 286/188/217 283/187/214
f 287/189/218 288/110/219 284/168/215
f 284/168/215 283/187/214 287/189/218
f 289/190/220 290/191/221 291/111/222
f 291/111/222 292/192/223 289/190/220
f 293/193/224 294/194/225 295/191/226
f 295/191/226 296/190/227 293/193/224
s 0
f 297/195/228 298/196/228 299/194/228
f 300/194/229 301/193/229 302/195/229
s 1
f 282/186/213 281/160/212 276/159/208
f 276/159/208 275/182/207 282/186/213
f 303/197/230 304/164/231 280/162/211
f 280/162/211 279/185/210 303/197/230
f 286/188/217 285/166/216 304/164/231
f 304/164/231 303/197/230 286/188/217
f 292/192/223 291/111/222 288/110/219
f 288/110/219 287/189/218 292/192/223
s 0
f 305/198/232 306/199/232 307/79/232
f 308/79/233 309/200/233 310/198/233
f 311/201/234 312/202/234 313/203/234
f 314/203/235 315/204/235 316/201/235
f 317/205/236 318/199/236 319/198/236
f 320/198/237 321/206/237 322/205/237
f 323/207/238 324/208/238 325/209/238
f 326/209/239 327/210/239 328/207/239
f 329/211/240 330/212/240 331/210/240
f 332/210/241 333/209/241 334/211/241
f 335/212/242 336/211/242 337/213/242
f 338/213/243 339/214/243 340/212/243
s 1
f 341/90/244 342/63/245 343/83/246
f 343/83/246 344/91/247 341/90/244
f 345/95/248 346/88/249 347/61/250
f 347/61/250 348/96/251 345/95/248
f 349/215/252 350/216/253 351/97/254
f 351/97/254 352/217/255 349/215/252
f 353/218/256 354/219/257 355/220/258
f 355/220/258 356/221/259 353/218/256
f 357/97/260 358/216/261 359/88/262
f 359/88/262 360/95/263 357/97/260
f 361/222/264 362/223/265 363/224/201
f 363/224/201 362/223/265 364/225/266
f 363/224/201 364/225/266 365/226/267
f 363/224/201 365/226/267 366/227/200
f 367/228/268 368/229/269 369/230/270
f 369/230/270 370/231/29 367/228/268
f 371/226/271 372/228/272 373/231/273
f 373/231/273 374/227/274 371/226/271
s 0
f 375/232/275 376/233/275 377/234/275
f 377/234/276 378/235/276 375/232/276
f 379/236/277 380/232/277 381/235/277
f 382/235/228 383/237/228 384/236/228
f 385/238/278 386/239/278 387/34/278
f 387/34/278 388/50/278 385/238/278
f 389/239/279 390/240/279 391/35/279
f 392/35/280 393/34/280 394/239/280
f 395/241/281 396/242/281 397/243/281
f 398/243/282 399/244/282 400/241/282
f 401/242/283 402/245/283 403/246/283
f 403/246/283 404/243/283 401/242/283
f 405/247/284 406/238/284 407/50/284
f 408/50/285 409/180/285 410/247/285
f 411/248/286 412/247/286 413/180/286
f 414/180/287 415/249/287 416/248/287
f 417/250/288 418/248/288 419/249/288
f 420/249/288 421/251/288 422/250/288
f 423/252/289 424/252/289 425/252/289
f 426/252/289 427/252/289 428/252/289
f 429/245/290 430/253/290 431/254/290
f 432/254/291 433/246/291 434/245/291
f 435/255/292 436/256/292 437/257/292
f 438/257/293 439/196/293 440/255/293
f 441/258/294 442/259/294 443/259/294
f 444/259/295 445/258/295 446/258/295
f 447/260/296 448/261/296 449/262/296
f 450/262/297 451/263/297 452/260/297
f 453/264/298 454/255/298 455/196/298
f 456/196/299 457/195/299 458/264/299
f 459/261/300 460/265/300 461/266/300
f 462/266/301 463/262/301 464/261/301
f 465/248/302 466/250/302 467/223/302
f 468/223/302 469/222/302 470/248/302
f 471/247/303 472/248/303 473/222/303
f 474/222/304 475/224/304 476/247/304
f 477/238/305 478/247/305 479/224/305
f 480/224/306 481/227/306 482/238/306
f 483/252/307 484/252/307 485/252/307
f 486/252/307 487/252/307 488/252/307
f 489/253/308 490/245/308 491/226/308
f 492/226/309 493/225/309 494/253/309
f 495/240/310 496/239/310 497/231/310
f 498/231/311 499/230/311 500/240/311
f 501/242/312 502/241/312 503/229/312
f 504/229/313 505/228/313 506/242/313
f 507/239/314 508/238/314 509/227/314
f 509/227/314 510/231/314 507/239/314
f 511/245/315 512/242/315 513/228/315
f 513/228/315 514/226/315 511/245/315
f 515/259/316 516/258/316 517/258/316
f 518/258/317 519/259/317 520/259/317
f 521/256/318 522/255/318 523/235/318
f 524/235/319 525/234/319 526/256/319
f 527/261/320 528/260/320 529/233/320
f 530/233/321 531/232/321 532/261/321
f 533/255/322 534/264/322 535/237/322
f 536/237/323 537/235/323 538/255/323
f 539/265/324 540/261/324 541/232/324
f 542/232/325 543/236/325 544/265/325
s 1
f 112/93/99 115/96/102 109/90/96
f 109/90/96 111/92/98 112/93/99
f 348/96/251 347/61/250 545/63/326
f 545/63/326 546/90/327 348/96/251
f 547/267/328 548/268/329 549/269/330
f 549/269/330 550/267/331 547/267/328
f 551/270/332 552/271/333 553/272/334
f 553/272/334 554/273/332 551/270/332
f 555/274/335 556/275/336 557/276/337
f 557/276/337 558/277/338 555/274/335
f 559/278/339 560/279/340 561/280/341
f 561/280/341 562/281/342 559/278/339
f 560/279/340 563/282/343 564/283/344
f 564/283/344 561/280/341 560/279/340
f 565/277/345 566/276/346 567/284/347
f 567/284/347 568/285/348 565/277/345
f 569/286/349 570/287/350 571/288/351
f 571/288/351 572/289/352 569/286/349
f 573/290/353 574/291/354 575/292/355
f 576/293/356 577/294/357 578/295/358
f 578/295/358 579/296/359 576/293/356
f 580/297/360 581/298/361 582/271/362
f 583/270/363 584/299/364 585/275/365
f 586/273/366 587/300/367 588/301/368
f 580/297/360 582/271/362 583/270/363
f 583/270/363 585/275/365 580/297/360
f 589/299/369 590/270/370 591/273/371
f 591/273/371 592/301/372 589/299/369
f 593/283/373 594/302/374 595/303/375
f 595/303/375 596/280/376 593/283/373
f 597/304/377 598/279/378 599/278/379
f 599/278/379 600/305/380 597/304/377
f 601/302/381 602/283/382 603/282/383
f 603/282/383 604/306/384 601/302/381
f 605/306/385 606/282/386 607/279/387
f 607/279/387 608/304/388 605/306/385
f 609/307/389 610/308/390 581/298/361
f 581/298/361 580/297/360 609/307/389
f 611/294/391 612/293/392 613/309/393
f 613/309/393 614/310/394 615/311/395
f 611/294/391 613/309/393 615/311/395
f 616/312/396 617/313/397 618/314/398
f 616/312/396 618/314/398 619/315/399
f 616/312/396 619/315/399 620/316/400
f 621/317/401 616/312/396 622/318/402
f 621/317/401 622/318/402 614/310/394
f 614/310/394 613/309/393 623/319/403
f 621/317/401 614/310/394 623/319/403
f 621/317/401 624/320/404 616/312/396
f 624/320/404 617/313/397 616/312/396
f 625/321/405 626/322/406 627/323/407
f 627/323/407 628/324/408 625/321/405
f 629/325/409 630/326/410 631/327/411
f 626/322/406 632/328/412 633/329/413
f 633/329/413 627/323/407 626/322/406
f 632/328/412 630/326/410 629/325/409
f 629/325/409 633/329/413 632/328/412
f 634/330/414 635/331/415 636/332/416
f 637/333/417 638/334/418 559/278/339
f 559/278/339 562/281/342 637/333/417
f 639/335/419 640/335/420 641/335/421
f 641/335/421 642/335/422 639/335/419
f 643/336/423 644/337/424 638/334/418
f 638/334/418 637/333/417 643/336/423
f 645/335/425 646/335/426 640/335/420
f 640/335/420 639/335/419 645/335/425
f 647/338/427 648/339/428 649/208/429
f 650/335/430 651/335/431 652/340/432
f 653/341/433 654/305/434 655/278/435
f 655/278/435 656/334/436 653/341/433
f 657/342/437 653/341/433 656/334/436
f 656/334/436 658/337/438 657/342/437
s 0
f 659/338/439 660/208/439 661/342/439
s 1
f 662/343/440 663/286/441 664/289/442
f 664/289/442 665/344/443 662/343/440
f 666/345/444 662/343/440 665/344/443
f 665/344/443 667/346/445 666/345/444
f 668/347/446 669/315/447 670/314/448
f 671/348/449 547/267/328 550/267/331
f 550/267/331 672/314/450 671/348/449
f 669/315/447 673/349/451 674/350/452
f 668/347/446 673/349/451 669/315/447
f 674/350/452 675/351/453 669/315/447
f 669/315/447 675/351/453 676/53/454
f 676/53/454 677/52/455 669/315/447
f 678/246/456 679/352/457 680/353/458
f 680/353/458 681/243/459 678/246/456
f 682/354/460 683/355/461 684/356/462
f 685/357/463 686/358/464 687/359/465
f 688/360/466 689/361/467 685/357/463
f 685/357/463 687/359/465 688/360/466
f 690/362/468 691/363/469 689/361/467
f 689/361/467 688/360/466 690/362/468
f 692/364/470 693/365/471 691/363/469
f 691/363/469 690/362/468 692/364/470
f 694/366/47 695/367/472 693/365/471
f 693/365/471 692/364/470 694/366/47
f 694/366/47 696/368/473 697/369/474
f 697/369/474 695/367/472 694/366/47
f 696/368/473 698/370/475 699/371/476
f 699/371/476 697/369/474 696/368/473
f 698/370/475 700/372/477 701/373/478
f 701/373/478 699/371/476 698/370/475
f 700/372/477 683/355/461 682/354/460
f 682/354/460 701/373/478 700/372/477
f 686/358/464 702/374/479 687/359/465
f 688/360/466 687/359/465 702/374/479
f 702/374/479 703/375/480 688/360/466
f 690/362/468 688/360/466 703/375/480
f 703/375/480 704/376/481 690/362/468
f 692/364/470 690/362/468 704/376/481
f 704/376/481 705/377/482 692/364/470
f 694/366/47 692/364/470 705/377/482
f 705/377/482 706/378/483 694/366/47
f 707/379/484 696/368/473 694/366/47
f 694/366/47 706/378/483 707/379/484
f 708/380/485 698/370/475 696/368/473
f 696/368/473 707/379/484 708/380/485
f 709/381/486 700/372/477 698/370/475
f 698/370/475 708/380/485 709/381/486
f 710/382/487 683/355/461 700/372/477
f 700/372/477 709/381/486 710/382/487
f 683/355/461 710/382/487 684/356/462
f 711/383/488 712/384/489 713/385/490
f 713/385/490 714/386/491 711/383/488
f 715/387/492 711/383/488 714/386/491
f 714/386/491 716/388/493 715/387/492
f 717/389/494 715/387/492 716/388/493
f 716/388/493 718/390/495 717/389/494
f 718/390/495 719/391/496 720/392/497
f 718/390/495 720/392/497 721/393/498
f 718/390/495 721/393/498 717/389/494
f 722/394/499 720/392/497 719/391/496
f 719/391/496 723/395/500 722/394/499
f 722/394/499 723/395/500 724/396/501
f 724/396/501 725/397/502 722/394/499
f 725/397/502 724/396/501 726/398/503
f 726/398/503 727/399/504 725/397/502
f 728/400/505 726/398/503 729/401/506
f 729/401/506 730/402/507 728/400/505
f 731/403/508 732/404/509 733/405/510
f 731/403/508 733/405/510 730/402/507
f 731/403/508 730/402/507 729/401/506
f 732/404/509 731/403/508 734/406/511
f 734/406/511 735/407/512 732/404/509
f 736/404/513 737/407/514 738/406/515
f 738/406/515 739/403/516 736/404/513
f 740/402/517 736/404/513 739/403/516
f 739/403/516 741/401/518 740/402/517
f 742/400/519 740/402/517 741/401/518
f 741/401/518 743/398/520 742/400/519
f 744/397/521 742/400/519 743/398/520
f 743/398/520 745/396/522 744/397/521
f 746/394/523 744/397/521 745/396/522
f 745/396/522 747/395/524 746/394/523
f 746/394/523 747/395/524 748/391/525
f 748/391/525 749/392/526 746/394/523
f 749/392/526 748/391/525 750/390/527
f 750/390/527 751/389/528 749/392/526
f 751/389/528 750/390/527 752/388/529
f 752/388/529 753/387/530 751/389/528
f 753/387/530 752/388/529 754/408/531
f 754/408/531 755/409/532 753/387/530
f 755/409/532 754/408/531 756/385/533
f 756/385/533 757/384/534 755/409/532
f 758/385/535 759/410/536 760/411/537
f 760/411/537 761/386/538 758/385/535
f 761/386/538 760/411/537 762/412/539
f 762/412/539 763/388/540 761/386/538
f 763/388/540 762/412/539 764/413/541
f 764/413/541 765/390/542 763/388/540
f 765/390/542 764/413/541 766/414/543
f 766/414/543 767/391/543 765/390/542
f 767/391/543 766/414/543 768/415/544
f 768/415/544 769/395/544 767/391/543
f 769/395/544 768/415/544 770/416/545
f 770/416/545 771/396/545 769/395/544
f 771/396/545 770/416/545 772/417/546
f 772/417/546 773/398/547 771/396/545
f 773/398/547 772/417/546 774/418/548
f 774/418/548 775/401/549 773/398/547
f 775/401/549 774/418/548 776/419/550
f 776/419/550 777/403/551 775/401/549
f 777/403/551 776/419/550 778/420/552
f 778/420/552 779/406/553 777/403/551
f 780/406/554 781/420/555 782/419/556
f 782/419/556 783/403/557 780/406/554
f 783/403/557 782/419/556 784/418/558
f 784/418/558 785/401/559 783/403/557
f 785/401/559 784/418/558 786/417/560
f 786/417/560 787/398/561 785/401/559
f 787/398/561 786/417/560 788/416/562
f 788/416/562 789/396/562 787/398/561
f 789/396/562 788/416/562 790/415/563
f 790/415/563 791/395/563 789/396/562
f 791/395/563 790/415/563 792/414/564
f 792/414/564 793/391/564 791/395/563
f 793/391/564 792/414/564 794/413/565
f 794/413/565 795/390/566 793/391/564
f 795/390/566 794/413/565 796/412/567
f 796/412/567 797/388/568 795/390/566
f 797/388/568 796/412/567 798/421/569
f 798/421/569 799/408/570 797/388/568
f 799/408/570 798/421/569 800/410/571
f 800/410/571 801/385/572 799/408/570
f 802/422/573 803/423/574 711/383/488
f 711/383/488 715/387/492 802/422/573
f 804/424/575 802/422/573 715/387/492
f 715/387/492 717/389/494 804/424/575
f 805/425/576 721/393/498 720/392/497
f 720/392/497 806/426/577 805/425/576
f 807/427/578 806/426/577 720/392/497
f 720/392/497 722/394/499 807/427/578
f 808/428/579 807/427/578 722/394/499
f 722/394/499 725/397/502 808/428/579
f 809/429/580 810/430/581 733/405/510
f 733/405/510 732/404/509 809/429/580
f 811/431/582 812/432/583 737/407/514
f 737/407/514 736/404/513 811/431/582
f 813/433/584 814/434/585 740/402/517
f 740/402/517 742/400/519 813/433/584
f 815/435/586 813/433/584 742/400/519
f 742/400/519 744/397/521 815/435/586
f 816/436/587 815/435/586 744/397/521
f 744/397/521 746/394/523 816/436/587
f 817/437/588 818/438/589 749/392/526
f 749/392/526 751/389/528 817/437/588
f 819/439/590 817/437/588 751/389/528
f 751/389/528 753/387/530 819/439/590
f 820/440/591 819/439/590 753/387/530
f 753/387/530 755/409/532 820/440/591
f 821/441/592 820/440/591 755/409/532
f 755/409/532 757/384/534 821/441/592
f 803/423/574 822/441/593 712/384/489
f 712/384/489 711/383/488 803/423/574
f 823/442/594 808/428/579 725/397/502
f 725/397/502 727/399/504 823/442/594
f 810/430/581 824/443/595 728/400/505
f 728/400/505 730/402/507 810/430/581
f 825/432/596 809/429/580 732/404/509
f 732/404/509 735/407/512 825/432/596
f 814/434/585 811/431/582 736/404/513
f 736/404/513 740/402/517 814/434/585
f 818/438/589 816/436/587 746/394/523
f 746/394/523 749/392/526 818/438/589
f 726/398/503 728/400/505 727/399/504
f 824/443/595 823/442/594 727/399/504
f 727/399/504 728/400/505 824/443/595
s 0
f 826/293/597 827/444/597 828/309/597
s 1
f 628/324/408 635/331/415 634/330/414
f 634/330/414 625/321/405 628/324/408
f 576/293/356 579/296/359 829/444/598
f 830/445/599 831/446/599 832/447/600
f 832/447/600 833/448/601 830/445/599
f 834/298/602 835/290/603 553/272/334
f 553/272/334 552/271/333 834/298/602
f 574/291/354 573/290/353 836/298/604
f 836/298/604 837/308/605 574/291/354
s 0
f 838/292/606 839/291/606 840/262/606
f 841/262/607 842/266/607 843/292/607
s 1
f 844/449/608 845/307/609 846/450/610
f 846/450/610 847/451/611 844/449/608
f 848/288/612 849/287/613 850/452/614
f 850/452/614 851/453/615 848/288/612
f 852/454/616 853/455/617 854/219/618
f 854/219/618 855/218/619 852/454/616
s 0
f 856/456/620 857/457/620 858/458/620
f 859/458/621 860/459/621 861/456/621
s 1
f 862/460/622 863/461/623 864/462/624
f 864/462/624 865/463/625 862/460/622
f 555/274/335 866/461/626 556/275/336
f 671/348/449 548/268/329 547/267/328
f 556/275/336 866/461/626 867/460/627
f 868/297/628 556/275/336 869/79/629
f 869/79/629 870/199/630 868/297/628
f 867/460/627 871/80/631 556/275/336
f 871/80/631 869/79/629 556/275/336
f 870/199/630 872/203/632 868/297/628
f 873/202/633 874/450/634 868/297/628
f 872/203/632 873/202/633 868/297/628
f 874/450/634 875/307/635 868/297/628
f 876/464/636 877/465/637 878/330/638
f 878/330/638 879/332/639 876/464/636
f 880/466/640 881/467/641 882/322/642
f 882/322/642 883/321/643 880/466/640
f 881/467/641 884/468/644 885/327/645
f 885/327/645 886/326/646 881/467/641
f 887/328/647 882/322/642 881/467/641
f 886/326/646 887/328/647 881/467/641
f 877/465/637 880/466/640 883/321/643
f 883/321/643 878/330/638 877/465/637
f 888/469/648 889/470/649 548/268/329
f 548/268/329 890/471/650 891/295/651
f 892/244/652 893/243/653 894/353/654
f 892/244/652 894/353/654 895/472/655
f 892/244/652 895/472/655 896/473/656
f 896/473/656 549/269/330 548/268/329
f 892/244/652 896/473/656 548/268/329
f 892/244/652 548/268/329 891/295/651
f 897/474/657 898/475/658 899/466/659
f 899/466/659 900/465/660 897/474/657
f 897/474/657 900/465/660 901/464/661
f 889/470/649 902/476/662 903/477/663
f 889/470/649 903/477/663 890/471/650
f 889/470/649 890/471/650 548/268/329
f 899/466/659 898/475/658 904/478/664
f 899/466/659 904/478/664 905/468/665
f 899/466/659 905/468/665 906/467/666
s 0
f 907/217/667 908/220/667 909/219/667
f 910/219/668 911/215/668 912/217/668
s 1
f 617/313/397 913/268/669 618/314/398
s 0
f 914/345/670 915/346/670 916/479/670
s 1
f 917/480/671 918/291/672 919/308/673
f 917/480/671 919/308/673 845/307/609
f 917/480/671 845/307/609 920/481/674
f 845/307/609 844/449/608 921/482/675
f 845/307/609 921/482/675 922/483/676
f 845/307/609 922/483/676 920/481/674
f 923/484/677 924/485/678 925/486/679
s 0
f 925/486/679 926/194/679 917/480/680
s 1
f 923/484/677 925/486/679 917/480/681
f 926/194/682 927/196/276 928/257/683
f 929/262/684 918/291/672 917/480/671
f 930/263/685 929/262/684 917/480/671
f 928/257/683 930/263/685 917/480/671
f 926/194/682 928/257/683 917/480/671
f 931/487/686 932/488/687 933/484/688
f 933/484/688 934/480/689 931/487/686
f 935/489/690 936/490/691 937/483/692
f 937/483/692 938/482/693 935/489/690
f 936/490/691 939/491/694 940/481/695
f 940/481/695 937/483/692 936/490/691
f 941/490/696 942/489/697 943/492/698
f 944/493/699 945/494/700 946/495/701
f 946/495/701 947/496/702 944/493/699
f 948/497/703 944/493/699 947/496/702
f 947/496/702 949/498/704 948/497/703
f 950/487/705 951/480/706 940/481/695
f 952/495/707 953/494/708 954/499/709
f 939/491/694 952/495/707 954/499/709
f 939/491/694 954/499/709 955/500/710
f 940/481/695 939/491/694 955/500/710
f 950/487/705 940/481/695 955/500/710
f 956/501/711 957/502/712 958/494/713
f 958/494/713 959/493/714 956/501/711
f 956/501/711 959/493/714 960/497/715
f 960/497/715 961/503/716 956/501/711
f 962/504/717 963/505/718 964/488/719
f 964/488/719 965/487/720 962/504/717
f 966/506/721 962/504/717 965/487/720
f 965/487/720 967/500/721 966/506/721
f 968/507/722 969/506/723 970/500/724
f 970/500/724 971/499/725 968/507/722
f 957/502/712 972/507/726 973/499/727
f 973/499/727 958/494/713 957/502/712
f 974/508/728 975/509/729 976/510/730
f 976/510/730 977/511/731 974/508/728
f 978/509/732 979/512/733 980/513/734
f 980/513/734 981/510/735 978/509/732
f 980/513/734 979/512/733 982/514/736
f 982/514/736 983/515/737 980/513/734
f 984/254/738 985/251/739 986/516/740
f 986/516/740 987/517/741 988/518/742
f 988/518/742 989/352/743 990/246/744
f 986/516/740 988/518/742 990/246/744
f 984/254/738 986/516/740 990/246/744
f 991/519/745 992/520/746 993/521/747
f 993/521/747 994/519/748 991/519/745
f 995/522/749 991/519/745 994/519/748
f 994/519/748 996/523/750 995/522/749
f 997/520/751 998/519/752 999/524/753
f 1000/525/754 1001/526/755 998/519/752
f 998/519/752 1002/522/756 1000/525/754
f 1003/526/757 1004/527/758 1005/528/759
f 1005/528/759 1006/526/760 1003/526/757
f 1007/529/761 1003/526/757 1006/526/760
f 1006/526/760 1008/525/762 1007/529/761
f 1009/519/763 1010/530/764 1011/527/765
f 1011/527/765 1012/526/766 1009/519/763
f 1013/523/767 1009/519/763 1012/526/766
f 1012/526/766 1014/529/768 1013/523/767
f 1015/531/769 1016/532/770 1017/533/771
f 1017/533/771 1018/531/772 1015/531/769
f 1019/534/773 1015/531/769 1018/531/772
f 1018/531/772 1020/535/774 1019/534/773
f 1021/532/775 1022/531/776 1023/536/777
f 1024/537/778 1025/538/779 1022/531/776
f 1022/531/776 1026/534/780 1024/537/778
f 1027/538/781 1028/539/782 1029/540/783
f 1029/540/783 1030/538/784 1027/538/781
f 1031/531/785 1032/541/786 1033/539/787
f 1033/539/787 1034/538/788 1031/531/785
f 1035/535/789 1031/531/785 1034/538/788
f 1034/538/788 1036/542/790 1035/535/789
f 1037/543/791 1027/538/781 1030/538/784
f 1030/538/784 1038/537/792 1037/543/791
s 0
f 1039/542/793 1040/538/793 1041/543/793
s 1
f 1042/544/794 1043/545/795 1044/546/796
f 1044/546/796 1045/51/797 1042/544/794
f 1046/547/798 1047/548/799 1048/549/800
f 1048/549/800 1049/550/801 1050/551/802
f 1050/551/802 1051/552/803 1052/553/804
f 1048/549/800 1050/551/802 1052/553/804
f 1048/549/800 1052/553/804 1053/554/805
f 1046/547/798 1048/549/800 1053/554/805
f 1031/531/785 1054/533/806 1032/541/786
f 1055/540/807 1023/536/777 1022/531/776
f 1022/531/776 1025/538/779 1055/540/807
f 1056/528/808 999/524/753 998/519/752
f 998/519/752 1001/526/755 1056/528/808
f 1009/519/763 1057/521/809 1010/530/764
f 1058/555/810 1059/556/811 1060/557/812
f 1058/555/810 1060/557/812 1061/558/813
f 1061/558/813 1062/559/814 1063/560/815
f 1058/555/810 1061/558/813 1063/560/815
f 1058/555/810 1063/560/815 1064/561/332
f 1065/562/816 1066/563/332 1067/564/817
f 1065/562/816 1067/564/817 1061/558/813
f 1061/558/813 1060/557/812 1068/565/818
f 1065/562/816 1061/558/813 1068/565/818
f 1065/562/816 1068/565/818 1069/566/819
f 1070/567/820 1071/568/821 1072/569/822
f 1072/569/822 1073/570/823 1070/567/820
f 1074/571/824 1075/572/825 1076/573/826
f 1076/573/826 1077/574/827 1074/571/824
f 1078/575/828 1079/576/829 1080/577/830
f 1080/577/830 1081/578/831 1078/575/828
f 1082/579/832 1083/580/833 1084/581/834
f 1082/579/832 1084/581/834 1085/582/835
f 1082/579/832 1085/582/835 1086/583/836
f 1077/574/827 1087/584/837 1088/585/838
f 1077/574/827 1088/585/838 1089/586/839
f 1077/574/827 1089/586/839 1074/571/824
f 1088/585/838 1087/584/837 1090/587/840
f 1090/587/840 1091/588/841 1088/585/838
f 1081/578/831 1080/577/830 1085/582/835
f 1085/582/835 1084/581/834 1081/578/831
f 1092/589/842 1093/590/843 1094/591/844
f 1094/591/844 1095/592/845 1092/589/842
f 1096/593/846 1097/567/847 1098/570/848
f 1098/570/848 1099/594/849 1096/593/846
f 1078/575/828 1100/595/850 1101/577/851
f 1101/577/851 1079/576/829 1078/575/828
f 1071/568/821 1102/589/852 1103/592/853
f 1103/592/853 1072/569/822 1071/568/821
f 1104/580/854 1105/579/855 1106/596/856
f 1104/580/854 1106/596/856 1107/597/857
f 1104/580/854 1107/597/857 1108/598/858
f 1109/599/859 1110/600/860 1111/601/861
f 1109/599/859 1111/601/861 1112/602/862
f 1109/599/859 1112/602/862 1113/603/863
f 1109/599/859 1113/603/863 1114/586/864
f 1115/604/865 1116/605/866 1117/606/867
f 1115/604/865 1117/606/867 1118/590/868
f 1115/604/865 1118/590/868 1119/589/869
f 1120/567/870 1121/593/871 1122/607/872
f 1120/567/870 1122/607/872 1123/608/873
f 1120/567/870 1123/608/873 1124/609/874
f 1125/610/875 1126/611/876 1127/612/877
f 1127/612/877 1128/613/878 1125/610/875
f 1129/614/879 1130/615/880 1131/616/881
f 1131/616/881 1132/617/882 1129/614/879
f 1133/618/883 1134/619/884 1135/620/885
f 1135/620/885 1136/621/886 1133/618/883
f 1137/622/887 1138/623/888 1139/624/889
f 1139/624/889 1140/625/890 1137/622/887
f 1126/611/876 1141/626/891 1142/627/892
f 1142/627/892 1127/612/877 1126/611/876
f 1143/628/893 1133/618/883 1136/621/886
f 1136/621/886 1144/629/894 1143/628/893
f 1145/630/895 1143/628/893 1144/629/894
f 1144/629/894 1146/631/896 1145/630/895
f 1141/626/891 1137/622/887 1140/625/890
f 1140/625/890 1142/627/892 1141/626/891
f 1147/632/897 1125/610/875 1128/613/878
f 1128/613/878 1148/633/898 1147/632/897
f 1134/619/884 1129/614/879 1132/617/882
f 1132/617/882 1135/620/885 1134/619/884
f 1138/623/888 1145/630/895 1146/631/896
f 1146/631/896 1139/624/889 1138/623/888
f 1130/615/880 1147/632/897 1148/633/898
f 1148/633/898 1131/616/881 1130/615/880
f 1149/634/899 1104/580/854 1108/598/858
f 1108/598/858 1150/635/900 1149/634/899
f 1151/636/901 1152/637/902 1149/634/899
f 1149/634/899 1150/635/900 1151/636/901
f 1153/638/903 1152/637/902 1151/636/901
f 1151/636/901 1154/635/904 1153/638/903
f 1109/599/859 1114/586/864 1155/639/905
f 1155/639/905 1156/640/906 1109/599/859
f 1157/641/907 1158/642/908 1159/580/909
f 1159/580/909 1160/634/910 1157/641/907
f 1161/643/911 1162/641/912 1163/634/913
f 1163/634/913 1164/637/914 1161/643/911
f 1165/644/915 1161/643/911 1164/637/914
f 1164/637/914 1166/638/916 1165/644/915
f 1167/642/917 1168/644/918 1169/638/919
f 1169/638/919 1170/580/920 1167/642/917
f 1171/642/921 1172/645/922 1173/581/923
f 1173/581/923 1174/580/924 1171/642/921
f 1175/645/925 1176/646/926 1177/578/927
f 1177/578/927 1178/581/928 1175/645/925
f 1176/646/926 1179/647/929 1180/575/930
f 1180/575/930 1177/578/927 1176/646/926
f 1179/647/929 1181/648/931 1182/595/932
f 1182/595/932 1180/575/930 1179/647/929
f 1183/649/933 1184/642/934 1185/580/935
f 1185/580/935 1186/650/936 1183/649/933
f 1182/595/932 1181/648/931 1187/649/937
f 1187/649/937 1188/650/938 1182/595/932
f 1189/651/939 1190/652/940 1191/653/941
f 1191/653/941 1192/654/942 1189/651/939
f 1189/651/939 1193/655/943 1190/652/940
f 1194/656/944 1195/657/945 1196/658/946
f 1197/659/947 1198/660/948 1196/658/946
f 1196/658/946 1195/657/945 1197/659/947
f 1199/661/949 1190/652/940 1193/655/943
f 1193/655/943 1200/662/950 1199/661/949
f 1199/661/949 1201/663/951 1191/653/941
f 1191/653/941 1190/652/940 1199/661/949
f 1196/658/946 1198/660/948 1202/664/951
f 1202/664/951 1203/665/952 1196/658/946
f 1203/665/952 1204/666/950 1194/656/944
f 1194/656/944 1196/658/946 1203/665/952
s 0
f 1205/667/953 1206/668/953 1207/669/953
s 1
f 1208/670/954 1209/671/955 1210/672/956
f 1210/672/956 1211/673/957 1208/670/954
f 1212/674/958 1213/670/959 1214/673/960
f 1214/673/960 1215/675/961 1212/674/958
f 1216/676/962 1217/677/963 1218/678/964
f 1218/678/964 1219/679/965 1216/676/962
f 1220/680/966 1221/681/967 1222/682/968
f 1222/682/968 1223/669/969 1220/680/966
f 1224/671/970 1225/683/971 1226/668/972
f 1226/668/972 1227/672/973 1224/671/970
f 1217/677/963 1212/674/958 1215/675/961
f 1215/675/961 1218/678/964 1217/677/963
f 1221/681/967 1216/676/962 1219/679/965
f 1219/679/965 1222/682/968 1221/681/967
f 1225/683/971 1220/680/966 1223/669/969
f 1223/669/969 1226/668/972 1225/683/971
f 1228/684/974 1229/685/975 1230/686/976
f 1230/686/976 1231/687/977 1232/688/978
f 1228/684/974 1230/686/976 1232/688/978
f 1232/688/978 1233/689/979 1234/690/980
f 1228/684/974 1232/688/978 1234/690/980
f 1228/684/974 1234/690/980 1235/691/981
f 1236/679/982 1237/678/983 1238/692/984
f 1236/679/982 1238/692/984 1239/693/985
f 1239/693/985 1240/694/986 1241/682/987
f 1236/679/982 1239/693/985 1241/682/987
f 1242/695/988 1243/696/989 1244/611/989
f 1244/611/989 1245/610/990 1242/695/988
f 1246/697/991 1247/698/992 1248/615/993
f 1248/615/993 1249/614/994 1246/697/991
f 1250/699/995 1251/700/996 1252/619/997
f 1252/619/997 1253/618/995 1250/699/995
f 1254/701/998 1255/702/999 1256/623/1000
f 1256/623/1000 1257/622/1001 1254/701/998
f 1258/696/1002 1259/703/1003 1260/626/1004
f 1260/626/1004 1261/611/1005 1258/696/1002
f 1262/704/1006 1263/699/1007 1264/618/1008
f 1264/618/1008 1265/628/1009 1262/704/1006
f 1266/705/1010 1267/704/1011 1268/628/1012
f 1268/628/1012 1269/630/1013 1266/705/1010
f 1270/703/1014 1254/701/998 1257/622/1001
f 1257/622/1001 1271/626/1015 1270/703/1014
f 1272/706/1016 1242/695/988 1245/610/990
f 1245/610/990 1273/632/1017 1272/706/1016
f 1251/700/996 1274/697/1018 1275/614/1019
f 1275/614/1019 1252/619/997 1251/700/996
f 1255/702/999 1266/705/1010 1269/630/1013
f 1269/630/1013 1256/623/1000 1255/702/999
f 1247/698/992 1276/706/1020 1277/632/1021
f 1277/632/1021 1248/615/993 1247/698/992
f 1278/707/1022 1279/708/1022 1280/696/1023
s 0
f 1280/696/1024 1281/695/1024 1278/707/1025
f 1282/709/85 1283/710/85 1284/698/85
f 1284/698/85 1285/697/85 1282/709/85
s 1
f 1286/711/1026 1287/712/1027 1288/700/1023
f 1288/700/1023 1289/699/1028 1286/711/1026
f 1290/713/1029 1291/714/1030 1292/702/1030
f 1292/702/1030 1293/701/1031 1290/713/1029
s 0
f 1279/708/85 1294/715/85 1295/703/85
f 1295/703/85 1280/696/85 1279/708/85
s 1
f 1296/716/1032 1286/711/1026 1289/699/1028
f 1289/699/1028 1297/704/1033 1296/716/1032
f 1298/717/1034 1296/716/1032 1297/704/1033
f 1297/704/1033 1299/705/1035 1298/717/1034
f 1294/715/85 1290/713/1029 1293/701/1031
f 1293/701/1031 1295/703/85 1294/715/85
s 0
f 1300/718/85 1278/707/85 1281/695/85
f 1281/695/85 1301/706/85 1300/718/85
f 1287/712/85 1282/709/85 1285/697/85
f 1285/697/85 1288/700/85 1287/712/85
s 1
f 1291/714/1030 1298/717/1034 1299/705/1035
f 1299/705/1035 1292/702/1030 1291/714/1030
s 0
f 1283/710/85 1300/718/85 1301/706/85
f 1301/706/85 1284/698/85 1283/710/85
s 1
f 1302/707/1036 1303/708/1037 1304/708/1037
f 1304/708/1037 1305/707/1036 1302/707/1036
f 1306/709/1038 1307/710/1039 1308/710/1039
f 1308/710/1039 1309/709/1038 1306/709/1038
f 1310/711/1040 1311/712/1041 1312/712/1041
f 1312/712/1041 1313/711/1042 1310/711/1040
f 1314/713/1043 1315/714/1044 1316/714/1045
f 1316/714/1045 1317/713/1043 1314/713/1043
f 1303/708/1037 1318/715/1046 1319/715/1046
f 1319/715/1046 1304/708/1037 1303/708/1037
f 1320/716/1047 1310/711/1040 1313/711/1042
f 1313/711/1042 1321/716/1048 1320/716/1047
f 1322/717/1049 1320/716/1047 1321/716/1048
f 1321/716/1048 1323/717/1049 1322/717/1049
f 1318/715/1046 1324/713/1050 1325/713/1051
f 1325/713/1051 1319/715/1046 1318/715/1046
s 0
f 1326/718/1052 1327/707/1052 1328/707/1052
f 1328/707/1052 1329/718/1052 1326/718/1052
s 1
f 1311/712/1041 1330/709/1053 1331/709/1053
f 1331/709/1053 1312/712/1041 1311/712/1041
f 1315/714/1044 1332/717/1054 1333/717/1054
f 1333/717/1054 1316/714/1045 1315/714/1044
f 1307/710/1039 1334/718/1055 1335/718/1055
f 1335/718/1055 1308/710/1039 1307/710/1039
f 1336/713/1056 1337/715/85 1338/708/85
s 0
f 1338/708/85 1339/707/85 1340/718/85
f 1340/718/85 1341/710/85 1342/709/85
f 1338/708/85 1340/718/85 1342/709/85
s 1
f 1342/709/85 1343/712/85 1344/711/1057
f 1344/711/1057 1345/716/1058 1346/717/1059
f 1342/709/85 1344/711/1057 1346/717/1059
f 1338/708/85 1342/709/85 1346/717/1059
f 1336/713/1056 1338/708/85 1346/717/1059
f 1336/713/1056 1346/717/1059 1347/714/1060
f 1348/719/1061 1349/720/1062 1350/721/1063
f 1350/721/1063 1351/722/1064 1348/719/1061
f 1352/723/1065 1348/719/1061 1351/722/1064
f 1351/722/1064 1353/724/1066 1352/723/1065
f 1354/725/1067 1352/723/1065 1353/724/1066
f 1353/724/1066 1355/726/1068 1354/725/1067
f 1356/727/1069 1354/725/1067 1355/726/1068
f 1355/726/1068 1357/728/1070 1356/727/1069
f 1358/729/1071 1356/727/1069 1357/728/1070
f 1357/728/1070 1359/730/1072 1358/729/1071
f 1360/731/1073 1358/729/1071 1359/730/1072
f 1359/730/1072 1361/732/1074 1360/731/1073
f 1362/733/1075 1360/731/1073 1361/732/1074
f 1361/732/1074 1363/734/1076 1362/733/1075
f 1364/735/1077 1362/733/1075 1363/734/1076
f 1363/734/1076 1365/736/1078 1364/735/1077
f 1366/737/1079 1364/735/1077 1365/736/1078
f 1365/736/1078 1367/738/1080 1366/737/1079
f 1368/739/1081 1366/737/1079 1367/738/1080
f 1367/738/1080 1369/740/1082 1368/739/1081
f 1370/741/1083 1368/739/1081 1369/740/1082
f 1369/740/1082 1371/742/1084 1370/741/1083
f 1372/743/1085 1370/741/1083 1371/742/1084
f 1371/742/1084 1373/744/1086 1372/743/1085
f 1374/745/1087 1372/743/1085 1373/744/1086
f 1373/744/1086 1375/746/1088 1374/745/1087
f 1376/747/1089 1374/745/1087 1375/746/1088
f 1375/746/1088 1377/748/1090 1376/747/1089
f 1349/720/1062 1376/747/1089 1377/748/1090
f 1377/748/1090 1350/721/1063 1349/720/1062
f 1378/749/1091 1379/750/1092 1349/720/1062
f 1349/720/1062 1348/719/1061 1378/749/1091
f 1380/751/1093 1378/749/1091 1348/719/1061
f 1348/719/1061 1352/723/1065 1380/751/1093
f 1381/752/1094 1380/751/1093 1352/723/1065
f 1352/723/1065 1354/725/1067 1381/752/1094
f 1382/753/1095 1381/752/1094 1354/725/1067
f 1354/725/1067 1356/727/1069 1382/753/1095
f 1383/754/1096 1382/753/1095 1356/727/1069
f 1356/727/1069 1358/729/1071 1383/754/1096
f 1384/755/1097 1383/754/1096 1358/729/1071
f 1358/729/1071 1360/731/1073 1384/755/1097
f 1385/756/1098 1384/755/1097 1360/731/1073
f 1360/731/1073 1362/733/1075 1385/756/1098
f 1386/757/1099 1385/756/1098 1362/733/1075
f 1362/733/1075 1364/735/1077 1386/757/1099
f 1387/758/1100 1386/757/1099 1364/735/1077
f 1364/735/1077 1366/737/1079 1387/758/1100
f 1388/759/1101 1387/758/1100 1366/737/1079
f 1366/737/1079 1368/739/1081 1388/759/1101
f 1389/760/1102 1388/759/1101 1368/739/1081
f 1368/739/1081 1370/741/1083 1389/760/1102
f 1390/761/1103 1389/760/1102 1370/741/1083
f 1370/741/1083 1372/743/1085 1390/761/1103
f 1391/762/1104 1390/761/1103 1372/743/1085
f 1372/743/1085 1374/745/1087 1391/762/1104
f 1392/763/1105 1391/762/1104 1374/745/1087
f 1374/745/1087 1376/747/1089 1392/763/1105
f 1379/750/1092 1392/763/1105 1376/747/1089
f 1376/747/1089 1349/720/1062 1379/750/1092
f 1393/764/1106 1394/765/1107 1379/750/1092
f 1379/750/1092 1378/749/1091 1393/764/1106
f 1395/766/1108 1393/764/1106 1378/749/1091
f 1378/749/1091 1380/751/1093 1395/766/1108
f 1396/767/1109 1395/766/1108 1380/751/1093
f 1380/751/1093 1381/752/1094 1396/767/1109
f 1397/768/1110 1396/767/1109 1381/752/1094
f 1381/752/1094 1382/753/1095 1397/768/1110
f 1398/769/1111 1397/768/1110 1382/753/1095
f 1382/753/1095 1383/754/1096 1398/769/1111
f 1399/770/1112 1398/769/1111 1383/754/1096
f 1383/754/1096 1384/755/1097 1399/770/1112
f 1400/771/1113 1399/770/1112 1384/755/1097
f 1384/755/1097 1385/756/1098 1400/771/1113
f 1401/772/1114 1400/771/1113 1385/756/1098
f 1385/756/1098 1386/757/1099 1401/772/1114
f 1402/773/1115 1401/772/1114 1386/757/1099
f 1386/757/1099 1387/758/1100 1402/773/1115
f 1403/774/1116 1402/773/1115 1387/758/1100
f 1387/758/1100 1388/759/1101 1403/774/1116
f 1404/775/1117 1403/774/1116 1388/759/1101
f 1388/759/1101 1389/760/1102 1404/775/1117
f 1405/776/1118 1404/775/1117 1389/760/1102
f 1389/760/1102 1390/761/1103 1405/776/1118
f 1406/777/1119 1405/776/1118 1390/761/1103
f 1390/761/1103 1391/762/1104 1406/777/1119
f 1407/778/1120 1406/777/1119 1391/762/1104
f 1391/762/1104 1392/763/1105 1407/778/1120
f 1394/765/1107 1407/778/1120 1392/763/1105
f 1392/763/1105 1379/750/1092 1394/765/1107
f 1394/765/1107 1393/764/1106 1408/779/1121
f 1393/764/1106 1395/766/1108 1408/779/1121
f 1395/766/1108 1396/767/1109 1408/779/1121
f 1396/767/1109 1397/768/1110 1408/779/1121
f 1397/768/1110 1398/769/1111 1408/779/1121
f 1398/769/1111 1399/770/1112 1408/779/1121
f 1399/770/1112 1400/771/1113 1408/779/1121
f 1400/771/1113 1401/772/1114 1408/779/1121
f 1401/772/1114 1402/773/1115 1408/779/1121
f 1402/773/1115 1403/774/1116 1408/779/1121
f 1403/774/1116 1404/775/1117 1408/779/1121
f 1404/775/1117 1405/776/1118 1408/779/1121
f 1405/776/1118 1406/777/1119 1408/779/1121
f 1406/777/1119 1407/778/1120 1408/779/1121
f 1407/778/1120 1394/765/1107 1408/779/1121
f 1409/673/1122 1410/672/1123 1411/722/1124
f 1411/722/1124 1412/721/1125 1409/673/1122
f 1413/724/1126 1411/722/1124 1410/672/1123
f 1414/726/1127 1413/724/1126 1410/672/1123
f 1410/672/1123 1415/603/1128 1416/728/1129
f 1416/728/1129 1414/726/1127 1410/672/1123
f 1417/730/1130 1416/728/1129 1415/603/1128
f 1418/732/1131 1417/730/1130 1415/603/1128
f 1419/734/1132 1418/732/1131 1415/603/1128
f 1112/602/862 1111/601/861 1420/673/1133
f 1421/746/1134 1422/744/1135 1409/673/1122
f 1423/748/1136 1421/746/1134 1409/673/1122
f 1412/721/1125 1423/748/1136 1409/673/1122
f 1424/780/1137 1425/781/1138 1136/621/886
f 1136/621/886 1135/620/885 1424/780/1137
f 1426/782/1139 1427/783/1140 1428/601/1141
f 1428/601/1141 1429/600/1142 1426/782/1139
f 1430/784/1143 1431/780/1144 1432/620/1145
f 1432/620/1145 1433/785/1146 1430/784/1143
f 1434/783/1147 1435/786/1148 1436/693/1148
f 1436/693/1148 1437/601/1147 1434/783/1147
f 1438/783/1149 1439/782/1149 1440/787/1150
f 1440/787/1150 1441/786/1151 1438/783/1149
s 0
f 1442/597/1152 1443/596/1152 1444/596/1152
f 1445/788/1153 1446/789/1153 1447/788/1153
f 1448/788/1154 1449/596/1154 1450/596/1154
f 1450/596/1154 1451/788/1154 1448/788/1154
s 1
f 1452/789/1155 1453/597/1156 1454/596/1157
f 1454/596/1157 1455/788/1158 1452/789/1155
f 1456/790/1159 1457/791/1160 1082/579/832
f 1456/790/1159 1082/579/832 1086/583/836
f 1458/792/1161 1459/793/1162 1460/794/1163
f 1461/795/1164 1458/792/1161 1460/794/1163
f 1086/583/836 1461/795/1164 1460/794/1163
f 1456/790/1159 1086/583/836 1460/794/1163
f 1462/796/1165 1463/797/1166 1464/798/1167
f 1462/796/1165 1464/798/1167 1461/795/1164
f 1462/796/1165 1461/795/1164 1086/583/836
f 1463/797/1166 1462/796/1165 1465/799/1168
f 1466/800/1169 1467/793/1170 1468/792/1171
f 1466/800/1169 1468/792/1171 1469/801/1172
f 1470/802/1173 1471/797/1174 1472/799/1175
f 1470/802/1173 1472/799/1175 1473/788/1176
f 1469/801/1172 1470/802/1173 1473/788/1176
f 1466/800/1169 1469/801/1172 1473/788/1176
f 1106/596/856 1105/579/855 1474/791/1177
f 1106/596/856 1474/791/1177 1475/803/1178
f 1473/788/1176 1106/596/856 1475/803/1178
f 1466/800/1169 1473/788/1176 1475/803/1178
f 1113/603/863 1476/571/1179 1114/586/864
f 1476/571/1179 1113/603/863 1477/672/1180
f 1478/667/1181 1479/669/1182 1480/572/1183
f 1480/572/1183 1476/571/1179 1477/672/1180
f 1478/667/1181 1480/572/1183 1477/672/1180
f 1478/667/1181 1477/672/1180 1481/668/1184
f 1409/673/1122 1422/744/1135 1482/742/1185
f 1482/742/1185 1483/602/1186 1409/673/1122
f 1483/602/1186 1482/742/1185 1484/740/1187
f 1483/602/1186 1484/740/1187 1485/738/1188
f 1483/602/1186 1485/738/1188 1486/736/1189
f 1419/734/1132 1415/603/1128 1483/602/1186
f 1483/602/1186 1486/736/1189 1419/734/1132
f 1487/804/1190 986/516/740 985/251/739
f 270/180/202 271/48/203 78/47/67
f 1488/249/1191 270/180/202 78/47/67
f 78/47/67 77/60/66 1489/805/1192
f 1488/249/1191 78/47/67 1489/805/1192
f 985/251/739 1488/249/1191 1489/805/1192
f 1487/804/1190 985/251/739 1489/805/1192
f 1480/572/1183 1479/669/1182 1241/682/987
f 1241/682/987 1240/694/986 1480/572/1183
f 1075/572/825 1490/694/1193 1076/573/826
f 1111/601/861 1239/693/985 1238/692/984
f 1238/692/984 1237/678/983 1491/675/1194
f 1111/601/861 1238/692/984 1491/675/1194
f 1111/601/861 1491/675/1194 1420/673/1133
f 810/430/581 730/402/507 733/405/510
f 1492/806/1195 1048/549/800 1047/548/799
f 1493/807/1196 988/518/742 987/517/741
f 1047/548/799 1493/807/1196 987/517/741
f 1492/806/1195 1047/548/799 987/517/741
f 1492/806/1195 987/517/741 1494/808/1197
f 851/453/615 850/452/614 1495/809/1198
f 1496/810/1199 1497/811/1200 1498/812/1201
f 1498/812/1201 1499/813/1202 1496/810/1199
f 1500/811/1203 1501/814/1204 1502/815/1205
f 1502/815/1205 1503/812/1206 1500/811/1203
f 1504/816/1207 1505/817/1208 1506/818/1209
f 1506/818/1209 1507/819/1210 1504/816/1207
f 1508/820/1211 1509/816/1212 1510/819/1213
f 1510/819/1213 1511/821/1214 1508/820/1211
f 1512/822/1215 1508/820/1211 1511/821/1214
f 1511/821/1214 1513/823/1216 1512/822/1215
f 1514/817/1217 1515/824/1218 1516/825/1219
f 1516/825/1219 1517/818/1220 1514/817/1217
f 1518/814/1221 1512/822/1215 1513/823/1216
f 1513/823/1216 1519/815/1222 1518/814/1221
f 1515/824/1218 1520/826/1223 1521/827/1224
f 1521/827/1224 1516/825/1219 1515/824/1218
f 1522/826/1225 1523/828/1226 1524/829/1226
f 1524/829/1226 1525/827/1227 1522/826/1225
f 1526/828/1228 1527/810/1229 1528/813/1230
f 1528/813/1230 1529/829/1231 1526/828/1228
f 1530/830/1232 1531/831/1233 1532/811/1234
f 1532/811/1234 1533/810/1235 1530/830/1232
f 1531/831/1233 1534/832/1236 1535/814/1237
f 1535/814/1237 1532/811/1234 1531/831/1233
f 1536/817/1238 1537/816/1239 1538/833/1240
f 1536/817/1238 1538/833/1240 1539/834/1241
f 1536/817/1238 1539/834/1241 1540/835/1242
f 1541/836/1243 1538/833/1240 1537/816/1239
f 1537/816/1239 1542/820/1244 1541/836/1243
f 1543/837/1245 1541/836/1243 1542/820/1244
f 1542/820/1244 1544/822/1246 1543/837/1245
f 1540/835/1242 1545/838/1247 1546/824/1248
f 1546/824/1248 1536/817/1238 1540/835/1242
f 1534/832/1236 1543/837/1245 1544/822/1246
f 1544/822/1246 1535/814/1237 1534/832/1236
f 1545/838/1247 1547/839/1249 1548/826/1250
f 1548/826/1250 1546/824/1248 1545/838/1247
f 1547/839/1249 1549/840/1251 1550/828/1252
f 1550/828/1252 1548/826/1250 1547/839/1249
f 1549/840/1251 1530/830/1232 1533/810/1235
f 1533/810/1235 1550/828/1252 1549/840/1251
s 0
f 1551/841/1253 1552/842/1253 1553/843/1253
f 1553/843/1253 1554/844/1253 1551/841/1253
f 1555/842/1254 1556/845/1254 1557/846/1254
f 1557/846/1254 1558/843/1254 1555/842/1254
s 1
f 1559/834/1255 1560/833/1256 1561/847/1257
f 1562/848/1258 1563/849/1259 1564/850/1259
f 1564/850/1259 1565/851/1260 1562/848/1258
f 1566/852/1261 1562/848/1258 1565/851/1260
f 1565/851/1260 1567/853/1262 1566/852/1261
f 1568/854/1263 1569/855/1264 1570/856/1264
f 1570/856/1264 1571/857/1263 1568/854/1263
f 1572/845/1265 1566/852/1261 1567/853/1262
f 1567/853/1262 1573/846/1266 1572/845/1265
f 1569/855/1264 1574/858/1267 1575/859/1267
f 1575/859/1267 1570/856/1264 1569/855/1264
s 0
f 1576/858/1268 1577/860/1268 1578/861/1268
f 1578/861/1268 1579/859/1268 1576/858/1268
s 1
f 1580/860/1269 1581/841/1269 1582/844/1269
s 0
f 1582/844/1269 1583/861/1269 1580/860/1269
s 1
f 1584/862/1270 1585/863/1271 1586/864/1272
f 1586/864/1272 1587/865/1273 1588/866/1274
f 1584/862/1270 1586/864/1272 1588/866/1274
f 1588/866/1274 1589/867/1275 1590/868/1276
f 1590/868/1276 1591/869/1277 1592/870/1278
f 1588/866/1274 1590/868/1276 1592/870/1278
f 1588/866/1274 1592/870/1278 1593/871/1279
f 1588/866/1274 1593/871/1279 1584/862/1270
s 0
f 1594/849/1257 1595/854/1257 1596/857/1257
s 1
f 1596/857/1257 1597/850/1255 1594/849/1257
f 1598/872/1280 1599/873/1281 1600/568/1282
f 1600/568/1282 1601/567/1283 1598/872/1280
f 1599/873/1281 1602/874/1284 1603/589/1285
f 1603/589/1285 1600/568/1282 1599/873/1281
f 1602/874/1284 1604/875/1286 1605/604/1287
f 1605/604/1287 1603/589/1285 1602/874/1284
f 1606/876/1288 1598/872/1280 1601/567/1283
f 1601/567/1283 1607/609/1289 1606/876/1288
f 1608/877/1290 1606/876/1288 1607/609/1289
f 1607/609/1289 1609/878/1291 1608/877/1290
f 1604/875/1286 1608/877/1290 1609/878/1291
f 1609/878/1291 1605/604/1287 1604/875/1286
f 1610/879/1292 1611/880/1293 1612/873/1294
f 1612/873/1294 1613/872/1295 1610/879/1292
f 1611/880/1293 1614/881/1296 1615/874/1297
f 1615/874/1297 1612/873/1294 1611/880/1293
f 1616/881/1298 1617/882/1299 1618/875/1300
f 1618/875/1300 1619/874/1301 1616/881/1298
f 1620/883/1302 1621/879/1303 1622/872/1304
f 1622/872/1304 1623/876/1305 1620/883/1302
f 1624/884/1306 1625/883/1307 1626/876/1308
f 1626/876/1308 1627/877/1309 1624/884/1306
f 1628/882/1310 1624/884/1306 1627/877/1309
f 1627/877/1309 1629/875/1311 1628/882/1310
f 1630/885/1312 1631/886/1313 1632/887/1314
f 1632/887/1314 1633/888/1315 1634/889/1316
f 1630/885/1312 1632/887/1314 1634/889/1316
f 1630/885/1312 1634/889/1316 1635/890/1317
s 0
f 1636/114/126 1637/891/126 1638/115/126
f 1639/70/77 1640/69/77 1641/892/77
f 1642/893/1318 1643/894/1318 1644/126/1318
f 1644/126/1319 1645/125/1319 1642/893/1319
f 1646/893/1320 1647/125/1321 1648/895/1321
f 1648/895/1321 1649/896/1321 1646/893/1321
f 1650/897/1322 1651/898/1322 1652/899/1322
f 1652/899/1323 1653/900/1323 1650/897/1324
s 1
f 1654/901/1325 1655/902/1326 1656/903/1327
f 1656/903/1327 1657/904/1328 1654/901/1325
f 1658/902/1329 1659/141/1330 1660/905/1331
f 1660/905/1331 1661/898/1331 1658/902/1329
f 1662/140/1332 1663/906/1333 1664/905/1334
f 1664/905/1334 1665/141/1335 1662/140/1332
f 1666/898/1336 1667/897/1337 1668/903/1338
f 1668/903/1338 1669/902/1339 1666/898/1336
f 1670/894/1340 1671/907/1341 1672/128/1342
f 1670/894/1340 1672/128/1342 1673/127/1321
f 1670/894/1340 1673/127/1321 1674/126/1321
f 1675/900/1343 1676/904/1344 1677/903/1345
f 1677/903/1345 1678/897/1346 1675/900/1343
f 1679/908/1347 1680/909/1348 1681/910/1349
f 1681/910/1349 1682/911/1350 1679/908/1347
f 159/118/132 158/117/131 1681/910/1349
f 1681/910/1349 1680/909/1348 159/118/132
s 0
f 1683/912/1351 1684/913/1351 1685/914/1351
f 1685/914/1352 1686/915/1352 1683/912/1353
s 1
f 1687/916/1354 1688/912/1355 1689/915/1356
f 1689/915/1356 1690/917/1357 1687/916/1354
f 1691/918/1358 1692/916/1359 1693/917/1360
f 1693/917/1360 1694/919/1361 1691/918/1358
s 0
f 1695/920/1352 1696/921/1352 1697/922/1352
f 1697/922/1362 1698/923/1362 1695/920/1362
s 1
f 1699/133/1363 1700/920/1364 1701/923/1365
f 1701/923/1365 1702/130/1366 1699/133/1363
f 1703/924/1367 1680/909/1348 1679/908/1347
f 1679/908/1347 1704/925/1368 1703/924/1367
s 0
f 1705/926/1369 1706/927/1369 1707/928/1369
f 1707/928/1370 1708/929/1370 1705/926/1370
s 1
f 1709/930/1371 1710/926/1372 1711/929/1373
f 1711/929/1373 1712/931/1374 1709/930/1371
f 1713/932/1375 1714/930/1376 1715/931/1377
f 1715/931/1377 1716/933/1378 1713/932/1375
s 0
f 1717/934/1379 1718/935/1379 1719/936/1379
f 1719/936/1379 1720/937/1379 1717/934/1379
f 1721/938/1380 1722/934/1381 1723/937/1381
s 1
f 1723/937/1382 1724/939/1383 1721/938/1382
f 1725/940/1384 1726/938/1385 1727/939/1386
f 1727/939/1386 1728/941/1387 1725/940/1384
s 0
f 1729/134/1379 1730/942/1379 1731/943/1379
f 1731/943/1388 1732/135/1388 1729/134/1388
s 1
f 1733/944/1389 1734/942/1390 1735/134/1390
s 0
f 1735/134/1391 1736/137/1391 1733/944/1391
s 1
f 1737/136/1392 1738/945/1393 1739/944/1394
f 1739/944/1394 1740/137/1395 1737/136/1392
f 1680/909/1348 1703/924/1367 1741/946/1396
s 0
f 153/113/1397 152/76/1397 1742/112/1397
f 153/113/1398 1742/112/1397 1743/947/1397
s 1
f 153/113/1399 1743/947/1397 1680/909/1400
s 0
f 1680/909/1348 1744/948/1366 1745/949/1366
s 1
f 153/113/1399 1680/909/1400 1745/949/1400
f 1746/950/1401 1680/909/1348 1741/946/1396
f 1741/946/1396 1747/951/1402 1746/950/1401
f 1680/909/1348 1746/950/1401 1748/952/1403
f 1748/952/1403 1744/948/1404 1680/909/1348
f 1749/918/1405 1750/901/1405 1751/899/1406
f 1751/899/1406 1752/913/1407 1749/918/1405
f 1753/132/1408 1754/919/1409 1755/914/1406
f 1755/914/1406 1756/921/1407 1753/132/1408
f 1757/932/1410 1758/131/1410 1759/922/1411
f 1759/922/1411 1760/927/1412 1757/932/1410
s 0
f 1761/940/1413 1762/933/1413 1763/928/1414
f 1763/928/1415 1764/935/1415 1761/940/1415
f 1765/945/1416 1766/941/1416 1767/936/1416
f 1767/936/1417 1768/943/1417 1765/945/1417
s 1
f 1769/914/1418 1770/919/1419 1771/917/1420
f 1771/917/1420 1772/915/1421 1769/914/1418
f 1773/904/1422 1774/900/1423 1775/899/1423
f 1775/899/1423 1776/901/1422 1773/904/1422
s 0
f 1777/130/1421 1778/923/1421 1779/922/1421
f 1779/922/1424 1780/131/1424 1777/130/1424
s 1
f 1781/931/1425 1782/929/1426 1783/928/1427
f 1783/928/1427 1784/933/1425 1781/931/1425
f 1785/939/1428 1786/937/1429 1787/936/1430
f 1787/936/1430 1788/941/1428 1785/939/1428
f 1789/133/1431 1790/132/1432 1791/921/1433
f 1791/921/1433 1792/920/1434 1789/133/1431
f 1793/913/1435 1794/912/1436 1795/916/1437
f 1795/916/1437 1796/918/1437 1793/913/1435
s 0
f 1797/927/1434 1798/926/1434 1799/930/1438
s 1
f 1799/930/1439 1800/932/1439 1797/927/1440
f 1801/935/1441 1802/934/1441 1803/938/1442
s 0
f 1803/938/1443 1804/940/1443 1801/935/1444
f 1805/943/1445 1806/942/1445 1807/944/1445
f 1807/944/1445 1808/945/1445 1805/943/1445
s 1
f 1809/953/1446 160/119/133 159/118/132
f 159/118/132 1810/120/1447 1809/953/1446
f 1811/954/1448 1812/955/1449 1813/956/1450
f 1813/956/1450 1814/957/1451 1811/954/1448
f 164/122/137 1815/958/1452 1816/959/1453
f 1816/959/1453 163/121/136 162/118/135
f 164/122/137 1816/959/1453 162/118/135
f 164/122/137 162/118/135 1817/960/1346
f 164/122/137 1817/960/1346 1818/961/1454
f 164/122/137 1818/961/1454 165/123/138
f 1819/962/1455 1820/963/1456 1821/964/1457
f 1821/964/1457 1822/965/154 1819/962/1455
f 165/123/138 91/72/79 90/71/78
f 165/123/138 90/71/78 1823/966/1458
f 165/123/138 1823/966/1458 166/124/139
f 1824/128/1459 1825/907/1460 1826/967/1461
f 1826/967/1461 1827/129/1462 1824/128/1459
f 1828/906/1463 1829/968/1464 1830/969/1464
s 0
f 1830/969/1465 1831/905/1465 1828/906/1465
s 1
f 1832/139/1466 1833/968/1467 1834/906/1468
f 1834/906/1468 1835/140/1469 1832/139/1466
s 0
f 1836/970/1470 1837/971/1470 1838/972/1470
f 1838/972/1464 1839/973/1464 1836/970/1464
s 1
f 1840/957/130 1841/970/1471 1842/973/1472
s 0
f 1842/973/1473 1843/954/1474 1840/957/1474
f 1844/974/1475 1845/975/1475 1846/976/1475
f 1846/976/1470 1847/977/1470 1844/974/1470
f 1848/143/1471 1849/974/1471 1850/977/1471
f 1850/977/1476 1851/144/1476 1848/143/1476
f 1852/978/1477 1853/979/1477 1854/980/1477
f 1854/980/1478 1855/981/1478 1852/978/1478
f 1856/965/1479 1857/978/1479 1858/981/1479
s 1
f 1858/981/1480 1859/962/1481 1856/965/1481
s 0
f 1860/982/1482 1861/983/1482 1862/984/1482
f 1862/984/1477 1863/985/1477 1860/982/1319
s 1
f 1864/147/1483 1865/982/1484 1866/985/1485
f 1866/985/1485 1867/148/1486 1864/147/1483
f 1868/138/1487 1869/955/1488 1870/972/1489
f 1870/972/1489 1871/969/1372 1868/138/1487
f 1872/956/1490 1873/145/1491 1874/976/1492
f 1874/976/1492 1875/971/1492 1872/956/1490
f 1876/142/1493 1877/963/1494 1878/980/1495
f 1878/980/1495 1879/975/1495 1876/142/1493
f 1880/964/1496 1881/149/1497 1882/984/1489
f 1882/984/1489 1883/979/1489 1880/964/1496
f 1884/146/1498 1885/967/1499 1646/893/1500
f 1646/893/1500 1886/983/1501 1884/146/1498
f 1887/139/1502 1888/138/1503 1889/969/1504
f 1889/969/1504 1890/968/1505 1887/139/1502
f 1891/954/1506 1892/973/1507 1893/972/1508
f 1893/972/1508 1894/955/1509 1891/954/1506
f 1895/976/1510 1896/145/1511 1897/144/1512
f 1897/144/1512 1898/977/1513 1895/976/1510
f 1899/957/1514 1900/956/1515 1901/971/1516
f 1901/971/1516 1902/970/1517 1899/957/1514
f 1903/143/1518 1904/142/1519 1905/975/1520
f 1905/975/1520 1906/974/1521 1903/143/1518
f 1907/962/1522 1908/981/1523 1909/980/1524
f 1909/980/1524 1910/963/1525 1907/962/1522
f 1911/984/1526 1912/149/1527 1913/148/1528
f 1913/148/1528 1914/985/1529 1911/984/1526
f 1915/965/1530 1916/964/1531 1917/979/1532
f 1917/979/1532 1918/978/1533 1915/965/1530
f 1919/147/1534 1920/146/1535 1921/983/1536
f 1921/983/1536 1922/982/1537 1919/147/1534
f 1923/907/1538 1924/894/1539 1925/893/1540
f 1925/893/1540 1926/967/1541 1923/907/1538
f 643/336/423 1927/986/1542 1928/987/1543
f 1928/987/1543 644/337/424 643/336/423
f 645/335/425 1929/335/1544 1930/335/1545
f 1930/335/1545 646/335/426 645/335/425
s 0
f 1931/337/1546 1932/987/1546 1933/342/1546
s 1
f 1927/986/1542 648/339/428 647/338/427
f 647/338/427 1928/987/1543 1927/986/1542
f 1929/335/1544 651/335/431 650/335/430
f 650/335/430 1930/335/1545 1929/335/1544
s 0
f 1934/987/1547 1935/338/1547 1936/342/1547
s 1
f 579/296/359 1937/319/1548 829/444/598
s 0
f 1938/444/1549 1939/319/1549 1940/309/1549
s 1
f 1941/988/1550 1942/989/1551 1943/990/1552
f 1943/990/1552 1944/991/1553 1941/988/1550
f 1945/992/1554 1946/993/1555 1947/994/1556
f 1943/990/1552 1948/995/1557 1949/996/1557
f 1949/996/1557 1944/991/1553 1943/990/1552
f 1950/997/1558 1951/998/1559 1947/994/1556
f 1947/994/1556 1946/993/1555 1950/997/1558
f 1952/999/1560 1953/1000/1561 1954/1001/1562
f 1954/1001/1562 1955/1002/1563 1952/999/1560
f 1956/1003/1564 1952/999/1560 1955/1002/1563
f 1955/1002/1563 1957/1004/1565 1956/1003/1564
f 1958/1005/1566 1955/1002/1563 1954/1001/1562
f 1959/1006/1557 1960/1007/1567 1961/1008/1568
f 1962/1009/1569 1963/221/1570 1964/220/1571
f 1965/1010/1572 1966/997/1573 1967/1000/1574
f 1967/1000/1574 1968/999/1575 1965/1010/1572
f 1969/94/1576 1970/994/1577 1971/998/1578
f 1969/94/1576 1971/998/1578 1972/1011/1579
f 1969/94/1576 1972/1011/1579 1973/97/1580
f 1974/93/1581 1975/992/1582 1970/994/1577
f 1970/994/1577 1969/94/1576 1974/93/1581
f 1976/1012/1583 1965/1010/1572 1968/999/1575
f 1968/999/1575 1977/1003/1584 1976/1012/1583
f 1971/998/1578 1966/997/1573 1965/1010/1572
f 1965/1010/1572 1972/1011/1579 1971/998/1578
f 1978/989/1585 1979/1013/1586 1980/990/1587
f 1981/993/1588 1975/992/1582 1982/988/1589
f 1975/992/1582 1978/989/1585 1982/988/1589
f 1983/991/1590 1984/1008/1591 1985/1005/1592
f 1985/1005/1592 1982/988/1589 1983/991/1590
f 1986/91/1557 1987/1014/1557 1988/1015/1593
f 1988/1015/1593 1989/1007/1594 1990/1006/1595
f 1986/91/1557 1988/1015/1593 1990/1006/1595
f 1990/1006/1595 1984/1008/1591 1983/991/1590
f 1990/1006/1595 1983/991/1590 1991/996/1557
f 1986/91/1557 1990/1006/1595 1991/996/1557
s 0
f 1986/91/1557 1991/996/1557 1992/995/1557
s 1
f 1992/995/1557 1980/990/1587 1979/1013/1586
f 1986/91/1557 1992/995/1557 1979/1013/1586
f 1989/1007/1594 1988/1015/1593 1993/1016/1596
f 1994/220/1597 1995/220/1598 1996/221/332
f 1996/221/332 1997/221/332 1994/220/1597
f 1994/220/1597 1998/217/1599 1999/217/1599
f 1999/217/1599 1995/220/1598 1994/220/1597
s 0
f 1998/217/1600 2000/97/1600 2001/97/1600
f 2001/97/1599 1999/217/1599 1998/217/1599
f 2002/997/1601 2003/993/1601 2004/993/1601
f 2004/993/1601 2005/997/1601 2002/997/1601
s 1
f 2006/1017/1602 2007/1018/1603 2008/1018/1604
f 2008/1018/1604 2009/1017/1605 2006/1017/1602
f 2007/1018/1603 2010/1019/1606 2011/1019/1607
f 2011/1019/1607 2008/1018/1604 2007/1018/1603
f 2012/97/1608 2013/94/1609 2014/94/1610
f 2014/94/1610 2015/97/1608 2012/97/1608
f 2016/1020/1611 2017/1021/1612 2018/1021/1612
f 2018/1021/1612 2019/1020/1613 2016/1020/1611
f 2013/94/1609 2020/93/1614 2021/93/1615
f 2021/93/1615 2014/94/1610 2013/94/1609
f 2022/1022/1616 2016/1020/1611 2019/1020/1613
f 2019/1020/1613 2023/1022/1616 2022/1022/1616
f 2024/1010/1617 2025/1010/1617 2026/1012/1618
f 2026/1012/1618 2027/1012/1619 2024/1010/1617
s 0
f 2028/1010/1620 2029/1011/1620 2030/1011/1620
f 2030/1011/1620 2031/1010/1620 2028/1010/1620
f 2032/1021/1621 2033/1023/1621 2034/1023/1621
f 2034/1023/1621 2035/1021/1621 2032/1021/1621
s 1
f 2036/1024/1622 2037/1025/1623 2038/1026/1623
f 2038/1026/1623 2039/1024/1624 2036/1024/1622
s 0
f 2040/1027/1625 2041/1022/1625 2042/1022/1625
f 2042/1022/1625 2043/1027/1625 2040/1027/1625
s 1
f 2044/1028/1626 2006/1017/1602 2009/1017/1605
f 2009/1017/1605 2045/1028/1627 2044/1028/1626
f 2020/93/1614 2046/92/1628 2047/1013/1628
f 2047/1013/1628 2021/93/1615 2020/93/1614
s 0
f 2048/989/1629 2049/988/1629 2050/988/1629
f 2050/988/1629 2051/989/1629 2048/989/1629
s 1
f 2052/988/1630 2053/991/1631 2054/991/1632
f 2054/991/1632 2055/988/1630 2052/988/1630
f 2056/1029/1633 2044/1028/1626 2045/1028/1627
f 2045/1028/1627 2057/1029/1634 2056/1029/1633
f 2058/1030/1635 2056/1029/1633 2057/1029/1634
f 2057/1029/1634 2059/1030/1635 2058/1030/1635
f 2053/991/1631 2060/996/1636 2061/996/1636
f 2061/996/1636 2054/991/1632 2053/991/1631
s 0
f 2062/1031/1637 2063/1032/1637 2064/1032/1637
f 2064/1032/1637 2065/1031/1637 2062/1031/1637
s 1
f 2066/1032/1638 2036/1024/1622 2039/1024/1624
f 2039/1024/1624 2067/1032/1638 2066/1032/1638
s 0
f 2068/92/1639 2069/91/1639 2070/91/1639
s 1
f 2070/91/1639 2071/1013/1639 2068/92/1639
s 0
f 2072/1033/1640 2073/1030/1640 2074/1030/1640
f 2074/1030/1640 2075/1033/1640 2072/1033/1640
s 1
f 1981/993/1588 1982/988/1589 1985/1005/1592
f 1985/1005/1592 2076/1001/1641 1981/993/1588
f 1042/544/794 2077/1034/1642 1043/545/795
f 1045/51/797 2078/54/1643 2079/1035/1644
f 1045/51/797 2079/1035/1644 2080/1036/1645
f 1045/51/797 2080/1036/1645 1042/544/794
f 2080/1036/1645 1051/552/803 1050/551/802
f 1050/551/802 1042/544/794 2080/1036/1645
f 721/393/498 805/425/576 804/424/575
f 804/424/575 717/389/494 721/393/498
f 2081/1037/1646 2082/183/1646 214/159/171
f 2081/1037/1646 214/159/171 213/158/170
f 2081/1037/1646 213/158/170 2083/1038/1647
f 222/167/179 223/168/180 133/110/116
f 133/110/116 132/109/115 2084/175/1648
f 222/167/179 133/110/116 2084/175/1648
f 2085/1039/1649 131/108/114 134/111/117
f 134/111/117 2086/191/1649 2085/1039/1649
s 0
f 2087/486/1650 2088/1039/1650 2089/191/1650
f 2089/191/1650 2090/194/1650 2087/486/1650
s 1
f 2091/201/1651 847/451/611 846/450/610
f 846/450/610 2092/202/1652 2091/201/1651
f 2093/205/1653 2094/204/1653 2095/203/1654
f 2095/203/1654 2096/199/1655 2093/205/1653
f 2097/1040/1656 2098/206/1657 2099/198/1658
f 2099/198/1658 2100/200/1659 2097/1040/1656
s 0
f 2101/1041/1660 2102/65/1660 2103/64/1660
f 2104/64/1660 2105/155/1660 2106/1041/1660
s 1
f 209/156/167 2107/1041/1661 2108/155/1662
f 2108/155/1662 210/154/168 209/156/167
s 0
f 2109/170/1663 2110/1042/1663 2111/1038/1663
f 2112/1038/1663 2113/158/1663 2114/170/1663
s 1
f 261/173/193 260/177/192 2115/1043/1664
f 2115/1043/1664 2116/172/1665 261/173/193
f 2116/172/1665 2115/1043/1664 267/179/199
f 267/179/199 266/171/198 2116/172/1665
f 265/169/197 264/178/196 2117/1042/1666
f 2117/1042/1666 2118/170/1667 265/169/197
s 0
f 2119/463/1668 2120/81/1668 2121/80/1668
f 2122/80/1669 2123/460/1669 2124/463/1669
f 2125/82/1670 2126/1040/1670 2127/200/1670
f 2128/200/1671 2129/79/1671 2130/82/1671
f 2131/1044/1672 2132/1045/1672 2133/214/1672
f 2134/214/1673 2135/213/1673 2136/1044/1673
s 1
f 2137/87/1674 2138/1014/1675 2139/91/1676
f 2139/91/1676 2140/83/1677 2137/87/1674
f 932/488/687 2141/1046/737 2142/485/1678
f 2142/485/1678 933/484/688 932/488/687
f 2143/498/1679 2144/496/1680 2145/1047/1681
f 2146/1048/1682 2145/1047/1681 2144/496/1680
f 2144/496/1680 2147/495/1683 2146/1048/1682
f 2148/491/1684 2149/1049/1685 2146/1048/1682
f 2146/1048/1682 2147/495/1683 2148/491/1684
f 941/490/696 943/492/698 2149/1049/1685
f 2149/1049/1685 2148/491/1684 941/490/696
f 963/505/718 2150/1050/1686 2151/1046/1686
f 2151/1046/1686 964/488/719 963/505/718
s 0
f 2152/1051/1687 2153/1052/1412 1751/899/1320
s 1
f 1751/899/1320 1661/898/1331 2152/1051/82
f 2154/1053/129 2152/1051/82 1661/898/1331
f 1661/898/1331 1660/905/1331 2154/1053/129
s 0
f 2155/1054/1321 2156/1055/1321 1755/914/1321
f 1755/914/1321 1752/913/1321 2155/1054/1321
f 2157/1056/1321 2158/1057/1321 1759/922/1321
f 1759/922/1321 1756/921/1320 2157/1056/1321
f 2159/1058/1412 2160/1059/1412 1763/928/1412
f 1763/928/1412 1760/927/1412 2159/1058/1412
f 2161/1060/1688 2162/1061/1688 1767/936/1688
f 1767/936/1688 1764/935/1688 2161/1060/1688
f 2163/1062/82 2164/1063/82 2165/135/82
f 2165/135/82 1768/943/82 2163/1062/82
f 1751/899/1321 2153/1052/1321 2155/1054/1321
f 2155/1054/1321 1752/913/1321 1751/899/1320
f 2156/1055/1321 2157/1056/1321 1756/921/1320
f 1756/921/1320 1755/914/1689 2156/1055/1321
f 2158/1057/1321 2159/1058/1321 1760/927/1321
f 1760/927/1412 1759/922/1412 2158/1057/1412
f 2160/1059/1687 2161/1060/1687 1764/935/1687
f 1764/935/1687 1763/928/1687 2160/1059/1687
f 2162/1061/1688 2163/1062/1688 1768/943/1688
f 1768/943/1688 1767/936/1688 2162/1061/1688
s 1
f 2166/1064/1321 2154/1053/129 1660/905/1331
f 1660/905/1331 1871/969/1372 2166/1064/1321
f 2167/1065/1321 2168/1066/1321 1870/972/1489
f 1870/972/1489 1875/971/1492 2167/1065/1321
f 2169/1067/1321 2170/1068/1321 1874/976/1492
f 1874/976/1492 1879/975/1495 2169/1067/1321
f 2171/1069/1412 2172/1070/1321 1878/980/1495
f 1878/980/1495 1883/979/1489 2171/1069/1412
f 2173/1071/1412 2174/1072/1412 1882/984/1489
f 1882/984/1489 1886/983/1411 2173/1071/1412
f 2168/1066/1321 2166/1064/1321 1871/969/1372
f 1871/969/1372 1870/972/1489 2168/1066/1321
f 2170/1068/1321 2167/1065/1321 1875/971/1492
f 1875/971/1492 1874/976/1492 2170/1068/1321
f 2172/1070/1321 2169/1067/1321 1879/975/1495
f 1879/975/1495 1878/980/1495 2172/1070/1321
f 2174/1072/1412 2171/1069/1412 1883/979/1489
f 1883/979/1489 1882/984/1489 2174/1072/1412
s 0
f 1649/896/1412 2173/1071/1412 1886/983/1412
f 1886/983/1321 1646/893/1321 1649/896/1321
s 1
f 2175/1009/1690 2176/1011/1691 2177/1010/1692
f 2175/1009/1690 2177/1010/1692 2178/1012/1693
f 2175/1009/1690 2178/1012/1693 2179/1073/1694
f 2180/1074/85 2181/1074/85 2182/1075/1695
f 2182/1075/1695 2183/1075/1695 2180/1074/85
f 2010/1019/1606 2184/1076/1696 2185/1076/1697
f 2185/1076/1697 2011/1019/1607 2010/1019/1606
s 0
f 2186/1014/85 2187/1014/85 2188/91/85
f 2188/91/85 2189/91/85 2186/1014/85
s 1
f 2190/15/1698 2191/17/1699 2192/16/1700
f 2193/18/1701 2194/21/1702 2195/20/1703
f 2195/20/1703 2196/19/1704 2193/18/1701
f 2197/22/1705 2198/25/1706 2199/24/1707
f 2199/24/1707 2200/23/1708 2197/22/1705
f 2201/26/1709 2197/22/1705 2200/23/1708
f 2200/23/1708 2202/27/1710 2201/26/1709
f 2203/28/1711 2204/31/1712 2205/30/1713
f 2205/30/1713 2206/29/1714 2203/28/1711
f 2207/29/1715 2208/30/1716 2209/33/1717
f 2209/33/1717 2210/32/1718 2207/29/1715
f 2211/32/1719 2212/33/1720 2213/35/1721
f 2213/35/1721 2214/34/1722 2211/32/1719
f 2215/36/1723 2216/17/1724 2217/21/1725
f 2217/21/1725 2218/37/1726 2215/36/1723
s 0
f 40/40/36 39/39/36 2219/38/36
f 2219/38/1727 2220/42/1727 2221/41/1727
f 40/40/36 2219/38/36 2221/41/36
s 1
f 2222/43/1728 2218/37/1726 2217/21/1725
f 2217/21/1725 2223/18/1729 2222/43/1728
f 2224/44/1730 2225/45/1731 2226/25/1732
f 2226/25/1732 2227/22/1733 2224/44/1730
f 2228/46/1734 2224/44/1730 2227/22/1733
f 2227/22/1733 2229/26/1735 2228/46/1734
f 2230/47/1736 2231/28/1736 2232/29/1737
f 2232/29/1737 2233/48/1737 2230/47/1736
s 0
f 2234/48/1036 2235/29/1036 2236/32/1036
f 2236/32/1036 2237/49/1036 2234/48/1036
s 1
f 2238/50/1738 2239/49/1739 2240/32/1740
f 2240/32/1740 2241/34/1741 2238/50/1738
f 2242/51/1742 2243/54/1743 2244/53/1744
f 2244/53/1744 2245/52/1745 2242/51/1742
f 2246/55/1746 2247/36/1747 2248/37/1748
f 2248/37/1748 2249/56/1749 2246/55/1746
f 2249/56/1749 2250/43/1750 2251/58/1751
f 2251/58/1751 2252/57/1752 2249/56/1749
f 2252/57/1752 2253/45/1753 2254/44/1754
f 2254/44/1754 2255/59/1755 2252/57/1752
f 2255/59/1755 2256/46/1756 2257/47/1757
f 2257/47/1757 2258/60/1758 2255/59/1755
f 2259/1077/1759 2260/1078/1760 2261/1079/1761
f 85/66/74 84/65/73 2262/64/72
f 85/66/74 2262/64/72 2263/68/76
f 85/66/74 2263/68/76 2264/67/75
f 2265/71/1762 2266/70/77 88/69/77
f 88/69/77 85/66/74 2264/67/75
f 2265/71/1762 88/69/77 2264/67/75
f 2265/71/1762 2264/67/75 2267/72/79
s 0
f 2268/75/80 93/74/80 92/73/80
s 1
f 92/73/1763 2269/78/85 2270/77/1764
f 2268/75/1417 92/73/1763 2270/77/1764
s 0
f 2268/75/82 2270/77/82 2271/76/82
s 1
f 2272/79/1765 101/82/89 100/81/88
f 100/81/88 2273/80/1766 2272/79/1765
f 2274/1080/1767 2275/1081/1768 2276/1082/1769
f 2276/1082/1769 2260/1078/1760 2274/1080/1767
f 2274/1080/1767 106/87/93 105/86/93
f 105/86/93 2275/1081/1768 2274/1080/1767
f 2261/1079/1761 2260/1078/1760 2276/1082/1769
f 2259/1077/1759 2261/1079/1761 2277/1083/1770
f 2277/1083/1770 2278/1084/1771 2259/1077/1759
f 2279/1085/1772 2280/1086/1773 2281/1087/1774
f 2282/1088/1775 2283/1089/1776 2284/1090/1777
f 2284/1090/1777 2285/1091/1778 2282/1088/1775
f 2286/1092/1779 2285/1091/1778 2284/1090/1777
f 2191/17/1699 2190/15/1698 2195/20/1703
f 2195/20/1703 2194/21/1702 2191/17/1699
f 2215/36/1723 2287/99/1780 2288/98/1781
f 2288/98/1781 2289/16/1782 2216/17/1724
f 2215/36/1723 2288/98/1781 2216/17/1724
f 2247/36/1747 2290/100/1783 2291/99/1784
s 0
f 124/103/109 123/102/109 2292/101/109
f 2292/101/109 2293/105/109 2294/104/109
f 124/103/109 2292/101/109 2294/104/109
s 1
f 2247/36/1747 2246/55/1746 2290/100/1783
f 2223/18/1729 2295/106/1785 2296/58/1786
f 2296/58/1786 2222/43/1728 2223/18/1729
f 2196/19/1704 2297/107/1787 2298/106/1788
f 2298/106/1788 2193/18/1701 2196/19/1704
f 2250/43/1750 2249/56/1749 2248/37/1748
f 2198/25/1706 2298/106/1788 2297/107/1787
f 2297/107/1787 2199/24/1707 2198/25/1706
f 2225/45/1731 2296/58/1786 2295/106/1785
f 2295/106/1785 2226/25/1732 2225/45/1731
f 2253/45/1753 2252/57/1752 2251/58/1751
f 2229/26/1735 2231/28/1736 2230/47/1736
f 2230/47/1736 2228/46/1734 2229/26/1735
f 2202/27/1710 2204/31/1712 2203/28/1711
f 2203/28/1711 2201/26/1709 2202/27/1710
f 131/108/114 2299/111/117 2300/110/116
f 2300/110/116 132/109/115 131/108/114
f 2256/46/1756 2255/59/1755 2254/44/1754
s 0
f 2301/78/1789 2302/78/1789 2303/77/1789
f 2303/77/1789 2304/77/1789 2301/78/1789
f 2305/77/1790 2306/77/1790 2307/76/1790
f 2307/76/1790 2308/76/1790 2305/77/1790
f 2309/78/1791 2310/73/1791 2311/73/1791
f 2311/73/1791 2312/78/1791 2309/78/1791
f 2313/76/1792 2314/112/1792 2315/76/1792
s 1
f 2316/78/1414 156/73/129 155/115/127
f 155/115/127 2317/114/126 2318/113/1381
f 2316/78/1414 155/115/127 2318/113/1381
f 2316/78/1414 2318/113/1381 2319/76/1793
f 2316/78/1414 2319/76/1793 2320/77/85
f 2321/116/1794 2322/119/1795 2323/118/1796
f 2323/118/1796 2324/117/1797 2321/116/1794
f 2325/120/1798 2326/121/1799 2327/118/1800
f 2328/122/1801 2329/124/1802 2330/123/1803
s 0
f 2331/125/140 2332/129/140 2333/128/140
f 2331/125/140 2333/128/140 2334/127/140
f 2331/125/140 2334/127/140 2335/126/140
s 1
f 2336/130/1804 2337/133/1805 2338/132/1806
f 2338/132/1806 2339/131/1807 2336/130/1804
f 2340/134/145 2341/137/1808 2342/136/1809
f 2342/136/1809 2343/135/1810 2340/134/145
f 2344/138/1811 2345/141/1812 2346/140/1813
f 2346/140/1813 2347/139/1814 2344/138/1811
f 2348/142/1815 2349/145/1816 2350/144/1817
f 2350/144/1817 2351/143/1818 2348/142/1815
f 2352/146/1819 2353/149/1820 2354/148/1821
f 2354/148/1821 2355/147/1822 2352/146/1819
f 2356/150/161 2294/104/109 2293/105/109
f 2293/105/109 2357/151/162 2356/150/161
f 2262/64/72 2356/150/161 2357/151/162
f 2357/151/162 2263/68/76 2262/64/72
s 0
f 2358/152/1823 2359/153/1823 2360/103/1823
f 2361/103/1823 2362/104/1823 2363/152/1823
f 2364/152/1824 2365/104/1824 2366/150/1824
f 2366/150/1824 2367/154/1824 2364/152/1824
f 2368/154/1825 2369/150/1825 2370/64/1825
f 2370/64/1825 2371/155/1825 2368/154/1825
s 1
f 208/153/166 2372/152/109 2373/154/1826
f 2373/154/1826 209/156/167 208/153/166
f 2374/157/169 2375/160/1827 2376/159/171
f 2376/159/171 2377/158/170 2374/157/169
f 2378/161/1828 2379/162/1829 2375/160/1827
f 2375/160/1827 2374/157/169 2378/161/1828
f 2380/163/1830 2381/164/1831 2379/162/1829
f 2379/162/1829 2378/161/1828 2380/163/1830
f 2382/165/177 2383/166/1832 2381/164/1831
f 2381/164/1831 2380/163/1830 2382/165/177
f 2384/167/179 2385/168/180 2383/166/1832
f 2383/166/1832 2382/165/177 2384/167/179
s 0
f 2386/169/1833 2387/157/1833 2388/158/1833
f 2389/158/1834 2390/170/1834 2391/169/1834
f 2392/171/1835 2393/161/1835 2394/157/1835
f 2395/157/1836 2396/169/1836 2397/171/1836
f 2398/172/1837 2399/163/1837 2400/161/1837
f 2401/161/1838 2402/171/1838 2403/172/1838
f 2404/173/1839 2405/165/1839 2406/163/1839
f 2407/163/1840 2408/172/1840 2409/173/1840
f 2410/174/189 252/176/189 251/175/189
f 2411/175/189 2412/167/189 2413/174/189
f 2414/174/1841 2415/167/1841 2416/165/1841
s 1
f 2417/165/1842 2418/173/1842 2419/174/1842
f 260/177/192 263/176/195 2420/174/1843
f 2420/174/1843 2421/173/1844 260/177/192
f 264/178/196 267/179/199 2422/171/1845
f 2422/171/1845 2423/169/1846 264/178/196
f 2424/50/1847 2425/180/1848 2426/49/1849
f 2425/180/1848 2427/48/1850 2426/49/1849
f 2428/38/1851 2429/181/1852 2430/42/1853
f 2431/182/1854 2432/184/1855 2433/183/1856
f 2433/183/1856 2434/159/1857 2431/182/1854
f 2435/185/1858 2436/186/1859 2437/160/1860
f 2437/160/1860 2438/162/1861 2435/185/1858
f 2439/187/1862 2440/188/1863 2441/166/1864
f 2441/166/1864 2442/168/1865 2439/187/1862
f 2443/189/1866 2439/187/1862 2442/168/1865
f 2442/168/1865 2444/110/1867 2443/189/1866
f 2445/190/1868 2446/192/1869 2447/111/1870
f 2447/111/1870 2448/191/1871 2445/190/1868
f 2449/193/1872 2450/190/1873 2451/191/1874
f 2451/191/1874 2452/194/1875 2449/193/1872
s 0
f 2453/195/1876 2454/193/1876 2455/194/1876
f 2456/194/1877 2457/196/1877 2458/195/1877
s 1
f 2436/186/1859 2431/182/1854 2434/159/1857
f 2434/159/1857 2437/160/1860 2436/186/1859
f 2459/197/1878 2435/185/1858 2438/162/1861
f 2438/162/1861 2460/164/1879 2459/197/1878
f 2440/188/1863 2459/197/1878 2460/164/1879
f 2460/164/1879 2441/166/1864 2440/188/1863
f 2446/192/1869 2443/189/1866 2444/110/1867
f 2444/110/1867 2447/111/1870 2446/192/1869
f 2461/198/1880 2462/200/1880 2463/79/1880
s 0
f 2464/79/1881 2465/199/1881 2466/198/1881
f 2467/201/1882 2468/204/1882 2469/203/1882
f 2470/203/1883 2471/202/1883 2472/201/1883
f 2473/205/1884 2474/206/1884 2475/198/1884
f 2476/198/1885 2477/199/1885 2478/205/1885
f 2479/207/1886 2480/210/1886 2481/209/1886
f 2482/209/1887 2483/208/1887 2484/207/1887
f 2485/211/1888 2486/209/1888 2487/210/1888
f 2488/210/1889 2489/212/1889 2490/211/1889
f 2491/212/1890 2492/214/1890 2493/213/1890
f 2494/213/1891 2495/211/1891 2496/212/1891
s 1
f 2497/1085/1892 2498/1087/1893 2499/1080/1894
f 2499/1080/1894 2500/1078/1895 2497/1085/1892
f 2501/1090/1896 2502/1089/1897 2503/1077/1898
f 2503/1077/1898 2504/1084/1899 2501/1090/1896
f 2505/1093/1900 2506/1094/1901 2507/1092/1902
f 2507/1092/1902 2508/1095/1903 2505/1093/1900
f 353/218/256 356/221/259 2509/1096/1904
f 2509/1096/1904 2510/1097/1905 353/218/256
f 2511/1092/1906 2512/1090/1907 2513/1084/1908
f 2513/1084/1908 2514/1095/1909 2511/1092/1906
f 2515/222/1910 2516/224/1849 2517/223/1911
s 0
f 2518/225/1912 2517/223/1912 2516/224/1912
s 1
f 2516/224/1911 2519/227/1847 2520/226/1913
f 2518/225/1913 2516/224/1911 2520/226/1913
f 2521/228/1914 2522/231/1722 2523/230/1915
f 2523/230/1915 2524/229/1916 2521/228/1914
f 2525/226/1917 2526/227/1918 2527/231/1919
f 2527/231/1919 2528/228/1920 2525/226/1917
s 0
f 2529/232/1921 2530/235/1921 2531/234/1921
f 2531/234/1922 2532/233/1922 2529/232/1922
f 2533/236/1877 2534/237/1877 2535/235/1877
f 2536/235/1923 2537/232/1923 2538/236/1923
f 2539/238/1924 2540/50/1924 2541/34/1924
s 1
f 2541/34/1924 2542/239/1924 2539/238/1924
s 0
f 2543/239/1925 2544/34/1925 2545/35/1925
f 2546/35/1926 2547/240/1926 2548/239/1926
f 2549/241/1927 2550/244/1927 2551/243/1927
f 2552/243/1928 2553/242/1928 2554/241/1928
f 2555/242/1929 2556/243/1929 2557/246/1929
f 2557/246/1929 2558/245/1929 2555/242/1929
f 2559/247/1930 2560/180/1930 2561/50/1930
f 2562/50/1931 2563/238/1931 2564/247/1931
f 2565/248/1932 2566/249/1932 2567/180/1932
f 2568/180/1933 2569/247/1933 2570/248/1933
f 2571/250/1934 2572/251/1934 2573/249/1934
f 2574/249/1934 2575/248/1934 2576/250/1934
f 2577/252/1935 2578/252/1935 2579/252/1935
f 2580/252/1935 2581/252/1935 2582/252/1935
f 2583/245/1936 2584/246/1936 2585/254/1936
f 2586/254/1937 2587/253/1937 2588/245/1937
f 2589/255/1938 2590/196/1938 2591/257/1938
f 2592/257/1939 2593/256/1939 2594/255/1939
f 2595/258/1940 2596/258/1940 2597/259/1940
f 2598/259/1941 2599/259/1941 2600/258/1941
f 2601/260/1942 2602/263/1942 2603/262/1942
f 2604/262/1943 2605/261/1943 2606/260/1943
f 2607/264/1944 2608/195/1944 2609/196/1944
f 2610/196/1945 2611/255/1945 2612/264/1945
f 2613/261/1946 2614/262/1946 2615/266/1946
f 2616/266/1947 2617/265/1947 2618/261/1947
f 2619/248/1948 2620/222/1948 2621/223/1948
f 2622/223/1948 2623/250/1948 2624/248/1948
f 2625/247/1949 2626/224/1949 2627/222/1949
f 2628/222/1950 2629/248/1950 2630/247/1950
f 2631/238/1951 2632/227/1951 2633/224/1951
f 2634/224/1952 2635/247/1952 2636/238/1952
f 2637/252/1953 2638/252/1953 2639/252/1953
f 2640/252/1953 2641/252/1953 2642/252/1953
f 2643/253/1954 2644/225/1954 2645/226/1954
f 2646/226/1955 2647/245/1955 2648/253/1955
f 2649/240/1956 2650/230/1956 2651/231/1956
f 2652/231/1957 2653/239/1957 2654/240/1957
f 2655/242/1958 2656/228/1958 2657/229/1958
f 2658/229/1959 2659/241/1959 2660/242/1959
f 2661/239/1960 2662/231/1960 2663/227/1960
f 2663/227/1960 2664/238/1960 2661/239/1960
f 2665/245/1961 2666/226/1961 2667/228/1961
f 2667/228/1961 2668/242/1961 2665/245/1961
f 2669/259/1962 2670/259/1962 2671/258/1962
f 2672/258/1963 2673/258/1963 2674/259/1963
f 2675/256/1964 2676/234/1964 2677/235/1964
f 2678/235/1965 2679/255/1965 2680/256/1965
f 2681/261/1966 2682/232/1966 2683/233/1966
f 2684/233/1967 2685/260/1967 2686/261/1967
f 2687/255/1968 2688/235/1968 2689/237/1968
f 2690/237/1969 2691/264/1969 2692/255/1969
f 2693/265/1970 2694/236/1970 2695/232/1970
f 2696/232/1971 2697/261/1971 2698/265/1971
s 1
f 2282/1088/1775 2280/1086/1773 2279/1085/1772
f 2279/1085/1772 2283/1089/1776 2282/1088/1775
f 2502/1089/1897 2699/1085/1972 2700/1078/1973
f 2700/1078/1973 2503/1077/1898 2502/1089/1897
f 2701/267/1974 2702/267/1975 2703/269/1976
f 2703/269/1976 2704/268/1977 2701/267/1974
f 2705/270/332 2706/273/332 2707/272/1978
f 2707/272/1978 2708/271/333 2705/270/332
f 2709/274/1979 2710/277/1980 2711/276/1981
f 2711/276/1981 2712/275/1982 2709/274/1979
f 2713/278/1983 2714/281/1984 2715/280/1985
f 2715/280/1985 2716/279/1986 2713/278/1983
f 2716/279/1986 2715/280/1985 2717/283/1987
f 2717/283/1987 2718/282/1988 2716/279/1986
f 2719/277/1989 2720/285/1990 2721/284/1991
f 2721/284/1991 2722/276/1992 2719/277/1989
f 2723/286/1993 2724/289/1994 2725/288/1995
f 2725/288/1995 2726/287/1996 2723/286/1993
f 2727/290/1997 2728/292/1998 2729/291/1999
f 2730/293/2000 2731/296/2001 2732/295/2002
f 2732/295/2002 2733/294/2003 2730/293/2000
f 2734/297/2004 2735/271/2005 2736/298/2006
f 2737/270/2007 2738/275/2008 2739/299/2009
f 2740/273/2010 2741/301/2011 2742/300/2012
f 2734/297/2004 2738/275/2008 2737/270/2007
f 2737/270/2007 2735/271/2005 2734/297/2004
f 2743/299/369 2744/301/2013 2745/273/2014
f 2745/273/2014 2746/270/370 2743/299/369
f 2747/283/2015 2748/280/2016 2749/303/2017
f 2749/303/2017 2750/302/2018 2747/283/2015
f 2751/304/2019 2752/305/2020 2753/278/2021
f 2753/278/2021 2754/279/2022 2751/304/2019
f 2755/302/2023 2756/306/2024 2757/282/2025
f 2757/282/2025 2758/283/2026 2755/302/2023
f 2759/306/2027 2760/304/2028 2761/279/2029
f 2761/279/2029 2762/282/2030 2759/306/2027
f 2763/307/2031 2734/297/2004 2736/298/2006
f 2736/298/2006 2764/308/2032 2763/307/2031
f 2765/309/2033 2766/293/2034 2767/294/2035
f 2765/309/2033 2767/294/2035 2768/311/2036
f 2765/309/2033 2768/311/2036 2769/310/2037
f 2770/314/2038 2771/313/2039 2772/312/2040
f 2772/312/2040 2773/316/2041 2774/315/2042
f 2770/314/2038 2772/312/2040 2774/315/2042
f 2775/318/2043 2772/312/2040 2776/317/2044
f 2777/319/2045 2765/309/2033 2769/310/2037
f 2776/317/2044 2777/319/2045 2769/310/2037
f 2775/318/2043 2776/317/2044 2769/310/2037
f 2776/317/2044 2772/312/2040 2778/320/2046
f 2778/320/2046 2772/312/2040 2771/313/2039
f 2779/321/2047 2780/324/2048 2781/323/2049
f 2781/323/2049 2782/322/406 2779/321/2047
f 2783/325/409 2784/327/411 2785/326/410
f 2782/322/406 2781/323/2049 2786/329/413
f 2786/329/413 2787/328/412 2782/322/406
f 2787/328/412 2786/329/413 2783/325/409
f 2783/325/409 2785/326/410 2787/328/412
f 2788/330/2050 2789/332/2051 2790/331/2052
f 2791/333/2053 2714/281/1984 2713/278/1983
f 2713/278/1983 2792/334/2054 2791/333/2053
f 2793/335/2055 2794/335/2012 2795/335/2056
f 2795/335/2056 2796/335/2057 2793/335/2055
f 2797/336/2058 2791/333/2053 2792/334/2054
f 2792/334/2054 2798/337/2059 2797/336/2058
f 2799/335/2060 2793/335/2055 2796/335/2057
f 2796/335/2057 2800/335/2061 2799/335/2060
f 2801/338/2062 2802/208/2063 2803/339/2064
f 2804/335/2065 2805/340/2066 2806/335/2067
f 2807/341/2068 2808/334/2069 2809/278/2070
f 2809/278/2070 2810/305/2071 2807/341/2068
f 2811/342/2072 2812/337/2073 2808/334/2069
f 2808/334/2069 2807/341/2068 2811/342/2072
s 0
f 2813/338/2074 2814/342/2074 2815/208/2074
s 1
f 2816/343/2075 2817/344/2076 2818/289/2077
f 2818/289/2077 2819/286/2078 2816/343/2075
f 2820/345/2079 2821/346/2080 2817/344/2076
f 2817/344/2076 2816/343/2075 2820/345/2079
f 2822/347/2081 2823/314/2082 2824/315/2083
f 2825/348/2084 2826/314/2085 2702/267/1975
f 2702/267/1975 2701/267/1974 2825/348/2084
f 2824/315/2083 2827/350/2086 2828/349/2087
f 2822/347/2081 2824/315/2083 2828/349/2087
f 2827/350/2086 2824/315/2083 2829/351/2088
f 2824/315/2083 2830/52/2089 2831/53/2090
f 2831/53/2090 2829/351/2088 2824/315/2083
f 2832/246/2091 2833/243/2092 2834/353/2093
f 2834/353/2093 2835/352/2094 2832/246/2091
f 2836/354/2095 2837/356/2096 2838/355/2097
f 2839/357/2098 2840/359/2099 2841/358/2100
f 2842/360/2101 2840/359/2099 2839/357/2098
f 2839/357/2098 2843/361/2102 2842/360/2101
f 2844/362/2103 2842/360/2101 2843/361/2102
f 2843/361/2102 2845/363/2104 2844/362/2103
f 2846/364/2105 2844/362/2103 2845/363/2104
f 2845/363/2104 2847/365/2106 2846/364/2105
f 2848/366/1036 2846/364/2105 2847/365/2106
f 2847/365/2106 2849/367/2107 2848/366/1036
f 2848/366/1036 2849/367/2107 2850/369/2108
f 2850/369/2108 2851/368/2109 2848/366/1036
f 2851/368/2109 2850/369/2108 2852/371/2110
f 2852/371/2110 2853/370/2111 2851/368/2109
f 2853/370/2111 2852/371/2110 2854/373/2112
f 2854/373/2112 2855/372/2113 2853/370/2111
f 2855/372/2113 2854/373/2112 2836/354/2095
f 2836/354/2095 2838/355/2097 2855/372/2113
f 2841/358/2100 2840/359/2099 2856/374/2114
f 2842/360/2101 2857/375/2115 2856/374/2114
f 2856/374/2114 2840/359/2099 2842/360/2101
f 2844/362/2103 2858/376/2116 2857/375/2115
f 2857/375/2115 2842/360/2101 2844/362/2103
f 2846/364/2105 2859/377/2117 2858/376/2116
f 2858/376/2116 2844/362/2103 2846/364/2105
f 2848/366/1036 2860/378/2118 2859/377/2117
f 2859/377/2117 2846/364/2105 2848/366/1036
f 2861/379/2119 2860/378/2118 2848/366/1036
f 2848/366/1036 2851/368/2109 2861/379/2119
f 2862/380/2120 2861/379/2119 2851/368/2109
f 2851/368/2109 2853/370/2111 2862/380/2120
f 2863/381/2121 2862/380/2120 2853/370/2111
f 2853/370/2111 2855/372/2113 2863/381/2121
f 2864/382/2122 2863/381/2121 2855/372/2113
f 2855/372/2113 2838/355/2097 2864/382/2122
f 2838/355/2097 2837/356/2096 2864/382/2122
f 2865/383/2123 2866/386/2124 2867/385/2125
f 2867/385/2125 2868/384/2126 2865/383/2123
f 2869/387/2127 2870/388/2128 2866/386/2124
f 2866/386/2124 2865/383/2123 2869/387/2127
f 2871/389/2129 2872/390/2130 2870/388/2128
f 2870/388/2128 2869/387/2127 2871/389/2129
f 2872/390/2130 2871/389/2129 2873/393/2131
f 2872/390/2130 2873/393/2131 2874/392/2132
f 2872/390/2130 2874/392/2132 2875/391/2133
f 2876/394/2134 2877/395/2135 2875/391/2133
f 2875/391/2133 2874/392/2132 2876/394/2134
f 2876/394/2134 2878/397/2136 2879/396/2137
f 2879/396/2137 2877/395/2135 2876/394/2134
f 2878/397/2136 2880/399/2138 2881/398/2139
f 2881/398/2139 2879/396/2137 2878/397/2136
f 2882/400/2140 2883/402/2141 2884/401/2142
f 2884/401/2142 2881/398/2139 2882/400/2140
f 2885/405/2143 2886/404/2144 2887/403/2145
f 2887/403/2145 2884/401/2142 2883/402/2141
f 2885/405/2143 2887/403/2145 2883/402/2141
f 2886/404/2144 2888/407/2146 2889/406/2147
f 2889/406/2147 2887/403/2145 2886/404/2144
f 2890/404/2148 2891/403/2149 2892/406/2150
f 2892/406/2150 2893/407/2151 2890/404/2148
f 2894/402/2152 2895/401/2153 2891/403/2149
f 2891/403/2149 2890/404/2148 2894/402/2152
f 2896/400/2154 2897/398/2155 2895/401/2153
f 2895/401/2153 2894/402/2152 2896/400/2154
f 2898/397/2156 2899/396/2157 2897/398/2155
f 2897/398/2155 2896/400/2154 2898/397/2156
f 2900/394/2158 2901/395/2159 2899/396/2157
f 2899/396/2157 2898/397/2156 2900/394/2158
f 2900/394/2158 2902/392/2160 2903/391/2161
f 2903/391/2161 2901/395/2159 2900/394/2158
f 2902/392/2160 2904/389/2162 2905/390/2163
f 2905/390/2163 2903/391/2161 2902/392/2160
f 2904/389/2162 2906/387/2164 2907/388/2165
f 2907/388/2165 2905/390/2163 2904/389/2162
f 2906/387/2164 2908/409/2166 2909/408/2167
f 2909/408/2167 2907/388/2165 2906/387/2164
f 2908/409/2166 2910/384/2168 2911/385/2169
f 2911/385/2169 2909/408/2167 2908/409/2166
f 2912/385/2170 2913/386/2171 2914/411/2172
f 2914/411/2172 2915/410/2173 2912/385/2170
f 2913/386/2171 2916/388/2174 2917/412/2175
f 2917/412/2175 2914/411/2172 2913/386/2171
f 2916/388/2174 2918/390/2176 2919/413/2177
f 2919/413/2177 2917/412/2175 2916/388/2174
f 2918/390/2176 2920/391/2178 2921/414/2178
f 2921/414/2178 2919/413/2177 2918/390/2176
f 2920/391/2178 2922/395/2179 2923/415/2179
f 2923/415/2179 2921/414/2178 2920/391/2178
f 2922/395/2179 2924/396/2180 2925/416/2180
f 2925/416/2180 2923/415/2179 2922/395/2179
f 2924/396/2180 2926/398/2181 2927/417/2182
f 2927/417/2182 2925/416/2180 2924/396/2180
f 2926/398/2181 2928/401/2183 2929/418/2184
f 2929/418/2184 2927/417/2182 2926/398/2181
f 2928/401/2183 2930/403/2185 2931/419/2186
f 2931/419/2186 2929/418/2184 2928/401/2183
f 2930/403/2185 2932/406/2187 2933/420/2188
f 2933/420/2188 2931/419/2186 2930/403/2185
f 2934/406/2189 2935/403/2190 2936/419/2191
f 2936/419/2191 2937/420/2192 2934/406/2189
f 2935/403/2190 2938/401/2193 2939/418/2194
f 2939/418/2194 2936/419/2191 2935/403/2190
f 2938/401/2193 2940/398/2195 2941/417/2196
f 2941/417/2196 2939/418/2194 2938/401/2193
f 2940/398/2195 2942/396/2197 2943/416/2197
f 2943/416/2197 2941/417/2196 2940/398/2195
f 2942/396/2197 2944/395/2198 2945/415/2198
f 2945/415/2198 2943/416/2197 2942/396/2197
f 2944/395/2198 2946/391/2199 2947/414/2199
f 2947/414/2199 2945/415/2198 2944/395/2198
f 2946/391/2199 2948/390/2200 2949/413/2201
f 2949/413/2201 2947/414/2199 2946/391/2199
f 2948/390/2200 2950/388/2202 2951/412/2203
f 2951/412/2203 2949/413/2201 2948/390/2200
f 2950/388/2202 2952/408/2204 2953/421/2205
f 2953/421/2205 2951/412/2203 2950/388/2202
f 2952/408/2204 2954/385/2206 2955/410/2207
f 2955/410/2207 2953/421/2205 2952/408/2204
f 2956/422/2208 2869/387/2127 2865/383/2123
f 2865/383/2123 2957/423/2209 2956/422/2208
f 2958/424/2210 2871/389/2129 2869/387/2127
f 2869/387/2127 2956/422/2208 2958/424/2210
f 2959/425/2211 2960/426/2212 2874/392/2132
f 2874/392/2132 2873/393/2131 2959/425/2211
f 2961/427/2213 2876/394/2134 2874/392/2132
f 2874/392/2132 2960/426/2212 2961/427/2213
f 2962/428/2214 2878/397/2136 2876/394/2134
f 2876/394/2134 2961/427/2213 2962/428/2214
f 2963/429/2215 2886/404/2144 2885/405/2143
f 2885/405/2143 2964/430/2216 2963/429/2215
f 2965/431/2217 2890/404/2148 2893/407/2151
f 2893/407/2151 2966/432/2218 2965/431/2217
f 2967/433/2219 2896/400/2154 2894/402/2152
f 2894/402/2152 2968/434/2220 2967/433/2219
f 2969/435/2221 2898/397/2156 2896/400/2154
f 2896/400/2154 2967/433/2219 2969/435/2221
f 2970/436/2222 2900/394/2158 2898/397/2156
f 2898/397/2156 2969/435/2221 2970/436/2222
f 2971/437/2223 2904/389/2162 2902/392/2160
f 2902/392/2160 2972/438/2224 2971/437/2223
f 2973/439/2225 2906/387/2164 2904/389/2162
f 2904/389/2162 2971/437/2223 2973/439/2225
f 2974/440/2226 2908/409/2166 2906/387/2164
f 2906/387/2164 2973/439/2225 2974/440/2226
f 2975/441/2227 2910/384/2168 2908/409/2166
f 2908/409/2166 2974/440/2226 2975/441/2227
f 2957/423/2209 2865/383/2123 2868/384/2126
f 2868/384/2126 2976/441/2228 2957/423/2209
f 2977/442/2229 2880/399/2138 2878/397/2136
f 2878/397/2136 2962/428/2214 2977/442/2229
f 2964/430/2216 2883/402/2141 2882/400/2140
f 2882/400/2140 2978/443/2230 2964/430/2216
f 2979/432/2231 2888/407/2146 2886/404/2144
f 2886/404/2144 2963/429/2215 2979/432/2231
f 2968/434/2220 2894/402/2152 2890/404/2148
f 2890/404/2148 2965/431/2217 2968/434/2220
f 2972/438/2224 2902/392/2160 2900/394/2158
f 2900/394/2158 2970/436/2222 2972/438/2224
f 2881/398/2139 2880/399/2138 2882/400/2140
f 2978/443/2230 2882/400/2140 2880/399/2138
f 2880/399/2138 2977/442/2229 2978/443/2230
s 0
f 2980/293/2232 2981/309/2232 2982/444/2232
s 1
f 2780/324/2048 2779/321/2047 2788/330/2050
f 2788/330/2050 2790/331/2052 2780/324/2048
f 2730/293/2000 2983/444/2233 2731/296/2001
f 2984/1098/2234 2985/1099/2235 2986/1100/2236
f 2986/1100/2236 2987/1101/2234 2984/1098/2234
f 2988/298/2237 2708/271/333 2707/272/1978
f 2707/272/1978 2989/290/2238 2988/298/2237
f 2729/291/1999 2990/308/2239 2991/298/2240
f 2991/298/2240 2727/290/1997 2729/291/1999
s 0
f 2992/292/2241 2993/266/2241 2994/262/2241
f 2995/262/2242 2996/291/2242 2997/292/2242
s 1
f 844/449/608 847/451/611 2998/450/2243
f 2998/450/2243 2999/307/2244 844/449/608
f 3000/288/2245 3001/452/2246 3002/287/2247
f 3001/452/2246 3000/288/2245 3003/1102/2248
f 852/454/616 855/218/619 3004/1097/2249
f 3004/1097/2249 3005/1103/2250 852/454/616
s 0
f 3006/456/2251 3007/459/2251 3008/458/2251
f 3009/458/2252 3010/457/2252 3011/456/2252
s 1
f 3012/460/2253 865/463/625 864/462/624
f 864/462/624 3013/461/2254 3012/460/2253
f 2709/274/1979 2712/275/1982 3014/461/2255
f 2825/348/2084 2701/267/1974 2704/268/1977
f 2712/275/1982 3015/460/2256 3014/461/2255
f 3016/297/2257 3017/199/2258 3018/79/2259
f 3018/79/2259 2712/275/1982 3016/297/2257
f 3015/460/2256 2712/275/1982 3019/80/2260
f 3019/80/2260 2712/275/1982 3018/79/2259
f 3017/199/2258 3016/297/2257 3020/203/2261
f 3021/202/2262 3016/297/2257 3022/450/2263
f 3020/203/2261 3016/297/2257 3021/202/2262
f 3022/450/2263 3016/297/2257 3023/307/2264
f 3024/464/2265 3025/332/2266 3026/330/2267
f 3026/330/2267 3027/465/2268 3024/464/2265
f 3028/466/2269 3029/321/2270 3030/322/2271
f 3030/322/2271 3031/467/2272 3028/466/2269
f 3031/467/2272 3032/326/2273 3033/327/2274
f 3033/327/2274 3034/468/2275 3031/467/2272
f 3035/328/2276 3031/467/2272 3030/322/2271
f 3032/326/2273 3031/467/2272 3035/328/2276
f 3027/465/2268 3026/330/2267 3029/321/2270
f 3029/321/2270 3028/466/2269 3027/465/2268
f 3036/469/2277 2704/268/1977 3037/470/2278
f 2704/268/1977 3038/295/2279 3039/471/2280
f 3040/353/2281 3041/243/2282 3042/244/2283
f 3042/244/2283 3038/295/2279 2704/268/1977
f 2704/268/1977 2703/269/1976 3043/473/2284
f 3042/244/2283 2704/268/1977 3043/473/2284
f 3042/244/2283 3043/473/2284 3044/472/2285
f 3040/353/2281 3042/244/2283 3044/472/2285
f 3045/474/2286 3046/465/2287 3047/466/2288
f 3047/466/2288 3048/475/2289 3045/474/2286
f 3045/474/2286 3049/464/2290 3046/465/2287
f 3037/470/2278 2704/268/1977 3039/471/2280
f 3037/470/2278 3039/471/2280 3050/477/2291
f 3037/470/2278 3050/477/2291 3051/476/2292
f 3047/466/2288 3052/467/2293 3053/468/2294
f 3047/466/2288 3053/468/2294 3054/478/2295
f 3047/466/2288 3054/478/2295 3048/475/2289
s 0
f 3055/1094/2296 3056/1093/2296 3057/1097/2296
f 3058/1097/2297 3059/1096/2297 3060/1094/2297
s 1
f 2771/313/2039 2770/314/2038 3061/268/2298
s 0
f 3062/345/2299 3063/479/2299 3064/346/2299
s 1
f 3065/480/2300 3066/481/2301 2999/307/2244
f 3065/480/2300 2999/307/2244 3067/308/2302
f 3065/480/2300 3067/308/2302 3068/291/2303
f 921/482/675 844/449/608 2999/307/2244
f 2999/307/2244 3066/481/2301 3069/483/2304
f 921/482/675 2999/307/2244 3069/483/2304
s 0
f 925/486/677 924/485/677 3070/484/2305
f 925/486/2306 3070/484/2306 3065/480/2306
s 1
f 925/486/679 3065/480/2307 3071/194/2308
f 3072/257/2309 3073/196/1921 3071/194/2308
f 3072/257/2309 3071/194/2308 3065/480/2307
s 0
f 3065/480/2300 3068/291/2310 3074/262/2310
s 1
f 3065/480/2307 3074/262/2311 3075/263/2312
f 3072/257/2309 3065/480/2307 3075/263/2312
f 3076/487/2313 3077/480/2314 3078/484/2315
f 3078/484/2315 3079/488/2316 3076/487/2313
f 935/489/690 938/482/693 3080/483/2317
f 3080/483/2317 3081/490/2318 935/489/690
f 3081/490/2318 3080/483/2317 3082/481/2319
f 3082/481/2319 3083/491/2320 3081/490/2318
f 3084/490/696 943/492/698 942/489/697
f 3085/493/2321 3086/496/2322 3087/495/2323
f 3087/495/2323 3088/494/2324 3085/493/2321
f 948/497/703 949/498/704 3086/496/2322
f 3086/496/2322 3085/493/2321 948/497/703
f 3082/481/2319 3089/480/2325 3090/487/2326
f 3082/481/2319 3090/487/2326 3091/500/2327
f 3092/499/2328 3093/494/2329 3094/495/2330
f 3092/499/2328 3094/495/2330 3083/491/2320
f 3091/500/2327 3092/499/2328 3083/491/2320
f 3082/481/2319 3091/500/2327 3083/491/2320
f 3095/501/2331 3096/493/2332 3097/494/2333
f 3097/494/2333 3098/502/2334 3095/501/2331
f 3095/501/2331 961/503/716 960/497/715
f 960/497/715 3096/493/2332 3095/501/2331
f 3099/504/2335 3100/487/2336 3101/488/2337
f 3101/488/2337 3102/505/2338 3099/504/2335
f 3103/506/2339 3104/500/2339 3100/487/2336
f 3100/487/2336 3099/504/2335 3103/506/2339
f 3105/507/2340 3106/499/2341 3107/500/2342
f 3107/500/2342 3108/506/2343 3105/507/2340
f 3098/502/2334 3097/494/2333 3109/499/2344
f 3109/499/2344 3110/507/2345 3098/502/2334
f 3111/508/2346 3112/511/2347 3113/510/2348
f 3113/510/2348 3114/509/2349 3111/508/2346
f 3115/509/2350 3116/510/2351 3117/513/2352
f 3117/513/2352 3118/512/2353 3115/509/2350
f 3117/513/2352 983/515/737 982/514/736
f 982/514/736 3118/512/2353 3117/513/2352
f 3119/516/2354 3120/251/2355 3121/254/2356
f 3119/516/2354 3121/254/2356 3122/246/2357
f 3122/246/2357 3123/352/2358 3124/518/2359
f 3119/516/2354 3122/246/2357 3124/518/2359
f 3119/516/2354 3124/518/2359 3125/517/2360
f 3126/519/2361 3127/519/2362 3128/521/2363
f 3128/521/2363 3129/520/2364 3126/519/2361
f 3130/522/2365 3131/523/2366 3127/519/2362
f 3127/519/2362 3126/519/2361 3130/522/2365
f 3132/520/2367 3133/524/2368 3134/519/2369
f 3135/525/2370 3136/522/2371 3134/519/2369
f 3134/519/2369 3137/526/2372 3135/525/2370
f 3138/526/2373 3139/526/2374 3140/528/2375
f 3140/528/2375 3141/527/2376 3138/526/2373
f 3142/529/2377 3143/525/2378 3139/526/2374
f 3139/526/2374 3138/526/2373 3142/529/2377
f 3144/519/2379 3145/526/2380 3146/527/2381
f 3146/527/2381 3147/530/2382 3144/519/2379
f 3148/523/2383 3149/529/2384 3145/526/2380
f 3145/526/2380 3144/519/2379 3148/523/2383
f 3150/531/2385 3151/531/2386 3152/533/2387
f 3152/533/2387 3153/532/2388 3150/531/2385
f 3154/534/2389 3155/535/2390 3151/531/2386
f 3151/531/2386 3150/531/2385 3154/534/2389
f 3156/532/2391 3157/536/2392 3158/531/2393
f 3159/537/2394 3160/534/2395 3158/531/2393
f 3158/531/2393 3161/538/2396 3159/537/2394
f 3162/538/2397 3163/538/2398 3164/540/2399
f 3164/540/2399 3165/539/2400 3162/538/2397
f 3166/531/2401 3167/538/2402 3168/539/2403
f 3168/539/2403 3169/541/2404 3166/531/2401
f 3170/535/2405 3171/542/2406 3167/538/2402
f 3167/538/2402 3166/531/2401 3170/535/2405
f 3172/543/2407 3173/537/2408 3163/538/2398
f 3163/538/2398 3162/538/2397 3172/543/2407
s 0
f 3174/542/2409 3175/543/2409 3176/538/2409
s 1
f 3177/544/2410 3178/51/2411 3179/546/2412
f 3179/546/2412 3180/545/2413 3177/544/2410
f 3181/549/2414 3182/548/2415 3183/547/2416
f 3181/549/2414 3183/547/2416 3184/554/2417
f 3181/549/2414 3184/554/2417 3185/553/2418
f 3185/553/2418 3186/552/2419 3187/551/2420
f 3181/549/2414 3185/553/2418 3187/551/2420
f 3181/549/2414 3187/551/2420 3188/550/2421
f 3166/531/2401 3169/541/2404 3189/533/2422
f 3190/540/2423 3161/538/2396 3158/531/2393
f 3158/531/2393 3157/536/2392 3190/540/2423
f 3191/528/2424 3137/526/2372 3134/519/2369
f 3134/519/2369 3133/524/2368 3191/528/2424
f 3144/519/2379 3147/530/2382 3192/521/2425
f 3193/1104/2426 3194/1105/332 3195/1106/2427
f 3195/1106/2427 3196/1107/2428 3197/1108/2429
f 3193/1104/2426 3195/1106/2427 3197/1108/2429
f 3193/1104/2426 3197/1108/2429 3198/1109/2430
f 3193/1104/2426 3198/1109/2430 3199/1110/2431
f 3200/1111/2432 3201/1112/2433 3202/1113/2434
f 3202/1113/2434 3198/1109/2430 3197/1108/2429
f 3200/1111/2432 3202/1113/2434 3197/1108/2429
f 3200/1111/2432 3197/1108/2429 3203/1114/2435
f 3200/1111/2432 3203/1114/2435 3204/1115/332
f 3205/567/2436 3206/570/2437 3207/569/2438
f 3207/569/2438 3208/568/2439 3205/567/2436
f 3209/571/2440 3210/574/2441 3211/573/2442
f 3211/573/2442 3212/572/2443 3209/571/2440
f 3213/575/2444 3214/578/2445 3215/577/2446
f 3215/577/2446 3216/576/2447 3213/575/2444
f 3217/581/2448 3218/580/2449 3219/579/2450
f 3219/579/2450 3220/583/2451 3221/582/2452
f 3217/581/2448 3219/579/2450 3221/582/2452
f 3210/574/2441 3209/571/2440 3222/586/2453
f 3210/574/2441 3222/586/2453 3223/585/2454
f 3210/574/2441 3223/585/2454 3224/584/2455
f 3223/585/2454 3225/588/2456 3226/587/2457
f 3226/587/2457 3224/584/2455 3223/585/2454
f 3214/578/2445 3217/581/2448 3221/582/2452
f 3221/582/2452 3215/577/2446 3214/578/2445
f 3227/589/2458 3228/592/2459 3229/591/2460
f 3229/591/2460 3230/590/2461 3227/589/2458
f 3231/593/2462 3232/594/2463 3233/570/2464
f 3233/570/2464 3234/567/2465 3231/593/2462
f 3213/575/2444 3216/576/2447 3235/577/2466
f 3235/577/2466 3236/595/2467 3213/575/2444
f 3208/568/2439 3207/569/2438 3237/592/2468
f 3237/592/2468 3238/589/2469 3208/568/2439
f 3239/580/2470 3240/598/2471 3241/597/2472
f 3239/580/2470 3241/597/2472 3242/596/2473
f 3239/580/2470 3242/596/2473 3243/579/2474
f 3244/601/2475 3245/600/2476 3246/599/2477
f 3246/599/2477 3247/586/2478 3248/603/2479
f 3246/599/2477 3248/603/2479 3249/602/2480
f 3244/601/2475 3246/599/2477 3249/602/2480
f 3250/606/2481 3251/605/2482 3252/604/2483
f 3252/604/2483 3253/589/2484 3254/590/2485
f 3250/606/2481 3252/604/2483 3254/590/2485
f 3255/567/2486 3256/609/2487 3257/608/2488
f 3255/567/2486 3257/608/2488 3258/607/2489
f 3255/567/2486 3258/607/2489 3259/593/2490
f 3260/610/2491 3261/613/2492 3262/612/2493
f 3262/612/2493 3263/611/2494 3260/610/2491
f 3264/614/2495 3265/617/2496 3266/616/2497
f 3266/616/2497 3267/615/2498 3264/614/2495
f 3268/618/2499 3269/621/2500 3270/620/2501
f 3270/620/2501 3271/619/2502 3268/618/2499
f 3272/622/2503 3273/625/2504 3274/624/2505
f 3274/624/2505 3275/623/2506 3272/622/2503
f 3263/611/2494 3262/612/2493 3276/627/2507
f 3276/627/2507 3277/626/2508 3263/611/2494
f 3278/628/2509 3279/629/2510 3269/621/2500
f 3269/621/2500 3268/618/2499 3278/628/2509
f 3280/630/2511 3281/631/2512 3279/629/2510
f 3279/629/2510 3278/628/2509 3280/630/2511
f 3277/626/2508 3276/627/2507 3273/625/2504
f 3273/625/2504 3272/622/2503 3277/626/2508
f 3282/632/2513 3283/633/2514 3261/613/2492
f 3261/613/2492 3260/610/2491 3282/632/2513
f 3271/619/2502 3270/620/2501 3265/617/2496
f 3265/617/2496 3264/614/2495 3271/619/2502
f 3275/623/2506 3274/624/2505 3281/631/2512
f 3281/631/2512 3280/630/2511 3275/623/2506
f 3267/615/2498 3266/616/2497 3283/633/2514
f 3283/633/2514 3282/632/2513 3267/615/2498
f 3284/634/2515 3285/635/2516 3240/598/2471
f 3240/598/2471 3239/580/2470 3284/634/2515
f 3286/636/2517 3285/635/2516 3284/634/2515
f 3284/634/2515 3287/637/2518 3286/636/2517
f 3288/638/2519 3289/635/2520 3286/636/2517
f 3286/636/2517 3287/637/2518 3288/638/2519
f 3246/599/2477 3290/640/2521 3291/639/2522
f 3291/639/2522 3247/586/2478 3246/599/2477
f 3292/641/2523 3293/634/2524 3294/580/2525
f 3294/580/2525 3295/642/2526 3292/641/2523
f 3296/643/2527 3297/637/2528 3298/634/2529
f 3298/634/2529 3299/641/2530 3296/643/2527
f 3300/644/2531 3301/638/2532 3297/637/2528
f 3297/637/2528 3296/643/2527 3300/644/2531
f 3302/642/2533 3303/580/2534 3304/638/2535
f 3304/638/2535 3305/644/2536 3302/642/2533
f 3306/642/2537 3307/580/2538 3308/581/2539
f 3308/581/2539 3309/645/2540 3306/642/2537
f 3310/645/2541 3311/581/2542 3312/578/2543
f 3312/578/2543 3313/646/2544 3310/645/2541
f 3313/646/2544 3312/578/2543 3314/575/2545
f 3314/575/2545 3315/647/2546 3313/646/2544
f 3315/647/2546 3314/575/2545 3316/595/2547
f 3316/595/2547 3317/648/2548 3315/647/2546
f 3318/649/2549 3319/650/2550 3320/580/2551
f 3320/580/2551 3321/642/2552 3318/649/2549
f 3316/595/2547 3322/650/2553 3323/649/2554
f 3323/649/2554 3317/648/2548 3316/595/2547
f 3324/651/2555 3325/654/2556 3326/653/2557
f 3326/653/2557 3327/652/2558 3324/651/2555
f 3324/651/2555 3327/652/2558 3328/655/2559
f 3329/656/2560 3330/658/2561 3331/657/2562
f 3332/659/2563 3331/657/2562 3330/658/2561
f 3330/658/2561 3333/660/2564 3332/659/2563
f 3334/661/2565 3335/662/2566 3328/655/2559
f 3328/655/2559 3327/652/2558 3334/661/2565
f 3334/661/2565 3327/652/2558 3326/653/2557
f 3326/653/2557 3336/663/2567 3334/661/2565
f 3330/658/2561 3337/665/2568 3338/664/2567
f 3338/664/2567 3333/660/2564 3330/658/2561
f 3337/665/2568 3330/658/2561 3329/656/2560
f 3329/656/2560 3339/666/2566 3337/665/2568
s 0
f 3340/667/2569 3341/669/2569 3342/668/2569
s 1
f 3343/670/2570 3344/673/2571 3345/672/2572
f 3345/672/2572 3346/671/2573 3343/670/2570
f 3347/674/2574 3348/675/2575 3349/673/2576
f 3349/673/2576 3350/670/2577 3347/674/2574
f 3351/676/2578 3352/679/2579 3353/678/2580
f 3353/678/2580 3354/677/2581 3351/676/2578
f 3355/680/2582 3356/669/2583 3357/682/2584
f 3357/682/2584 3358/681/2585 3355/680/2582
f 3359/671/2586 3360/672/2587 3361/668/2588
f 3361/668/2588 3362/683/2589 3359/671/2586
f 3354/677/2581 3353/678/2580 3348/675/2575
f 3348/675/2575 3347/674/2574 3354/677/2581
f 3358/681/2585 3357/682/2584 3352/679/2579
f 3352/679/2579 3351/676/2578 3358/681/2585
f 3362/683/2589 3361/668/2588 3356/669/2583
f 3356/669/2583 3355/680/2582 3362/683/2589
f 3363/690/2590 3364/689/2591 3365/688/2592
f 3365/688/2592 3366/687/2593 3367/686/2594
f 3367/686/2594 3368/685/2595 3369/684/2596
f 3365/688/2592 3367/686/2594 3369/684/2596
f 3363/690/2590 3365/688/2592 3369/684/2596
f 3363/690/2590 3369/684/2596 3370/691/2597
f 3371/692/2598 3372/678/2599 3373/679/2600
f 3374/682/2601 3375/694/2602 3376/693/2603
f 3373/679/2600 3374/682/2601 3376/693/2603
f 3371/692/2598 3373/679/2600 3376/693/2603
f 3377/695/2604 3378/610/2605 3379/611/2606
f 3379/611/2606 3380/696/2606 3377/695/2604
f 3381/697/2607 3382/614/2608 3383/615/2609
f 3383/615/2609 3384/698/2610 3381/697/2607
f 3385/699/2611 3386/618/2611 3387/619/2612
f 3387/619/2612 3388/700/2613 3385/699/2611
f 3389/701/2614 3390/622/2615 3391/623/2616
f 3391/623/2616 3392/702/2617 3389/701/2614
f 3393/696/2618 3394/611/2619 3395/626/2620
f 3395/626/2620 3396/703/2621 3393/696/2618
f 3397/704/2622 3398/628/2623 3399/618/2624
f 3399/618/2624 3400/699/2625 3397/704/2622
f 3401/705/2626 3402/630/2627 3403/628/2628
f 3403/628/2628 3404/704/2629 3401/705/2626
f 3405/703/2630 3406/626/2631 3390/622/2615
f 3390/622/2615 3389/701/2614 3405/703/2630
f 3407/706/2632 3408/632/2633 3378/610/2605
f 3378/610/2605 3377/695/2604 3407/706/2632
f 3388/700/2613 3387/619/2612 3409/614/2634
f 3409/614/2634 3410/697/2635 3388/700/2613
f 3392/702/2617 3391/623/2616 3402/630/2627
f 3402/630/2627 3401/705/2626 3392/702/2617
f 3384/698/2610 3383/615/2609 3411/632/2636
f 3411/632/2636 3412/706/2637 3384/698/2610
s 0
f 3413/707/1027 3414/695/1023 3415/696/1023
s 1
f 3415/696/1024 3416/708/2638 3413/707/2638
s 0
f 3417/709/85 3418/697/85 3419/698/85
f 3419/698/85 3420/710/85 3417/709/85
s 1
f 3421/711/2639 3422/699/2640 3423/700/1024
f 3423/700/1024 3424/712/1025 3421/711/2639
f 3425/713/2641 3426/701/2642 3427/702/1374
f 3427/702/1374 3428/714/1374 3425/713/2641
s 0
f 3416/708/85 3415/696/85 3429/703/85
f 3429/703/85 3430/715/85 3416/708/85
s 1
f 3431/716/2643 3432/704/2644 3422/699/2640
f 3422/699/2640 3421/711/2639 3431/716/2643
f 3433/717/2645 3434/705/2646 3432/704/2644
f 3432/704/2644 3431/716/2643 3433/717/2645
f 3430/715/85 3429/703/85 3426/701/2642
f 3426/701/2642 3425/713/2641 3430/715/85
s 0
f 3435/718/85 3436/706/85 3414/695/85
f 3414/695/85 3413/707/2638 3435/718/85
f 3424/712/85 3423/700/85 3418/697/85
f 3418/697/85 3417/709/85 3424/712/85
s 1
f 3428/714/1374 3427/702/1374 3434/705/2646
f 3434/705/2646 3433/717/2645 3428/714/1374
s 0
f 3420/710/85 3419/698/85 3436/706/85
f 3436/706/85 3435/718/85 3420/710/85
s 1
f 3437/707/47 3438/707/47 3439/708/2647
f 3439/708/2647 3440/708/2647 3437/707/47
f 3441/709/2648 3442/709/2648 3443/710/2649
f 3443/710/2649 3444/710/2649 3441/709/2648
f 3445/711/2650 3446/711/2651 3447/712/2652
f 3447/712/2652 3448/712/2652 3445/711/2650
f 3449/713/2653 3450/713/2653 3451/714/2654
f 3451/714/2654 3452/714/2655 3449/713/2653
f 3440/708/2647 3439/708/2647 3453/715/2656
f 3453/715/2656 3454/715/2656 3440/708/2647
f 3455/716/2657 3456/716/2658 3446/711/2651
f 3446/711/2651 3445/711/2650 3455/716/2657
f 3457/717/1050 3458/717/1050 3456/716/2658
f 3456/716/2658 3455/716/2657 3457/717/1050
f 3454/715/2656 3453/715/2656 3459/713/2659
f 3459/713/2659 3460/713/1049 3454/715/2656
s 0
f 3461/718/1053 3462/718/1053 3463/707/1053
f 3463/707/1053 3464/707/1053 3461/718/1053
s 1
f 3448/712/2652 3447/712/2652 3465/709/1052
f 3465/709/1052 3466/709/1052 3448/712/2652
f 3452/714/2655 3451/714/2654 3467/717/2660
f 3467/717/2660 3468/717/2660 3452/714/2655
f 3444/710/2649 3443/710/2649 3469/718/2661
f 3469/718/2661 3470/718/2661 3444/710/2649
s 0
f 3471/709/85 3472/710/85 3473/718/85
f 3473/718/85 3474/707/85 3475/708/85
f 3471/709/85 3473/718/85 3475/708/85
s 1
f 3475/708/85 3476/715/85 3477/713/1056
f 3477/713/1056 3478/714/1060 3479/717/2662
f 3475/708/85 3477/713/1056 3479/717/2662
f 3471/709/85 3475/708/85 3479/717/2662
f 3479/717/2662 3480/716/2663 3481/711/2664
f 3471/709/85 3479/717/2662 3481/711/2664
f 3471/709/85 3481/711/2664 3482/712/85
f 3483/719/2665 3484/722/2666 3485/721/2667
f 3485/721/2667 3486/720/2668 3483/719/2665
f 3487/723/2669 3488/724/2670 3484/722/2666
f 3484/722/2666 3483/719/2665 3487/723/2669
f 3489/725/2671 3490/726/2672 3488/724/2670
f 3488/724/2670 3487/723/2669 3489/725/2671
f 3491/727/2673 3492/728/2674 3490/726/2672
f 3490/726/2672 3489/725/2671 3491/727/2673
f 3493/729/2675 3494/730/2676 3492/728/2674
f 3492/728/2674 3491/727/2673 3493/729/2675
f 3495/731/2677 3496/732/2678 3494/730/2676
f 3494/730/2676 3493/729/2675 3495/731/2677
f 3497/733/2679 3498/734/2680 3496/732/2678
f 3496/732/2678 3495/731/2677 3497/733/2679
f 3499/735/2681 3500/736/2682 3498/734/2680
f 3498/734/2680 3497/733/2679 3499/735/2681
f 3501/737/2683 3502/738/2684 3500/736/2682
f 3500/736/2682 3499/735/2681 3501/737/2683
f 3503/739/2685 3504/740/2686 3502/738/2684
f 3502/738/2684 3501/737/2683 3503/739/2685
f 3505/741/2687 3506/742/2688 3504/740/2686
f 3504/740/2686 3503/739/2685 3505/741/2687
f 3507/743/2689 3508/744/2690 3506/742/2688
f 3506/742/2688 3505/741/2687 3507/743/2689
f 3509/745/2691 3510/746/2692 3508/744/2690
f 3508/744/2690 3507/743/2689 3509/745/2691
f 3511/747/2693 3512/748/2694 3510/746/2692
f 3510/746/2692 3509/745/2691 3511/747/2693
f 3486/720/2668 3485/721/2667 3512/748/2694
f 3512/748/2694 3511/747/2693 3486/720/2668
f 3513/749/2695 3483/719/2665 3486/720/2668
f 3486/720/2668 3514/750/2696 3513/749/2695
f 3515/751/2697 3487/723/2669 3483/719/2665
f 3483/719/2665 3513/749/2695 3515/751/2697
f 3516/752/2698 3489/725/2671 3487/723/2669
f 3487/723/2669 3515/751/2697 3516/752/2698
f 3517/753/2699 3491/727/2673 3489/725/2671
f 3489/725/2671 3516/752/2698 3517/753/2699
f 3518/754/2700 3493/729/2675 3491/727/2673
f 3491/727/2673 3517/753/2699 3518/754/2700
f 3519/755/2701 3495/731/2677 3493/729/2675
f 3493/729/2675 3518/754/2700 3519/755/2701
f 3520/756/2702 3497/733/2679 3495/731/2677
f 3495/731/2677 3519/755/2701 3520/756/2702
f 3521/757/2703 3499/735/2681 3497/733/2679
f 3497/733/2679 3520/756/2702 3521/757/2703
f 3522/758/2704 3501/737/2683 3499/735/2681
f 3499/735/2681 3521/757/2703 3522/758/2704
f 3523/759/2705 3503/739/2685 3501/737/2683
f 3501/737/2683 3522/758/2704 3523/759/2705
f 3524/760/2706 3505/741/2687 3503/739/2685
f 3503/739/2685 3523/759/2705 3524/760/2706
f 3525/761/2707 3507/743/2689 3505/741/2687
f 3505/741/2687 3524/760/2706 3525/761/2707
f 3526/762/2708 3509/745/2691 3507/743/2689
f 3507/743/2689 3525/761/2707 3526/762/2708
f 3527/763/2709 3511/747/2693 3509/745/2691
f 3509/745/2691 3526/762/2708 3527/763/2709
f 3514/750/2696 3486/720/2668 3511/747/2693
f 3511/747/2693 3527/763/2709 3514/750/2696
f 3528/764/2710 3513/749/2695 3514/750/2696
f 3514/750/2696 3529/765/2711 3528/764/2710
f 3530/766/2712 3515/751/2697 3513/749/2695
f 3513/749/2695 3528/764/2710 3530/766/2712
f 3531/767/2713 3516/752/2698 3515/751/2697
f 3515/751/2697 3530/766/2712 3531/767/2713
f 3532/768/2714 3517/753/2699 3516/752/2698
f 3516/752/2698 3531/767/2713 3532/768/2714
f 3533/769/2715 3518/754/2700 3517/753/2699
f 3517/753/2699 3532/768/2714 3533/769/2715
f 3534/770/2716 3519/755/2701 3518/754/2700
f 3518/754/2700 3533/769/2715 3534/770/2716
f 3535/771/2717 3520/756/2702 3519/755/2701
f 3519/755/2701 3534/770/2716 3535/771/2717
f 3536/772/2718 3521/757/2703 3520/756/2702
f 3520/756/2702 3535/771/2717 3536/772/2718
f 3537/773/2719 3522/758/2704 3521/757/2703
f 3521/757/2703 3536/772/2718 3537/773/2719
f 3538/774/2720 3523/759/2705 3522/758/2704
f 3522/758/2704 3537/773/2719 3538/774/2720
f 3539/775/2721 3524/760/2706 3523/759/2705
f 3523/759/2705 3538/774/2720 3539/775/2721
f 3540/776/2722 3525/761/2707 3524/760/2706
f 3524/760/2706 3539/775/2721 3540/776/2722
f 3541/777/2723 3526/762/2708 3525/761/2707
f 3525/761/2707 3540/776/2722 3541/777/2723
f 3542/778/2724 3527/763/2709 3526/762/2708
f 3526/762/2708 3541/777/2723 3542/778/2724
f 3529/765/2711 3514/750/2696 3527/763/2709
f 3527/763/2709 3542/778/2724 3529/765/2711
f 3529/765/2711 3543/779/2725 3528/764/2710
f 3528/764/2710 3543/779/2725 3530/766/2712
f 3530/766/2712 3543/779/2725 3531/767/2713
f 3531/767/2713 3543/779/2725 3532/768/2714
f 3532/768/2714 3543/779/2725 3533/769/2715
f 3533/769/2715 3543/779/2725 3534/770/2716
f 3534/770/2716 3543/779/2725 3535/771/2717
f 3535/771/2717 3543/779/2725 3536/772/2718
f 3536/772/2718 3543/779/2725 3537/773/2719
f 3537/773/2719 3543/779/2725 3538/774/2720
f 3538/774/2720 3543/779/2725 3539/775/2721
f 3539/775/2721 3543/779/2725 3540/776/2722
f 3540/776/2722 3543/779/2725 3541/777/2723
f 3541/777/2723 3543/779/2725 3542/778/2724
f 3542/778/2724 3543/779/2725 3529/765/2711
f 3544/673/2726 3545/721/2727 3546/722/2728
f 3546/722/2728 3547/672/2729 3544/673/2726
f 3548/724/2730 3547/672/2729 3546/722/2728
f 3549/726/2731 3547/672/2729 3548/724/2730
f 3547/672/2729 3549/726/2731 3550/728/2732
f 3550/728/2732 3551/603/2733 3547/672/2729
f 3552/730/2734 3551/603/2733 3550/728/2732
f 3553/732/2735 3551/603/2733 3552/730/2734
f 3554/734/2736 3551/603/2733 3553/732/2735
f 3249/602/2480 3555/673/2737 3244/601/2475
f 3556/746/2738 3544/673/2726 3557/744/2739
f 3558/748/2740 3544/673/2726 3556/746/2738
f 3545/721/2727 3544/673/2726 3558/748/2740
f 3559/780/1695 3270/620/2501 3269/621/2500
f 3269/621/2500 3560/781/2741 3559/780/1695
f 3561/782/2742 3562/600/2743 3563/601/2744
f 3563/601/2744 3564/783/2745 3561/782/2742
f 3565/784/2746 3566/785/2747 3567/620/2748
f 3567/620/2748 3568/780/2749 3565/784/2746
f 3569/783/2750 3570/601/2750 3571/693/2751
f 3571/693/2751 3572/786/2751 3569/783/2750
f 3573/783/2752 3574/786/2753 3575/787/2753
f 3575/787/2753 3576/782/2752 3573/783/2752
s 0
f 3577/597/1152 3578/596/1152 3579/596/1152
f 3580/788/1153 3581/788/1153 3582/789/1153
f 3583/788/1154 3584/788/1154 3585/596/1154
f 3585/596/1154 3586/596/1154 3583/788/1154
s 1
f 3587/789/2754 3588/788/2755 3589/596/2756
f 3589/596/2756 3590/597/2757 3587/789/2754
f 3219/579/2450 3591/791/2758 3592/790/2759
f 3593/794/2760 3594/793/2761 3595/792/2762
f 3593/794/2760 3595/792/2762 3596/795/2763
f 3593/794/2760 3596/795/2763 3220/583/2451
f 3592/790/2759 3593/794/2760 3220/583/2451
f 3219/579/2450 3592/790/2759 3220/583/2451
f 3597/798/2764 3598/797/2765 3599/796/2766
f 3599/796/2766 3220/583/2451 3596/795/2763
f 3597/798/2764 3599/796/2766 3596/795/2763
f 3598/797/2765 3600/799/2767 3599/796/2766
f 3601/791/2768 3243/579/2474 3242/596/2473
f 3602/799/2769 3603/797/2770 3604/802/2771
f 3605/788/2772 3602/799/2769 3604/802/2771
f 3605/788/2772 3604/802/2771 3606/801/2773
f 3607/792/2774 3608/793/2775 3609/800/2776
f 3606/801/2773 3607/792/2774 3609/800/2776
f 3605/788/2772 3606/801/2773 3609/800/2776
f 3605/788/2772 3609/800/2776 3610/803/2777
f 3242/596/2473 3605/788/2772 3610/803/2777
f 3601/791/2768 3242/596/2473 3610/803/2777
f 3248/603/2479 3247/586/2478 3611/571/2778
f 3611/571/2778 3612/672/2779 3248/603/2479
f 3613/572/2780 3614/669/2781 3615/667/2782
f 3615/667/2782 3616/668/2783 3612/672/2779
f 3613/572/2780 3615/667/2782 3612/672/2779
f 3613/572/2780 3612/672/2779 3611/571/2778
f 3544/673/2726 3617/602/2784 3618/742/2785
f 3618/742/2785 3557/744/2739 3544/673/2726
f 3617/602/2784 3619/740/2786 3618/742/2785
f 3617/602/2784 3620/738/2787 3619/740/2786
f 3617/602/2784 3621/736/2788 3620/738/2787
f 3554/734/2736 3621/736/2788 3617/602/2784
f 3617/602/2784 3551/603/2733 3554/734/2736
f 3120/251/2355 3119/516/2354 3622/804/2789
f 3120/251/2355 3622/804/2789 3623/805/2790
f 3623/805/2790 2258/60/1758 2257/47/1757
f 2257/47/1757 2427/48/1850 2425/180/1848
f 2257/47/1757 2425/180/1848 3624/249/2791
f 3623/805/2790 2257/47/1757 3624/249/2791
f 3120/251/2355 3623/805/2790 3624/249/2791
f 3613/572/2780 3375/694/2602 3374/682/2601
f 3374/682/2601 3614/669/2781 3613/572/2780
f 3212/572/2443 3211/573/2442 3625/694/2792
f 3244/601/2475 3555/673/2737 3626/675/2793
f 3626/675/2793 3372/678/2599 3371/692/2598
f 3244/601/2475 3626/675/2793 3371/692/2598
f 3244/601/2475 3371/692/2598 3376/693/2603
f 2964/430/2216 2885/405/2143 2883/402/2141
f 3182/548/2415 3181/549/2414 3627/806/2794
f 3627/806/2794 3628/808/2795 3125/517/2360
f 3182/548/2415 3627/806/2794 3125/517/2360
f 3125/517/2360 3124/518/2359 3629/807/2796
f 3182/548/2415 3125/517/2360 3629/807/2796
f 3003/1102/2248 3630/809/2797 3001/452/2246
f 3631/810/2798 3632/813/2799 3633/812/2800
f 3633/812/2800 3634/811/2801 3631/810/2798
f 3635/811/2802 3636/812/2803 3637/815/2804
f 3637/815/2804 3638/814/2805 3635/811/2802
f 3639/816/2806 3640/819/2807 3641/818/2808
f 3641/818/2808 3642/817/2809 3639/816/2806
f 3643/820/2810 3644/821/2811 3645/819/2812
f 3645/819/2812 3646/816/2813 3643/820/2810
f 3647/822/2814 3648/823/2815 3644/821/2811
f 3644/821/2811 3643/820/2810 3647/822/2814
f 3649/817/2816 3650/818/2817 3651/825/2818
f 3651/825/2818 3652/824/2819 3649/817/2816
f 3653/814/2820 3654/815/2821 3648/823/2815
f 3648/823/2815 3647/822/2814 3653/814/2820
f 3652/824/2819 3651/825/2818 3655/827/2822
f 3655/827/2822 3656/826/2823 3652/824/2819
f 3657/826/2824 3658/827/2825 3659/829/2826
f 3659/829/2826 3660/828/2826 3657/826/2824
f 3661/828/2827 3662/829/2828 3663/813/2829
f 3663/813/2829 3664/810/2830 3661/828/2827
f 3665/830/2831 3666/810/2832 3667/811/2833
f 3667/811/2833 3668/831/2834 3665/830/2831
f 3668/831/2834 3667/811/2833 3669/814/2835
f 3669/814/2835 3670/832/2836 3668/831/2834
f 3671/817/2837 3672/835/2838 3673/834/2839
f 3671/817/2837 3673/834/2839 3674/833/2840
f 3671/817/2837 3674/833/2840 3675/816/2841
f 3676/836/2842 3677/820/2843 3675/816/2841
f 3675/816/2841 3674/833/2840 3676/836/2842
f 3678/837/2844 3679/822/2845 3677/820/2843
f 3677/820/2843 3676/836/2842 3678/837/2844
f 3672/835/2838 3671/817/2837 3680/824/2846
f 3680/824/2846 3681/838/2847 3672/835/2838
f 3670/832/2836 3669/814/2835 3679/822/2845
f 3679/822/2845 3678/837/2844 3670/832/2836
f 3681/838/2847 3680/824/2846 3682/826/2848
f 3682/826/2848 3683/839/2849 3681/838/2847
f 3683/839/2849 3682/826/2848 3684/828/2850
f 3684/828/2850 3685/840/2851 3683/839/2849
f 3685/840/2851 3684/828/2850 3666/810/2832
f 3666/810/2832 3665/830/2831 3685/840/2851
s 0
f 3686/841/2852 3687/844/2852 3688/843/2852
f 3688/843/2852 3689/842/2852 3686/841/2852
f 3690/842/2853 3691/843/2853 3692/846/2853
f 3692/846/2853 3693/845/2853 3690/842/2853
s 1
f 3694/834/2854 3695/847/2855 3696/833/2856
f 3697/848/2857 3698/851/2858 3699/850/2859
f 3699/850/2859 3700/849/2859 3697/848/2857
f 3701/852/2860 3702/853/2861 3698/851/2858
f 3698/851/2858 3697/848/2857 3701/852/2860
f 3703/854/2862 3704/857/2862 3705/856/2863
f 3705/856/2863 3706/855/2863 3703/854/2862
f 3707/845/2864 3708/846/2865 3702/853/2861
f 3702/853/2861 3701/852/2860 3707/845/2864
f 3706/855/2863 3705/856/2863 3709/859/2866
f 3709/859/2866 3710/858/2866 3706/855/2863
s 0
f 3711/858/2867 3712/859/2867 3713/861/2867
f 3713/861/2867 3714/860/2867 3711/858/2867
f 3715/860/2868 3716/861/2868 3717/844/2868
f 3717/844/2868 3718/841/2868 3715/860/2868
s 1
f 3719/1116/2869 3720/1117/2870 3721/1118/2871
f 3719/1116/2869 3721/1118/2871 3722/1119/2872
f 3719/1116/2869 3722/1119/2872 3723/1120/2873
f 3722/1119/2872 3721/1118/2871 3724/1121/2874
f 3722/1119/2872 3724/1121/2874 3725/1122/2875
f 3725/1122/2875 3726/1123/2876 3727/1124/2877
f 3722/1119/2872 3725/1122/2875 3727/1124/2877
f 3722/1119/2872 3727/1124/2877 3728/1125/2878
f 3729/849/2855 3730/850/2854 3731/857/2855
s 0
f 3731/857/2855 3732/854/2855 3729/849/2855
s 1
f 3733/872/2879 3734/567/2880 3735/568/2881
f 3735/568/2881 3736/873/2882 3733/872/2879
f 3736/873/2882 3735/568/2881 3737/589/2883
f 3737/589/2883 3738/874/2884 3736/873/2882
f 3738/874/2884 3737/589/2883 3739/604/2885
f 3739/604/2885 3740/875/2886 3738/874/2884
f 3741/876/2887 3742/609/2888 3734/567/2880
f 3734/567/2880 3733/872/2879 3741/876/2887
f 3743/877/2889 3744/878/2890 3742/609/2888
f 3742/609/2888 3741/876/2887 3743/877/2889
f 3740/875/2886 3739/604/2885 3744/878/2890
f 3744/878/2890 3743/877/2889 3740/875/2886
f 3745/879/2891 3746/872/2892 3747/873/2893
f 3747/873/2893 3748/880/2894 3745/879/2891
f 3748/880/2894 3747/873/2893 3749/874/2895
f 3749/874/2895 3750/881/2896 3748/880/2894
f 3751/881/2897 3752/874/2898 3753/875/2899
f 3753/875/2899 3754/882/2900 3751/881/2897
f 3755/883/2901 3756/876/2902 3757/872/2903
f 3757/872/2903 3758/879/2904 3755/883/2901
f 3759/884/2905 3760/877/2906 3761/876/2907
f 3761/876/2907 3762/883/2908 3759/884/2905
f 3763/882/2909 3764/875/2910 3760/877/2906
f 3760/877/2906 3759/884/2905 3763/882/2909
f 3765/887/2911 3766/886/2912 3767/885/2913
f 3767/885/2913 3768/890/2914 3769/889/2915
f 3765/887/2911 3767/885/2913 3769/889/2915
f 3765/887/2911 3769/889/2915 3770/888/1315
s 0
f 3771/114/126 1638/115/126 1637/891/126
f 3772/70/77 3773/892/77 3774/69/77
f 3775/893/2916 3776/125/2916 3777/126/2916
f 3777/126/2917 3778/894/2917 3775/893/2917
f 3779/893/1321 1649/896/1321 1648/895/1321
f 1648/895/1321 3780/125/1321 3779/893/1321
f 3781/897/2918 3782/900/2918 3783/899/2918
f 3783/899/2919 3784/898/2919 3781/897/2919
s 1
f 3785/901/2920 3786/904/2921 3787/903/2922
f 3787/903/2922 3788/902/2923 3785/901/2920
f 3789/902/2924 3790/898/2925 3791/905/2925
f 3791/905/2925 3792/141/2926 3789/902/2924
f 3793/140/2927 3794/141/2928 3795/905/2929
f 3795/905/2929 3796/906/2930 3793/140/2927
f 3797/898/2931 3798/902/2932 3799/903/2933
f 3799/903/2933 3800/897/2934 3797/898/2931
f 3801/128/2935 3802/907/2936 3803/894/2937
f 3803/894/2937 3804/126/1321 3805/127/1321
f 3801/128/2935 3803/894/2937 3805/127/1321
f 3806/900/2938 3807/897/2939 3808/903/2940
f 3808/903/2940 3809/904/2941 3806/900/2938
f 3810/908/2942 3811/911/2943 3812/910/1349
f 3812/910/1349 3813/909/2944 3810/908/2942
f 2323/118/1796 3813/909/2944 3812/910/1349
f 3812/910/1349 2324/117/1797 2323/118/1796
s 0
f 3814/912/2945 3815/915/2946 3816/914/2946
f 3816/914/2947 3817/913/2948 3814/912/2948
s 1
f 3818/916/2949 3819/917/2950 3820/915/2951
f 3820/915/2951 3821/912/2952 3818/916/2949
f 3822/918/2953 3823/919/2954 3824/917/2955
f 3824/917/2955 3825/916/2956 3822/918/2953
s 0
f 3826/920/2947 3827/923/2947 3828/922/2947
f 3828/922/2946 3829/921/2946 3826/920/2946
s 1
f 3830/133/2957 3831/130/2958 3832/923/2959
f 3832/923/2959 3833/920/2960 3830/133/2957
f 3834/924/2961 3835/925/2962 3810/908/2942
f 3810/908/2942 3813/909/2944 3834/924/2961
s 0
f 3836/926/2963 3837/929/2963 3838/928/2963
f 3838/928/2964 3839/927/2964 3836/926/2964
s 1
f 3840/930/2965 3841/931/1030 3842/929/2966
f 3842/929/2966 3843/926/2967 3840/930/2965
f 3844/932/2968 3845/933/2969 3846/931/2970
f 3846/931/2970 3847/930/2971 3844/932/2968
s 0
f 3848/934/2972 3849/937/2972 3850/936/2972
f 3850/936/2972 3851/935/2972 3848/934/2972
f 3852/938/1391 3853/939/1391 3854/937/1391
f 3854/937/2973 3855/934/2973 3852/938/2974
s 1
f 3856/940/2975 3857/941/2976 3858/939/2977
f 3858/939/2977 3859/938/2978 3856/940/2975
s 0
f 3860/134/2979 3861/135/2979 3862/943/2979
f 3862/943/2972 3863/942/2972 3860/134/2972
s 1
f 3864/944/1389 3865/137/1383 3866/134/2980
f 3866/134/2980 3867/942/2981 3864/944/1389
f 3868/136/2982 3869/137/2983 3870/944/2984
f 3870/944/2984 3871/945/2985 3868/136/2982
f 3813/909/2944 3872/946/2986 3834/924/2961
s 0
f 3873/112/2987 2319/76/2987 2318/113/2987
f 3874/949/2958 3875/948/2958 3813/909/2944
s 1
f 2318/113/2988 3874/949/2989 3813/909/2989
f 2318/113/2988 3813/909/2989 3876/947/2987
s 0
f 3873/112/2987 2318/113/2987 3876/947/2987
s 1
f 3877/950/2990 3878/951/2991 3872/946/2986
f 3872/946/2986 3813/909/2944 3877/950/2990
f 3813/909/2944 3875/948/2992 3879/952/2993
f 3879/952/2993 3877/950/2990 3813/909/2944
f 3880/918/2994 3881/913/2995 3882/899/2996
f 3882/899/2996 3883/901/2994 3880/918/2994
f 3884/132/2997 3885/921/2998 3886/914/2998
f 3886/914/2998 3887/919/2999 3884/132/2997
f 3888/932/83 3889/927/1412 3890/922/3000
f 3890/922/3000 3891/131/83 3888/932/83
s 0
f 3892/940/3001 3893/935/3001 3894/928/3001
f 3894/928/3002 3895/933/1398 3892/940/1398
f 3896/945/2980 3897/943/2980 3898/936/2980
f 3898/936/3003 3899/941/3003 3896/945/3003
s 1
f 3900/914/1418 3901/915/1421 3902/917/3004
f 3902/917/3004 3903/919/3005 3900/914/1418
f 3904/904/3006 3905/901/3006 3906/899/3007
f 3906/899/3007 3907/900/3007 3904/904/3006
s 0
f 3908/130/1424 3909/131/1424 3910/922/1424
f 3910/922/1421 3911/923/1421 3908/130/1421
s 1
f 3912/931/3008 3913/933/3008 3914/928/3009
f 3914/928/3009 3915/929/1523 3912/931/3008
f 3916/939/3010 3917/941/3010 3918/936/3011
f 3918/936/3011 3919/937/3012 3916/939/3010
f 3920/133/3013 3921/920/1434 3922/921/1433
f 3922/921/1433 3923/132/3014 3920/133/3013
f 3924/913/3015 3925/918/3016 3926/916/3016
f 3926/916/3016 3927/912/3017 3924/913/3015
f 3928/927/3018 3929/932/1439 3930/930/1439
s 0
f 3930/930/1434 3931/926/1434 3928/927/1434
s 1
f 3932/935/1521 3933/940/3019 3934/938/3019
f 3934/938/3019 3935/934/1521 3932/935/1521
s 0
f 3936/943/3020 3937/945/3020 3938/944/3020
f 3938/944/3020 3939/942/3020 3936/943/3020
s 1
f 3940/953/3021 3941/120/3022 2323/118/1796
f 2323/118/1796 2322/119/1795 3940/953/3021
f 3942/954/3023 3943/957/3024 3944/956/3025
f 3944/956/3025 3945/955/3026 3942/954/3023
f 2328/122/1801 2330/123/1803 3946/961/3027
f 2328/122/1801 3946/961/3027 3947/960/2939
f 2328/122/1801 3947/960/2939 2327/118/1800
f 2327/118/1800 2326/121/1799 3948/959/3028
f 2328/122/1801 2327/118/1800 3948/959/3028
f 2328/122/1801 3948/959/3028 3949/958/3029
f 3950/962/3030 3951/965/1818 3952/964/3031
f 3952/964/3031 3953/963/3032 3950/962/3030
f 2330/123/1803 2329/124/1802 3954/966/3033
f 2330/123/1803 3954/966/3033 2265/71/1762
f 2330/123/1803 2265/71/1762 2267/72/79
f 3955/128/3034 3956/129/3035 3957/967/3036
f 3957/967/3036 3958/907/3037 3955/128/3034
s 0
f 3959/906/3038 3960/905/3038 3961/969/3038
f 3961/969/3039 3962/968/3039 3959/906/3040
s 1
f 3963/139/3041 3964/140/3042 3965/906/3043
f 3965/906/3043 3966/968/3044 3963/139/3041
s 0
f 3967/970/3039 3968/973/3039 3969/972/3039
f 3969/972/3045 3970/971/3045 3967/970/3045
f 3971/957/3046 3972/954/3046 3973/973/3047
s 1
f 3973/973/3048 3974/970/3049 3971/957/1794
s 0
f 3975/974/3045 3976/977/3045 3977/976/3045
f 3977/976/3050 3978/975/3050 3975/974/3050
f 3979/143/3051 3980/144/3051 3981/977/3051
f 3981/977/3049 3982/974/3049 3979/143/3049
f 3983/978/3052 3984/981/3052 3985/980/3052
f 3985/980/3053 3986/979/3053 3983/978/3053
f 3987/965/3054 3988/962/3054 3989/981/3054
f 3989/981/3055 3990/978/3055 3987/965/3055
f 3991/982/3053 3992/985/3053 3993/984/3053
f 3993/984/3056 3994/983/3056 3991/982/3056
s 1
f 3995/147/3057 3996/148/3058 3997/985/3059
f 3997/985/3059 3998/982/3060 3995/147/3057
f 3999/138/3061 4000/969/2967 4001/972/3062
f 4001/972/3062 4002/955/3063 3999/138/3061
f 4003/956/3064 4004/971/3065 4005/976/3065
f 4005/976/3065 4006/145/3066 4003/956/3064
f 4007/142/3067 4008/975/3068 4009/980/3068
f 4009/980/3068 4010/963/3069 4007/142/3067
f 4011/964/3070 4012/979/3062 4013/984/3062
f 4013/984/3062 4014/149/3071 4011/964/3070
f 4015/146/3072 4016/983/3073 3779/893/3074
f 3779/893/3074 4017/967/3075 4015/146/3072
f 4018/139/3076 4019/968/3077 4020/969/3078
f 4020/969/3078 4021/138/3079 4018/139/3076
f 4022/954/3080 4023/955/3081 4024/972/3082
f 4024/972/3082 4025/973/3083 4022/954/3080
f 4026/976/3084 4027/977/3085 4028/144/3086
f 4028/144/3086 4029/145/3087 4026/976/3084
f 4030/957/3088 4031/970/3089 4032/971/3090
f 4032/971/3090 4033/956/3091 4030/957/3088
f 4034/143/3092 4035/974/1441 4036/975/3093
f 4036/975/3093 4037/142/3094 4034/143/3092
f 4038/962/3095 4039/963/3096 4040/980/3097
f 4040/980/3097 4041/981/1426 4038/962/3095
f 4042/984/3098 4043/985/3099 4044/148/3100
f 4044/148/3100 4045/149/3101 4042/984/3098
f 4046/965/3102 4047/978/3103 4048/979/3104
f 4048/979/3104 4049/964/3105 4046/965/3102
f 4050/147/3106 4051/982/3107 4052/983/3108
f 4052/983/3108 4053/146/3109 4050/147/3106
f 4054/907/3110 4055/967/3111 4056/893/3112
f 4056/893/3112 4057/894/3113 4054/907/3110
f 2797/336/2058 2798/337/2059 4058/987/3114
f 4058/987/3114 4059/986/3115 2797/336/2058
f 2799/335/2060 2800/335/2061 4060/335/3116
f 4060/335/3116 4061/335/3117 2799/335/2060
s 0
f 4062/337/3118 4063/342/3118 4064/987/3118
s 1
f 4059/986/3115 4058/987/3114 2801/338/2062
f 2801/338/2062 2803/339/2064 4059/986/3115
f 4061/335/3117 4060/335/3116 2804/335/2065
f 2804/335/2065 2806/335/2067 4061/335/3117
f 4065/987/3119 4066/342/3119 4067/338/3119
f 2731/296/2001 2983/444/2233 4068/319/3120
s 0
f 4069/444/3121 4070/309/3121 4071/319/3121
s 1
f 4072/1126/3122 4073/1127/3123 4074/1128/3124
f 4074/1128/3124 4075/1129/3125 4072/1126/3122
f 4076/1130/3126 4077/1131/3127 4078/1132/3128
f 4074/1128/3124 4073/1127/3123 4079/1133/1557
f 4079/1133/1557 4080/1134/1557 4074/1128/3124
f 4081/1135/3129 4078/1132/3128 4077/1131/3127
f 4077/1131/3127 4082/1136/3130 4081/1135/3129
f 4083/1137/3131 4084/1138/3132 4085/1139/3133
f 4085/1139/3133 1955/1002/1563 4083/1137/3131
f 1957/1004/1565 1955/1002/1563 4085/1139/3133
f 4085/1139/3133 4086/1140/3134 1957/1004/1565
f 4087/1141/3135 4083/1137/3131 1955/1002/1563
f 4088/1142/1557 4089/1143/3136 4090/1144/3137
f 4091/1094/3138 4092/1096/3139 1962/1009/1569
f 1962/1009/1569 4093/1145/3140 4094/1092/3141
f 4091/1094/3138 1962/1009/1569 4094/1092/3141
f 4095/1137/3142 4096/1132/3143 4097/1135/3144
f 4097/1135/3144 4098/1138/3145 4095/1137/3142
f 4099/1136/3146 4100/1131/3147 4101/1091/3148
f 4101/1091/3148 4094/1092/3141 4093/1145/3140
f 4099/1136/3146 4101/1091/3148 4093/1145/3140
f 4102/1088/3149 4101/1091/3148 4100/1131/3147
f 4100/1131/3147 4103/1130/3150 4102/1088/3149
f 4104/1146/3151 4105/1140/3152 4106/1139/3153
f 4106/1139/3153 4107/1147/3154 4104/1146/3151
f 4099/1136/3146 4093/1145/3140 4107/1147/3154
f 4107/1147/3154 4097/1135/3144 4099/1136/3146
f 4108/1148/3155 4109/1128/3156 4110/1086/3157
f 4103/1130/3150 4096/1132/3143 4111/1126/3158
f 4111/1126/3158 4108/1148/3155 4103/1130/3150
f 4103/1130/3150 4108/1148/3155 4110/1086/3157
f 4110/1086/3157 4102/1088/3149 4103/1130/3150
f 4112/1127/3159 4111/1126/3158 4113/1141/3160
f 4113/1141/3160 4114/1143/3161 4112/1127/3159
f 4110/1086/3157 4109/1128/3156 4115/1134/1557
f 4112/1127/3159 4114/1143/3161 4116/1142/3162
f 4117/1133/1557 4112/1127/3159 4116/1142/3162
f 4116/1142/3162 4118/1144/3163 1988/1015/1593
f 1988/1015/1593 1987/1014/1557 4119/1087/1557
f 4116/1142/3162 1988/1015/1593 4119/1087/1557
f 4117/1133/1557 4116/1142/3162 4119/1087/1557
s 0
f 4115/1134/1557 4117/1133/1557 4119/1087/1557
s 1
f 4110/1086/3157 4115/1134/1557 4119/1087/1557
f 4118/1144/3163 1993/1016/1596 1988/1015/1593
f 4120/1096/3164 1997/221/332 1996/221/332
f 1996/221/332 4121/1096/3165 4120/1096/3164
f 4120/1096/3164 4121/1096/3165 4122/1094/3166
f 4122/1094/3166 4123/1094/3166 4120/1096/3164
s 0
f 4123/1094/3166 4122/1094/3166 4124/1092/3166
f 4124/1092/3167 4125/1092/3167 4123/1094/3167
f 4126/1135/3168 4127/1135/3168 4128/1132/3168
f 4128/1132/3168 4129/1132/3168 4126/1135/3168
s 1
f 4130/1149/3169 4131/1149/3170 4132/1150/3171
f 4132/1150/3171 4133/1150/3172 4130/1149/3169
f 4133/1150/3172 4132/1150/3171 4134/1151/3173
f 4134/1151/3173 4135/1151/3174 4133/1150/3172
f 4136/1092/3175 4137/1092/3175 4138/1091/3176
f 4138/1091/3176 4139/1091/3177 4136/1092/3175
f 4140/1152/3178 4141/1152/3179 4142/1153/3180
f 4142/1153/3180 4143/1153/3180 4140/1152/3178
f 4139/1091/3177 4138/1091/3176 4144/1088/3181
f 4144/1088/3181 4145/1088/3182 4139/1091/3177
f 4146/1154/3183 4147/1154/3183 4141/1152/3179
f 4141/1152/3179 4140/1152/3178 4146/1154/3183
f 4148/1147/3184 4149/1146/3185 4150/1146/3186
f 4150/1146/3186 4151/1147/3184 4148/1147/3184
s 0
f 4152/1147/3187 4153/1147/3187 4154/1145/3187
f 4154/1145/3187 4155/1145/3187 4152/1147/3187
f 4156/1153/3188 4157/1153/3188 4158/1155/3188
f 4158/1155/3188 4159/1155/3188 4156/1153/3188
s 1
f 4160/1156/3189 4161/1156/3190 4162/1157/3191
f 4162/1157/3191 4163/1157/3191 4160/1156/3189
s 0
f 4164/1158/3192 4165/1158/3192 4166/1154/3192
f 4166/1154/3192 4167/1154/3192 4164/1158/3192
s 1
f 4168/1159/3193 4169/1159/3194 4131/1149/3170
f 4131/1149/3170 4130/1149/3169 4168/1159/3193
f 4145/1088/3182 4144/1088/3181 4170/1086/3195
f 4170/1086/3195 4171/1086/3195 4145/1088/3182
s 0
f 4172/1129/3196 4173/1148/3196 4174/1126/3196
f 4174/1126/3196 4175/1126/3196 4172/1129/3196
s 1
f 4176/1126/3197 4177/1126/3197 4178/1127/3198
f 4178/1127/3198 4179/1127/3199 4176/1126/3197
f 4180/1160/3200 4181/1160/3201 4169/1159/3194
f 4169/1159/3194 4168/1159/3193 4180/1160/3200
f 4182/1161/3202 4183/1161/3202 4181/1160/3201
f 4181/1160/3201 4180/1160/3200 4182/1161/3202
f 4179/1127/3199 4178/1127/3198 4184/1133/3203
f 4184/1133/3203 4185/1133/3203 4179/1127/3199
s 0
f 4186/1162/3204 4187/1162/3204 4188/1163/3204
f 4188/1163/3204 4189/1163/3204 4186/1162/3204
s 1
f 4190/1163/3205 4191/1163/3205 4161/1156/3190
f 4161/1156/3190 4160/1156/3189 4190/1163/3205
s 0
f 4192/1086/3206 4193/1086/3206 4194/1087/3206
s 1
f 4194/1087/3206 4195/1087/3206 4192/1086/3206
s 0
f 4196/1164/3207 4197/1164/3207 4198/1161/3207
f 4198/1161/3207 4199/1161/3207 4196/1164/3207
s 1
f 4096/1132/3143 4095/1137/3142 4113/1141/3160
f 4113/1141/3160 4111/1126/3158 4096/1132/3143
f 3177/544/2410 3180/545/2413 4200/1034/3208
f 3178/51/2411 3177/544/2410 4201/1036/3209
f 3178/51/2411 4201/1036/3209 4202/1035/3210
f 3178/51/2411 4202/1035/3210 4203/54/3211
f 4201/1036/3209 3177/544/2410 3187/551/2420
f 3187/551/2420 3186/552/2419 4201/1036/3209
f 2873/393/2131 2871/389/2129 2958/424/2210
f 2958/424/2210 2959/425/2211 2873/393/2131
f 2081/1037/1646 2083/1038/1647 2377/158/170
f 2081/1037/1646 2377/158/170 2376/159/171
f 2081/1037/1646 2376/159/171 4204/183/1646
f 2300/110/116 2385/168/180 2384/167/179
f 2300/110/116 2384/167/179 2084/175/1648
f 2300/110/116 2084/175/1648 132/109/115
f 2085/1039/1649 4205/191/1649 2299/111/117
f 2299/111/117 131/108/114 2085/1039/1649
s 0
f 2087/486/1650 4206/194/1650 4207/191/1650
f 4207/191/1650 2088/1039/1650 2087/486/1650
s 1
f 2091/201/1651 4208/202/3212 2998/450/2243
f 2998/450/2243 847/451/611 2091/201/1651
f 2093/205/1653 4209/199/3213 4210/203/3214
f 4210/203/3214 2094/204/1653 2093/205/1653
f 2097/1040/1656 4211/200/3215 4212/198/3216
f 4212/198/3216 2098/206/1657 2097/1040/1656
s 0
f 2101/1041/1660 4213/155/1660 4214/64/1660
f 4214/64/1660 2102/65/1660 2101/1041/1660
s 1
f 209/156/167 2373/154/1826 4215/155/3217
f 4215/155/3217 2107/1041/1661 209/156/167
s 0
f 4216/170/3218 4217/158/3218 4218/1038/3218
f 4219/1038/3218 4220/1042/3218 4221/170/3218
s 1
f 2421/173/1844 4222/172/3219 2115/1043/1664
f 2115/1043/1664 260/177/192 2421/173/1844
f 4222/172/3219 2422/171/1845 267/179/199
f 267/179/199 2115/1043/1664 4222/172/3219
f 2423/169/1846 4223/170/3220 2117/1042/1666
f 2117/1042/1666 264/178/196 2423/169/1846
s 0
f 4224/463/3221 4225/460/3221 4226/80/3221
f 4227/80/3222 4228/81/3222 4229/463/3222
f 4230/82/3223 4231/79/3223 4232/200/3223
f 4233/200/3224 4234/1040/3224 4235/82/3224
f 4236/1044/1673 4237/213/1673 4238/214/1673
f 4239/214/3225 4240/1045/3225 4241/1044/3225
s 1
f 2137/87/1674 4242/1080/3226 4243/1087/3227
f 4243/1087/3227 2138/1014/1675 2137/87/1674
f 3079/488/2316 3078/484/2315 2142/485/1678
f 2142/485/1678 2141/1046/737 3079/488/2316
f 2143/498/1679 2145/1047/1681 4244/496/1680
f 2146/1048/1682 4245/495/1683 4244/496/1680
f 4244/496/1680 2145/1047/1681 2146/1048/1682
f 4246/491/1684 4245/495/1683 2146/1048/1682
f 2146/1048/1682 2149/1049/1685 4246/491/1684
f 3084/490/696 4246/491/1684 2149/1049/1685
f 2149/1049/1685 943/492/698 3084/490/696
f 3102/505/2338 3101/488/2337 2151/1046/1686
f 2151/1046/1686 2150/1050/1686 3102/505/2338
f 2152/1051/82 3790/898/2925 3882/899/2995
s 0
f 3882/899/2995 2153/1052/1412 2152/1051/1687
s 1
f 2154/1053/129 3791/905/2925 3790/898/2925
f 3790/898/2925 2152/1051/82 2154/1053/129
s 0
f 2155/1054/1321 3881/913/1321 3886/914/1321
f 3886/914/1321 2156/1055/1321 2155/1054/1321
f 2157/1056/1321 3885/921/2995 3890/922/1321
f 3890/922/1321 2158/1057/1321 2157/1056/1321
f 2159/1058/1412 3889/927/1412 3894/928/1412
f 3894/928/1412 2160/1059/1412 2159/1058/1412
f 2161/1060/1687 3893/935/1688 3898/936/1688
f 3898/936/1688 2162/1061/1688 2161/1060/1687
f 2163/1062/82 3897/943/82 4247/135/82
f 4247/135/82 2164/1063/82 2163/1062/82
s 1
f 3882/899/2996 3881/913/2995 2155/1054/1321
s 0
f 2155/1054/1321 2153/1052/1321 3882/899/2995
f 2156/1055/1321 3886/914/3228 3885/921/2995
f 3885/921/2995 2157/1056/1321 2156/1055/1321
f 2158/1057/1412 3890/922/1412 3889/927/1412
f 3889/927/1321 2159/1058/1321 2158/1057/1321
f 2160/1059/1687 3894/928/1687 3893/935/1687
f 3893/935/1687 2161/1060/1688 2160/1059/1687
f 2162/1061/1688 3898/936/1688 3897/943/1688
s 1
f 3897/943/1688 2163/1062/1688 2162/1061/1688
f 2166/1064/1321 4000/969/2967 3791/905/2925
f 3791/905/2925 2154/1053/129 2166/1064/1321
f 2167/1065/1321 4004/971/3065 4001/972/3062
f 4001/972/3062 2168/1066/1321 2167/1065/1321
f 2169/1067/1321 4008/975/3068 4005/976/3065
f 4005/976/3065 2170/1068/1321 2169/1067/1321
f 2171/1069/1412 4012/979/3062 4009/980/3068
f 4009/980/3068 2172/1070/1321 2171/1069/1412
f 2173/1071/1412 4016/983/3000 4013/984/3062
f 4013/984/3062 2174/1072/1412 2173/1071/1412
f 2168/1066/1321 4001/972/3062 4000/969/2967
f 4000/969/2967 2166/1064/1321 2168/1066/1321
f 2170/1068/1321 4005/976/3065 4004/971/3065
f 4004/971/3065 2167/1065/1321 2170/1068/1321
f 2172/1070/1321 4009/980/3068 4008/975/3068
f 4008/975/3068 2169/1067/1321 2172/1070/1321
f 2174/1072/1412 4013/984/3062 4012/979/3062
f 4012/979/3062 2171/1069/1412 2174/1072/1412
s 0
f 1649/896/1321 3779/893/1321 4016/983/3000
f 4016/983/3000 2173/1071/1412 1649/896/1412
s 1
f 2175/1009/1690 2179/1073/1694 4248/1146/3229
f 2175/1009/1690 4248/1146/3229 4249/1147/3230
f 2175/1009/1690 4249/1147/3230 4250/1145/3231
f 2180/1074/85 4251/1165/1137 4252/1165/1137
f 4252/1165/1137 2181/1074/85 2180/1074/85
f 4135/1151/3174 4134/1151/3173 4253/1166/3232
f 4253/1166/3232 4254/1166/3233 4135/1151/3174
s 0
f 2186/1014/85 4255/1087/85 4256/1087/85
f 4256/1087/85 2187/1014/85 2186/1014/85
s 1
f 4257/217/3234 1973/97/1580 1972/1011/1579
f 1972/1011/1579 1962/1009/1569 1964/220/1571
f 4257/217/3234 1972/1011/1579 1964/220/1571
f 4092/1096/3139 1963/221/1570 1962/1009/1569
f 1977/1003/1584 4258/1167/3235 4259/1168/3236
f 4259/1168/3236 1976/1012/1583 1977/1003/1584
f 2026/1012/1618 4260/1168/3237 4261/1073/3237
f 4261/1073/3237 2027/1012/1619 2026/1012/1618
f 4262/1140/3232 4263/1167/3238 4264/1004/3239
f 4264/1004/3239 4265/1140/3240 4262/1140/3232
f 4258/1167/3235 4105/1140/3152 4104/1146/3151
f 4104/1146/3151 4259/1168/3236 4258/1167/3235
f 4260/1168/3237 4150/1146/3186 4149/1146/3185
f 4149/1146/3185 4261/1073/3237 4260/1168/3237
f 4263/1167/3238 4266/1003/1697 4267/1003/3241
f 4267/1003/3241 4264/1004/3239 4263/1167/3238
f 1961/1008/1568 1960/1007/1567 4268/1169/3242
f 1961/1008/1568 4268/1169/3242 4269/1170/3243
f 4270/1171/3244 4271/1172/3245 1955/1002/1563
f 4269/1170/3243 4270/1171/3244 1955/1002/1563
f 4269/1170/3243 1955/1002/1563 1958/1005/1566
f 1961/1008/1568 4269/1170/3243 1958/1005/1566
f 1955/1002/1563 4271/1172/3245 4272/1173/3246
f 1955/1002/1563 4272/1173/3246 4273/1174/3247
f 4274/1175/3248 4090/1144/3137 4089/1143/3136
f 4273/1174/3247 4274/1175/3248 4089/1143/3136
f 4273/1174/3247 4089/1143/3136 4087/1141/3135
f 1955/1002/1563 4273/1174/3247 4087/1141/3135
f 4275/1007/3249 4276/1169/3250 4277/1169/3251
f 4277/1169/3251 4278/1007/3249 4275/1007/3249
f 4279/1176/3252 4280/1177/3253 4281/1177/3253
f 4281/1177/3253 4282/1176/3251 4279/1176/3252
f 4283/1177/3254 4284/1178/3255 4285/1178/3256
f 4285/1178/3256 4286/1177/3254 4283/1177/3254
f 4284/1178/3255 4287/1179/3257 4288/1179/3257
f 4288/1179/3257 4285/1178/3256 4284/1178/3255
f 4289/1175/3258 4290/1144/3259 4291/1144/3259
f 4291/1144/3259 4292/1175/3260 4289/1175/3258
f 4293/1180/3261 4294/1181/3262 4295/1181/3260
f 4295/1181/3260 4296/1180/3261 4293/1180/3261
f 4297/1179/3263 4298/1182/3264 4299/1182/3265
f 4299/1182/3265 4300/1179/3263 4297/1179/3263
f 4298/1182/3264 4301/1180/3266 4302/1180/3266
f 4302/1180/3266 4299/1182/3265 4298/1182/3264
f 4303/1170/3267 4304/1169/3268 1989/1007/1594
f 1989/1007/1594 1993/1016/1596 4118/1144/3163
f 4118/1144/3163 4305/1175/3269 4306/1174/3270
f 1989/1007/1594 4118/1144/3163 4306/1174/3270
f 4303/1170/3267 1989/1007/1594 4306/1174/3270
f 4306/1174/3270 4307/1173/3271 4308/1172/3272
f 4303/1170/3267 4306/1174/3270 4308/1172/3272
f 4303/1170/3267 4308/1172/3272 4309/1171/3273
f 2076/1001/1641 1967/1000/1574 1966/997/1573
f 1966/997/1573 1981/993/1588 2076/1001/1641
f 4098/1138/3145 4097/1135/3144 4107/1147/3154
f 4107/1147/3154 4106/1139/3153 4098/1138/3145
f 1979/1013/1586 1978/989/1585 1975/992/1582
f 1975/992/1582 1974/93/1581 1979/1013/1586
